Date,RELIANCE,TCS,HDFCBANK,INFY
2019-01-02,-0.00912437145044076,0.006014867279435121,-0.013024058222637303,0.010773695606972167
2019-01-03,-0.007845882116312874,0.00014963431675063532,-0.012337271562390395,-0.012140837192147202
2019-01-04,0.002675363521349672,-0.012105304000480488,0.005399142455152273,-0.012158149360709136
2019-01-07,0.0015112228598590516,0.016110775798942933,0.005552359757581948,0.011215515728887793
2019-01-08,-0.008322809877594928,-0.002456441752892946,-9.063375044326971e-05,-0.002291818375482313
2019-01-09,0.006561986200540826,0.009029461008210227,0.0055221396573386095,-0.0034856302068723144
2019-01-10,-0.003920893728000641,0.00532448056943724,-0.002925885978552145,0.0008479639994587451
2019-01-11,0.0016124396336785196,0.005590860136561959,-0.00853274731474074,-0.024357202275272938
2019-01-14,-0.004853347833969512,0.026920377798237194,-0.0011383659642201227,-0.015902052370436737
2019-01-15,0.00963517725879015,0.035189879184605255,0.029950732431092586,0.030084304061371192
2019-01-16,-0.0008012204079492768,0.014038080491293403,0.005532793097303923,0.0012579876912917065
2019-01-17,0.0057070127539782245,-0.004682567680776684,-0.0012766094220419966,0.01508457884847858
2019-01-18,-0.0009613952830372918,-0.003272745929244758,0.04398613813014762,0.0033524444578829637
2019-01-21,0.0084028091728241,0.019221732936031133,0.04504578841602913,0.004235093103527987
2019-01-22,-0.005725809832906714,0.0004697873660868268,-0.002060435295234475,-0.003562317140936133
2019-01-23,-0.014256698089332276,-0.01838050829520399,-0.007164961353191668,-0.013828738542677854
2019-01-24,-0.0014959823484700374,0.005978187539683599,0.01724693895710483,0.013835826028329556
2019-01-25,-0.0029730163327648107,-0.002254219387103795,-0.0011624520399134974,0.010123144561388742
2019-01-28,-0.005653787241895025,-0.0032860001631914715,-0.013202273368684847,0.01780531913498118
2019-01-29,-0.012738865021934886,-6.883850996586283e-05,-0.015371508256408761,0.014194301103428675
2019-01-30,-0.01112957066647935,-0.0027475170334432253,-0.012348601519744151,-0.0006810671963883852
2019-01-31,0.02223908682296316,0.0325802213756059,0.026302667091545162,0.016503513420615068
2019-02-01,0.005048310780137566,0.010005833979255474,0.018579525779339523,0.007869578372842634
2019-02-04,0.0069123040130534275,-0.0015189580708798722,0.032761373665126436,0.01000019051968315
2019-02-05,0.004347060444163997,-0.0013891649763679847,0.0005034496668885335,-0.0027798405576917595
2019-02-06,0.004067946866904926,0.011194391855799068,0.01447866415667165,0.014795326221426874
2019-02-07,-0.002543822557202202,0.0009169085875107008,-0.015149766061238856,0.0039038358629428505
2019-02-08,0.0025503100935460044,-0.004057625538637866,-0.009841761929281878,-0.010322132426257347
2019-02-11,0.008008944831024545,0.0024971226865737606,-0.019136120761332642,0.002182919826713592
2019-02-12,-0.004650330193610275,-0.01619014970373378,0.002513579583307113,-0.006921880549872528
2019-02-14,-0.00915627443533984,-0.013858401313175395,-0.025628829439812373,-0.0034119447556713034
2019-02-15,-0.004525655781257298,0.0025672783242345343,0.016541479158225014,-0.00728753786673797
2019-02-18,-0.005117479037255901,-0.0012132549454566544,-0.01956689817342383,-0.029265335602432607
2019-02-19,-0.002798982694665164,-0.02260285231414627,-0.0032783296470593193,-0.03324368046940096
2019-02-20,0.011659968868334092,0.022642567043144712,0.015006871786803488,0.00522367248609501
2019-02-21,0.0035809198186498303,-0.009787906534468704,0.01016723480569115,-0.0002872890691906216
2019-02-22,-0.01155540120289833,0.002045094513022594,-0.011668946547535364,0.00598169209312438
2019-02-25,0.016232668854288645,0.027144720864602512,-4.042977181573093e-05,0.03089852957790007
2019-02-26,-0.006939712126111552,-0.016426150779889515,-0.009778608533655309,0.026975308578201407
2019-02-27,-0.00871778782785626,-0.009764178482498553,0.0026635546869506754,0.009516069518591852
2019-02-28,-0.007025750067864545,-0.0012921680824463655,0.006170816760722175,-0.036271488724176404
2019-03-01,0.0027917233965515376,0.010350123518255261,-0.004061740235489553,0.0060247050500985555
2019-03-05,0.011399814869042846,-0.012670375662402034,0.009461377117069292,-0.0036581778312867463
2019-03-06,-0.0013524157639152046,0.0,0.021936982950372164,0.0057842508831782435
2019-03-07,0.010573641009221202,-0.013037410422260698,0.004308756330469787,0.006851599233973493
2019-03-08,0.0007994261245001244,-0.014662209814424454,-0.002479831514087927,0.004668933293614286
2019-03-11,0.00011749749630785011,-0.0015441314404002204,0.029200545814313195,-0.0039056739932972206
2019-03-12,0.01999127909515086,-0.006045886094123598,0.0208956012462318,-0.0011666188361424412
2019-03-13,0.025587020888782508,0.002122064904211962,0.011980432208154035,-0.00593781519847747
2019-03-14,-0.0008082167968300746,-0.00014126065040442892,-0.004267919040548462,-0.006548350203568809
2019-03-15,0.012697970568001704,0.014399706729467221,-0.014833441458887764,0.026441461957840584
2019-03-18,0.003750434956772075,-0.011620536700406747,0.021488196202633425,-0.008406978536165455
2019-03-19,0.0027859658035858104,0.01696692067218164,0.019628896123041084,0.0
2019-03-20,0.01378017400418341,0.023122013085992155,-0.0007991719322442137,-0.0038313937614562477
2019-03-22,-0.009939176855207621,0.005616305557345935,-0.0245010635541989,-0.0046647337145439005
2019-03-25,0.0022626392837028497,-0.01056384549890077,-0.012893648954927284,-0.010670104847270823
2019-03-26,0.013172255916747755,-0.01020073694751511,0.032315409690301555,-0.0008062088119213939
2019-03-27,-0.0051485570297635785,0.002679526737886073,-0.01316505132725665,-0.007439582714827142
2019-03-28,0.0014570056719109825,0.011100405253207546,0.007967258555037215,0.016464269945867693
2019-04-01,0.0039082915063515244,0.023448143316266767,0.023419264489907388,0.01567277749948026
2019-04-02,-0.007332012703769819,0.005694694367090136,-0.0015448785442049306,0.023453966678162352
2019-04-03,-0.0009151014851964678,-0.00803271986940024,-0.010433842699465679,0.0
2019-04-04,-0.003838239545601363,-0.0071683959635591155,-0.01610662227232551,-0.03116464310642275
2019-04-05,0.009479326178115643,0.015242577474909647,0.0006281245187877982,0.016778399768284435
2019-04-08,-0.007026584107168943,0.010470262655730256,-0.01820681237334132,0.010960373111415622
2019-04-09,-0.0009390795022594656,-0.00866745054314888,0.0039120179056959525,0.010020554148444605
2019-04-10,-0.021816305633750033,-0.01038648403921405,-0.0022855463084122674,-0.024503974577274046
2019-04-11,0.00900605321841108,-0.01328544326496972,0.011566897566138268,-0.010170424710818637
2019-04-12,0.0034329935842225545,0.006799681872903474,-0.002747243227995022,-0.0024758619599051235
2019-04-15,0.010396280747774878,-0.02708126917007536,-0.002196429894460339,0.049044637076550046
2019-04-16,0.007099737599876477,-0.004673787387040496,0.002686212890462558,0.00875403669064645
2019-04-18,-0.004945775544471731,-0.009736181632189478,0.03140469614388319,0.008560697071196444
2019-04-22,-0.010877715008943856,0.0055785888794634975,-0.02929394133289076,0.005302159305705878
2019-04-23,-0.010314246405332406,0.0099160539966332,0.01375112249584709,-0.0029609311883579403
2019-04-24,0.015343186184244129,0.011329313155381548,0.01880682776530085,0.013178419409477282
2019-04-25,-0.007150041178098365,-0.010727377354921241,-0.012306440077917924,0.005289822819148027
2019-04-26,0.007731636143977871,0.012970832696742596,0.014864241012207735,0.019840489882838375
2019-04-30,0.01600195098492252,0.018089565409221242,0.0,0.009738703800545423
2019-05-02,0.016548533095215534,-0.027350815674304974,0.008795349248811757,-0.019886651601247585
2019-05-03,0.005157447122154046,-0.009852032369067065,0.002704465557651803,-0.037645328201815875
2019-05-06,-0.01668102307493957,-0.007186216544537549,-0.016999631154416495,0.01212461483364935
2019-05-07,-0.0026197301053954014,0.00856070777885809,-0.02989375781841086,-0.0027340973707440375
2019-05-08,-0.006502225237807524,-0.007176994958153715,-0.0327874831470385,0.0004181860487468825
2019-05-09,-0.007086339441517597,0.0023634211200089794,-0.033090908553178866,0.009150587954621425
2019-05-10,0.0024445916204460794,-0.005825022915378342,-0.00421821040342607,-0.016915626248293236
2019-05-13,-0.0040498578474994495,0.003975904435839173,-0.01526618656892842,-0.003300824197776775
2019-05-14,0.00030616774583025474,-0.00812849183243769,0.023051139071510907,-0.017099337187780672
2019-05-15,-0.0005244386597638151,0.0031520737647385833,-0.0028165376112037066,0.0014577684051928497
2019-05-16,0.010473702015283193,0.023739534038522025,0.006722981074532619,0.006371188366349978
2019-05-17,0.02226628261007746,-0.012549348379510605,0.0016202476613145222,-0.00630723357181362
2019-05-20,0.029740690442330964,-0.002072174967541973,0.046157321642495974,0.023145493157799457
2019-05-21,-0.01177899073129296,-0.018134067866947934,0.010483420996241222,-0.01595180274059038
2019-05-22,0.0008528988937943627,0.0006343970513134067,0.0004478874454341142,-0.013271679861525887
2019-05-23,-0.030614122502086172,-0.012257918846398597,-0.004849293239343688,-0.013306207726927699
2019-05-24,0.017687799395307513,0.01162542558912949,0.0022115789478016623,-0.0029454372004749096
2019-05-27,0.014747233620494571,-0.0015508871806971802,-0.019598477970334205,0.0034912610106017095
2019-05-28,0.003259517142469859,0.028244670259606197,0.009995180648197488,0.009050416580623999
2019-05-29,0.00028960635911867705,-0.00041224472008682955,-0.008082994087996398,0.016298874583351664
2019-05-30,0.009371516749500985,0.007900623583107391,0.012718457866991884,0.01838634257502214
2019-05-31,-0.0058206506943642156,0.005725663543459936,0.00030088269590078376,0.023412497549666123
2019-06-03,0.013090723113908131,0.009352761534439757,0.022591196271704028,0.020828150733068984
2019-06-04,-0.0019535115867695962,-0.012556387471705843,-0.006285766238961044,-0.018523059108485285
2019-06-06,-0.011804959692100714,0.0004081089279830419,-0.01797797398117762,-0.007786666453657998
2019-06-07,0.010027369213217785,0.004758171640444342,-0.009379593461676716,0.007224933083463281
2019-06-10,-0.003043954951633121,0.01948307965238616,0.003232161109515186,0.022802628767456534
2019-06-11,0.003360352716665016,0.001857958029296336,0.007580534333194722,0.009545240680714384
2019-06-12,-0.008719801606306032,-0.0014571928230089348,0.0022570713030891643,0.0035953553558876195
2019-06-13,0.00727215906151768,-0.0008744691207023259,-0.003678168735823273,-0.003007474239691943
2019-06-14,-0.003926733579882602,-0.002962354457279548,-0.007308313820987178,0.00017735289299558588
2019-06-17,-0.005379967116018403,0.00013492450347496465,-0.026754312174617323,-0.0023507499388624176
2019-06-18,-0.0019610016949485054,0.012963534020620449,-0.001013545371863267,0.0007334409804848896
2019-06-19,0.00459200928230441,0.002332995957239792,-0.002849463794216245,0.0040209618647457646
2019-06-20,0.005386572937742917,0.003989825748241804,0.015187521692084704,0.007986825075953607
2019-06-21,-0.005007431508745386,-0.006226067831230142,-0.013302453255707669,-0.012335694141079823
2019-06-24,0.001553383223076077,-0.006264882859902121,-0.013364438069596862,0.011400771389179054
2019-06-25,0.004445762118820307,0.003487456992902649,0.026496963458099154,-0.0033836127082526035
2019-06-26,0.016140339606173004,-0.011897022268807511,-0.0013118071968591938,-0.00599703032041321
2019-06-27,-0.0022690633720499065,-0.011701751390082893,-0.015454052476940539,-0.000732071972550985
2019-06-28,-0.0075336742902873954,0.0019850343649598923,-0.016520817022288692,-0.011253949801235619
2019-07-01,0.017105020023687523,-0.0009565532247929331,0.012568852117131435,0.0055450308243945035
2019-07-02,0.0038017561725143256,0.011896713328736874,0.007605310076454375,0.005603997580998721
2019-07-03,-0.0021441916881899115,-0.011756845508077096,0.0031677650835999493,-0.006416377671890738
2019-07-04,-0.002349785358739198,0.0034187597062385056,0.0011304246578334176,0.0022346701046340733
2019-07-05,-0.004589680732784651,-0.02153194559207383,-0.01608258570778187,-0.035471470367770985
2019-07-08,-0.025400333789552088,-0.0005571741074921199,-0.008944428576410646,0.005686372343282287
2019-07-09,-0.012637117235490991,-0.0029261432972285117,0.022403160864633564,-0.01932981426704794
2019-07-10,0.00403508116634943,0.002445877016948872,-0.0009762584244508155,-0.011789027837238897
2019-07-11,0.007702914168979946,0.005925336428905803,0.002111122308895874,-0.002680072012675727
2019-07-12,-0.005504759652110058,0.007276412146925981,-0.0008191077444773542,0.002402104147854578
2019-07-15,0.0003552457670503717,0.07237714009392748,-0.0034361483838998286,0.018077102346221396
2019-07-16,-0.0014822899735019712,0.007057092614800142,0.013243222429260015,-0.016209612435692744
2019-07-17,0.0026137661881675545,0.011849487199766084,-0.008623297712095357,0.005341881592203501
2019-07-18,0.00602710889817204,-0.0018257896524397355,-0.015602448824441173,-0.024229526768189458
2019-07-19,-0.015029715619465311,-0.009209160871641475,-0.01018343363832186,0.005324173977239388
2019-07-22,-0.03300131500267667,-0.0012733987594413243,0.025220333544325957,0.015865036030501045
2019-07-23,-0.014691500088893195,0.007203119912346789,-0.00542792893946098,0.0012084058209622661
2019-07-24,0.0076871315215647495,-0.004746434120284637,-0.011345983522264236,-0.00740832045584261
2019-07-25,0.002258024072074649,0.010428453427563378,-0.021920490774112067,0.014831947008511648
2019-07-26,-0.0038277439510164823,-0.009439879994006972,-0.014372727738806157,-0.008858359320334075
2019-07-29,-0.01449067065662446,0.005654441514915121,-0.0023479702281355985,0.009933118373206318
2019-07-30,0.0035422400092637307,0.0015794671452202813,-0.024815307110054308,0.02307521672281121
2019-07-31,-0.0002664450076659275,0.0011984294476834467,-0.012405733684051401,0.012183724957182118
2019-08-01,-0.01106093109201356,-0.031248382883226178,0.012004427942833074,-0.011628953300866551
2019-08-02,-0.003352991641883518,0.008779367032773822,0.009497090865406843,0.0115820956903665
2019-08-05,-0.01585125964644063,0.0014184841767979073,-0.03461805812353824,0.019634969915012235
2019-08-06,0.004519741535079946,-0.0028968468060509567,-0.013163135845027263,-0.014987481418132997
2019-08-07,-0.002329592954114612,0.0021303280025291027,-0.016750889788803347,-0.0006545662673724806
2019-08-08,0.02250459246687897,0.016299463202763542,0.03871472523429009,0.020172274166237125
2019-08-09,0.021874930385619606,0.0013947440172823455,0.008460855121664279,-0.005247742767572561
2019-08-13,-0.027015744039043388,-0.03177818260131959,0.09693650767933537,-0.020834950943725783
2019-08-14,0.004098261695305583,0.013141601584726992,0.010590489719040308,0.002250386698698481
2019-08-16,-0.0007846748050712726,-0.0003227746327545411,-0.00795666831142039,-0.017827713838451498
2019-08-19,-0.009359622782626031,0.004002601974510522,0.011424130312591485,-0.0009701483842221581
2019-08-20,0.006230725350523603,0.019417309603316557,-0.012880903311950354,0.01098046759535154
2019-08-21,0.0023642182165986014,0.008451534846669606,-0.003918523873686408,-0.00025173818353785293
2019-08-22,-0.023249552601488865,-0.004690715268176104,-0.0190410553769077,0.013631105989163617
2019-08-23,-0.005243691333913558,0.008169089938269591,0.0233406299932446,0.014304984493828554
2019-08-26,0.043210053110204205,0.00043610911765723515,-0.007093270990199518,0.012724068296179114
2019-08-27,0.0016843308335134921,-0.02230383554955373,0.006354600995204462,-0.017484395699582378
2019-08-28,-0.00550915203790614,0.02274893715552495,-0.009059894297130722,0.0012296547690271442
2019-08-29,-0.009143329910725084,0.005545048771028904,-0.017058466685235474,-0.002590051957721662
2019-08-30,0.00044885578812148275,0.009852031457832755,0.00547601645650686,0.01170808956896896
2019-09-03,-0.007630364300899695,-0.0007976351798333337,-0.03375909706777158,-0.003540252381491138
2019-09-04,0.01664472986253851,0.0086582954558303,-0.004351844354160472,-0.002753818550478515
2019-09-05,-0.005605678518855073,0.015524154104110677,-0.0021228458606493694,-0.013405182329914722
2019-09-06,0.004809400478045456,0.007313736440568874,0.019939991296586523,-0.008034920300009407
2019-09-09,0.0016476030107661632,-0.01315252605173034,-0.00024541772518638094,-0.006666698334622079
2019-09-11,0.00075541785733102,-0.010855226687982111,0.009981989351681486,-0.013216523207769781
2019-09-12,0.008684125289822875,-0.004511474968154849,-0.019483273358811615,-0.009470939349561447
2019-09-13,-0.005901093545085168,0.015801108593769042,0.012599678126210767,0.003913559490874352
2019-09-16,-0.0058914786391938145,-0.001929323532074867,-0.01211650556337096,0.0037585318110313626
2019-09-17,-0.014615788823835185,0.004289040132509525,-0.010984987679329206,-0.012721339527321018
2019-09-18,-0.01067229514840684,-0.0016842518772075543,0.00688966116717471,0.007490815515556193
2019-09-19,0.00655940274725797,-0.011026041389041619,-0.02210318614812079,-0.017114410200648966
2019-09-20,0.08950542393446503,-0.019130036061021927,0.0638647017757592,-0.017364890310672676
2019-09-23,0.04805763035114263,-0.05049695767550322,-0.012077762609133513,-0.02403811192394456
2019-09-24,-0.0027440375433621655,0.03885655437933022,0.031875334842293546,0.014336663645474479
2019-09-25,-0.011245955723784062,-0.0017631565765469093,0.0006648423957544836,0.02139663522233981
2019-09-26,0.0022586178809640423,-0.012742012672142256,0.013481117255149888,-0.0004068002845936114
2019-09-27,0.0013682356688697883,-0.00044715188605259915,0.009446482243512966,-0.015065375311744345
2019-09-30,-0.01346229581418168,0.02997956709759264,0.017722582349749993,0.020985928035857304
2019-10-01,0.017393754879722056,-0.015019009675624084,-0.02052918306427398,-0.018744550219883527
2019-10-03,-0.020219369545277033,-0.0100184828877391,0.004713213140368877,0.00014589835593059597
2019-10-04,-0.027665497453245202,0.009992515364103394,-0.0022502267085456884,0.00927075889503537
2019-10-07,-0.002353433114564263,-0.00491518981478245,0.0015288448209991312,-0.015221158502888188
2019-10-09,0.03475433439709352,-0.007472514859079626,0.011182541995976125,-0.013478659173149943
2019-10-10,-0.0224728604395239,-0.000765928912067948,0.02868460885424806,-0.007746996517353888
2019-10-11,-0.0014575890223730292,0.0405465383145025,-0.007448200048357112,-0.00878052301675003
2019-10-14,0.004671243914487588,-0.03522304971359902,0.0039923173688047875,0.017188014550452158
2019-10-15,0.015484969058097597,-0.022643474028142596,0.004528717409279404,0.008065213247730352
2019-10-16,-0.0015944207182174708,0.004099850849833997,0.006011034114701497,0.004466814851239231
2019-10-17,-0.0009007016058114603,-0.0025276799178343134,0.017597571498149778,0.014764651439058252
2019-10-18,0.007376903884959596,-0.0021444057527502114,0.014214083010463563,0.012998807272093682
2019-10-22,0.008380859581041955,-0.16188046884140295,-0.0015531196193985242,-0.0028920740781176457
2019-10-23,0.0018558546098166318,0.02368044966690408,-0.015380438573615485,0.009115827934695897
2019-10-24,-0.004429877367434054,-0.023440214112385394,0.03163607238526822,0.005748385330041739
2019-10-25,-0.005743792450264906,0.0033055676236606324,-0.003654793850212612,0.02062927495089384
2019-10-27,0.007078969318174533,0.017883653457538617,0.002131100579272349,-0.004353210094584559
2019-10-29,0.003878008755013651,0.002774157867218685,0.02286896037381192,0.037410999792040434
2019-10-30,0.004708489875875577,0.015292349731250043,0.008213979743028732,0.026402527903394812
2019-10-31,-0.014419162284952214,0.037844393431757606,-0.009972450794514032,0.007479567706212942
2019-11-01,0.00788384650507834,0.003354731575369696,-0.005087555920582187,-0.03029089918610206
2019-11-04,-0.002580474716305181,0.030672877743104676,0.0005147846777528997,-0.003157957940623346
2019-11-05,0.002142534722149758,-0.018194718452235636,-0.007100598029829985,0.0036010381413136283
2019-11-06,0.013836187508617037,0.023272684155219325,-0.008567587494097584,-0.006063267008428075
2019-11-07,0.005610174555059189,0.010950418765513614,0.01651696780917522,-0.0014391041634892465
2019-11-08,-0.006409644501284006,-0.016594729178711187,-0.008981347547291518,-0.02535083786486092
2019-11-11,0.007287326055210874,-0.005295549307167136,-0.012244901811708564,-0.013615194525935737
2019-11-13,-0.0056929577212191385,-0.01852660811902329,0.03116685351234838,0.03695946926365723
2019-11-14,0.01300158029691545,0.020177978250664363,-0.006486256667980084,0.008354168857824584
2019-11-15,0.0031398575045336052,-0.001984816975965975,0.005537382719918549,-0.010174177687885644
2019-11-18,-0.012403130796129425,0.0018466808837549475,-0.007920692339137947,-0.010048570918457678
2019-11-19,0.007804891398862646,0.010848238779102015,0.03464228692220783,-0.02034738002665626
2019-11-20,0.0011400336426956592,0.00021015035166560558,0.02510344887417415,-0.00011867531187714775
2019-11-21,0.007853337433091356,0.00035067511435049603,-0.006493646170864564,0.004529294997755784
2019-11-22,-0.014493388181847644,-0.02811069999793847,0.005788245616401344,-0.021906398945890082
2019-11-25,0.005020722415017387,0.007068528203562741,0.009731743397952242,0.004730385156631378
2019-11-26,0.0031075357005654336,-0.010743268096355174,-0.0008325705004780248,-0.016743011023996446
2019-11-27,0.0026273954237188146,0.007457189200642311,0.006152811342117648,0.0037380001051672274
2019-11-28,-0.010247249794897773,0.008767595323785793,0.006656724123096369,0.011220415810334616
2019-11-29,0.0076266615874542865,-0.00783660448890322,-0.018445867083011658,-0.011601214876524879
2019-12-02,-0.007215947319389571,-0.005241356601775382,0.02278959103882916,-0.01568255381406214
2019-12-03,-0.008176932412218507,0.008156382360737569,-0.004790445527601772,0.014819155744431711
2019-12-04,-0.002987071422697829,0.015035392231691924,-0.016593904726418196,0.013408206211005025
2019-12-05,-0.004833666636394507,0.008464573418908605,-0.0011913454787656486,0.02059149231715174
2019-12-06,0.0003614094575672411,0.0003495687724393015,0.002611365046364611,0.001084309871725031
2019-12-09,-0.0024879941740288958,0.0030066514054449822,0.011383372226733801,-0.02973734867519251
2019-12-10,0.005269599609140085,-0.003764453289217262,-0.006772097746139072,-0.023101579828175955
2019-12-11,-0.0006002971780463273,0.009096780459427745,0.0002879926458365656,0.014432210166713588
2019-12-12,0.011892094621553717,-0.026281354566735637,0.0037121754990130373,-0.010284574499296428
2019-12-13,0.00019786620674677735,0.01310387514457223,0.009373921177767697,0.02491449272230417
2019-12-16,-0.005143197731719007,0.0037956426553580336,-0.010297575540262893,0.026795897282553494
2019-12-17,0.010935815798677195,0.021988865742260666,-0.0024893988916845355,0.017961265701764706
2019-12-18,0.016717870859985995,0.0037687548264173643,0.008414918280598371,0.0012936426749612373
2019-12-19,-0.0027469952184372426,-0.0021845289845761062,0.021638969330796343,0.02827809434229489
2019-12-20,0.00612971540992735,0.0009577144854266972,-0.006739225865718845,-0.0027591843256753457
2019-12-23,0.004395694610590306,0.006082863147085282,-0.017322217649985316,0.003958994749831746
2019-12-24,-0.010173404753354598,-0.003532376336427445,-0.015877616199110323,-0.007214371586803603
2019-12-26,-0.014505760056079953,-0.00606780895147585,-0.020078164191384973,-0.006160992552730948
2019-12-27,0.0035814442537880353,0.010974701746552906,0.01778415172236958,-0.0015665709925889448
2019-12-30,0.0056077694868927885,-0.005495541908374535,0.0011993397704446185,-0.006959631621300533
2019-12-31,-0.007838337653231053,-0.0023877830640401942,-0.01952463622242262,-0.009847751097422086
2020-01-01,0.005109741516133193,0.007795846269739393,-0.002939228695998719,0.002729706873324078
2020-01-02,0.0063741596860154015,-0.002917613425764576,0.017024429093664528,-0.004590700630834332
2020-01-03,-0.014260786408008097,0.01538032274285106,0.0012050249540584979,0.019929053172662803
2020-01-06,-0.021641360276915433,-0.009584413566317118,-0.02319224379593232,-9.071994848552922e-05
2020-01-07,0.015834588068491584,-0.014820358777719589,0.015384622374353008,0.002454171476129696
2020-01-08,-0.00261774297086681,-0.013325919527285901,-0.007510254415092232,0.022394722262415456
2020-01-09,0.011214444200029483,0.013018408682037963,0.02303144700362436,-0.018135078086555012
2020-01-10,0.008887670680772786,0.014569613494361144,-0.0002262478733625617,-0.00036153100118729853
2020-01-13,0.0025728425303217506,0.047957678372955836,-0.002552145759523894,-0.010480760312164161
2020-01-14,0.0027214751204900356,0.0027148214374752566,-0.009263467252395796,0.007555580931577044
2020-01-15,-0.00407113319303809,-0.010442788978243578,-0.0036288425091450804,0.009062429124982119
2020-01-16,0.002647309528688524,-0.000716840504653482,0.009220019380502542,0.005344014655831675
2020-01-17,-0.007377682031432853,0.0011082602758565319,0.02802526806621941,-0.008799411704762505
2020-01-20,-0.0181904677206014,0.0007815006366342914,-0.03077175596405679,-0.021968428439017362
2020-01-21,-0.00840702229760859,-0.007742720286326499,0.0010117301217245078,0.00032240996187304916
2020-01-22,-0.0028126701796475917,0.010098320803200389,-0.00035872424387950463,0.01651278049606275
2020-01-23,0.003223487629570254,0.018371754536404827,-0.0042389674288206836,-0.004973024928088932
2020-01-24,-0.00024091229042988438,-0.002039799084680438,-0.0034711989495793683,-0.0034461232179210377
2020-01-27,-0.02518973696228255,-0.005940612028958903,-0.009858412316962717,-0.006480342432140351
2020-01-28,0.008242490761709353,-0.0001286255705078565,-0.023099289106350396,0.006684347683121095
2020-01-29,0.010341867653468784,0.015038802169331511,0.00550389298617282,-0.013348533221975378
2020-01-30,-0.007929579734046954,-0.011396899596450183,-0.024394403963762246,-0.0077743778426160315
2020-01-31,0.00020371595562651557,-0.006084317732912847,-0.02223397187831644,-0.02750405730687444
2020-02-03,-0.027317811195243347,-0.01101857587604993,-0.0185242620445204,0.01127919622177287
2020-02-04,0.03101915129250976,0.026648240778108123,0.029520045928430827,0.002497013643007584
2020-02-05,0.01207523521484255,-0.004188688710258237,0.015493504168075933,0.018408384586125814
2020-02-06,-0.003896530450840263,-0.01682504941793539,0.006420366283860446,-0.00847900370174215
2020-02-07,0.0019356679644924046,0.007713888028127114,-0.01656607717452574,0.003852976182483925
2020-02-10,-0.0015293784670650235,-0.005274598986092727,0.001360222333017802,0.011888343870262164
2020-02-11,0.00024169209403956948,0.0004526291072393107,0.011946245885102735,-0.003954853241232348
2020-02-12,0.006770833712076207,0.009695580961227579,0.012080579017291315,0.008056803695025927
2020-02-13,-0.006084621307442362,0.014339558191550417,0.00261839085280835,0.009766437858987898
2020-02-14,-0.01776243595799576,-0.007320674146483963,0.009123914139822498,-0.003535940271226834
2020-02-17,-0.001804094509227916,0.003814455243622783,-0.006285182125279176,0.008721923999695846
2020-02-18,-0.0032042991101298712,0.010386930504173053,-0.007339819571037021,0.005673718244495252
2020-02-19,0.011498073332855352,0.003510484523626234,0.02480574530855284,-0.008755879413694156
2020-02-20,-0.0082300593971939,-0.004310260295458557,-0.011869804765940462,-0.018007117359786884
2020-02-24,-0.005874754428805584,-0.0014430027290585068,-0.027591888182465607,-0.019217837358195156
2020-02-25,-0.007975336159753432,0.0032042557042641917,-0.019758345652359455,0.01928709469644363
2020-02-26,-0.0008748643358997832,-0.01960158052494898,-0.0172268506879123,-0.015096337958822703
2020-02-27,0.00016678674165770957,-0.006260038803093337,-0.004130723520571422,-0.008522941132502737
2020-02-28,-0.01817489659227267,-0.05933024167463874,-0.0415511080390617,-0.05003587659740505
2020-03-02,0.0016556688189595103,0.012778315209767577,-0.009407850486483738,0.0005752468175226344
2020-03-03,0.0018652162730943278,0.00802929258315821,0.02028635065868567,0.017438344083291257
2020-03-04,-0.027881226159767514,0.015729749662480863,-0.0023456846443560275,0.023082376543985816
2020-03-05,0.002176071292753212,-0.005469645135871892,-0.021310708097427522,0.020089126701345883
2020-03-06,-0.014287700360928413,-0.020739615625338548,-0.03062220583649078,-0.004046960991263782
2020-03-09,-0.024319250073841836,-0.04668757259246781,-0.12340666968093028,-0.06808560329906566
2020-03-11,0.0058701101231961594,-0.026190796694501528,0.03536326300691739,-0.00945575573494073
2020-03-12,-0.08304904257181578,-0.07988345014894893,-0.07849674039816357,-0.09410342968106411
2020-03-13,0.047488527718029916,0.01766484188597528,0.03979303540057266,0.02059497793032694
2020-03-16,-0.06571325535626749,-0.09216169577984679,-0.08106387647049562,-0.060842740748358715
2020-03-17,-0.02441214057384411,-0.04835802915384779,-0.007581026867330198,-0.022636203966095114
2020-03-18,-0.10070766710403667,-0.03721048882293376,-0.039186558761159285,-0.002171120656628389
2020-03-19,0.02126806677887849,0.021055699071583556,-0.052452217042452176,-0.003683501094421282
2020-03-20,-0.014181138274444893,0.07267873702904781,0.10924038921706569,0.0984507819901983
2020-03-23,-0.12606898228981056,-0.10039305302865809,-0.13153880527479178,-0.07107307795266005
2020-03-24,-0.004990011541494921,0.12033463192572769,0.06713415541781198,0.020033576446725432
2020-03-25,0.11599585749765051,0.02780590232008917,0.14718051851831482,0.027683991508439476
2020-03-26,0.05176534581595549,0.060705908103920736,-0.014830226292454785,0.023224397123421614
2020-03-27,0.003717745670812178,0.01508588144124623,-0.0005628536790297511,0.018733345775806542
2020-03-30,-0.0804909270489722,-0.03983483491490303,-0.03298610344222941,-0.025212479374035812
2020-03-31,0.036373520434167306,0.02361566526840031,0.08083863414706483,0.02676427097831291
2020-04-01,-0.037417372675754734,-0.060327285881689785,-0.029899094186232045,-0.06426262551528328
2020-04-03,-0.01904435319917852,-0.0283674626105892,-0.0027765830551657045,-0.031924248559947466
2020-04-07,0.10106304558680868,0.09100227532823935,0.11940221585194966,0.07314724292291142
2020-04-08,-0.008034789784750807,-0.011580821418956,-0.011566138527373648,-0.03929120512802464
2020-04-09,0.04066818911823633,0.007362278086594953,0.023319070372991524,0.0355918984066943
2020-04-13,-0.03210642787542428,0.0018075805850372717,-0.025246766748595162,-0.00390697996937206
2020-04-15,-0.03579600606311373,0.0025884084057579138,-0.03304896076044006,-0.0136992458273828
2020-04-16,0.019054808924559463,-0.02378517889069265,0.015828190401516506,-0.011007462822474667
2020-04-17,0.03472577724847792,0.00785463980524459,0.04790025725533886,0.052533347410099296
2020-04-20,0.03795451588410281,0.0390455293744969,0.016176497635495668,0.006893143829548309
2020-04-21,-0.024554107745249132,-0.030766927420416645,-0.005185738850688848,-0.044538701261192526
2020-04-22,0.007540700499558017,0.013660689105573498,0.1020326994831775,0.01832934168906042
2020-04-23,0.0283761107003766,0.05834698411286099,0.005353489924122545,0.06145813590160443
2020-04-24,-0.01769725608620476,-0.031355768442502985,0.03362755674806328,-0.03178503413548184
2020-04-27,-0.008901534523955368,0.010030681780644368,0.008997952686777166,0.009925597789403273
2020-04-28,0.0018286514182705993,-0.005868284554407022,-0.0011189723547220254,0.012223693670642577
2020-04-29,0.049065878508685046,0.023989594786470336,-0.0008405037596255216,0.02506649587154497
2020-04-30,0.02527884870367636,0.05757168519931999,0.027366218511724272,0.05709332092243047
2020-05-04,-0.07865836706984952,-0.0584208504753162,-0.021009497484865025,-0.041698557064371755
2020-05-05,-0.012513544954728228,0.0,0.017732520445463473,0.001191389143299082
2020-05-06,0.03834553136373797,-0.01157772354430231,6.856137681698904e-05,-0.015082321011069322
2020-05-07,-0.022611972315422335,-0.001426819295938908,0.03162741781371459,-0.006277576030957688
2020-05-08,0.004378306466405357,0.013910962575584884,0.036398170843002786,0.0009251594212800196
2020-05-11,-0.01426198714533189,0.012904113523327654,0.009604259031690932,0.022129673935916694
2020-05-12,-0.015560098239048581,0.006955774099656642,-0.06186587407686217,0.007337389889804147
2020-05-13,0.028950248900593056,0.00945232364759474,0.021216810859704394,7.694003432034968e-05
2020-05-14,-0.03659792629233016,-0.051861941484835805,-0.04042910751233486,-0.024260899431840066
2020-05-15,-0.00621007886274505,-0.008888477809996131,0.016330803385620873,-0.004967509566844885
2020-05-18,-0.057985693596334986,0.017783277655780028,-0.012779256245249115,0.02784099222343639
2020-05-19,-0.00717144546089965,0.007079088715377324,-0.022106612227529965,0.0015675833352521984
2020-05-20,0.03184237588344385,0.0014210577254767376,0.01760248772054429,0.002540345013259948
2020-05-21,0.0028585225676376336,0.0039578476022330555,0.0052660227138177085,0.019246256002997564
2020-05-22,-0.024082408897613372,0.02997615019564881,-0.006730323883590961,0.014639523673966703
2020-05-26,0.01615314332455009,-0.01704328256318366,-0.005238905515314696,-0.0382854599406941
2020-05-27,0.06012439833078198,0.036587939560026594,0.015097731989916596,0.032063751201059976
2020-05-28,0.046035616682958524,0.0027642375147900466,0.01847030333244115,-0.000498590583382752
2020-05-29,0.006770656371498873,-0.009886791209991697,-0.005331843942215642,-0.015940785063325857
2020-06-01,0.0378289685287434,0.01237343164360527,0.038206779128528545,0.03696094088454016
2020-06-02,0.013516913301031108,0.01222190054785921,0.010096337154170465,0.0009290858248696132
2020-06-03,0.021228728333716473,-0.009249942723510651,0.003874410077215451,0.0024496042598662893
2020-06-04,-0.020102734449954474,0.008837652952558672,0.024746270271398085,0.02218802187635882
2020-06-05,0.03159633129978401,-0.005934450437808714,0.0012026901658648281,-0.020702258708202415
2020-06-08,-0.01688680791326136,0.024589603855464714,-0.007713161251093115,0.011472942795401675
2020-06-09,-0.028152388129096595,-0.004508558211166802,-0.020611770606173252,0.00014484867942998747
2020-06-10,0.004608509382930004,-0.002438462274635067,0.022769604981240255,0.017711758813151013
2020-06-11,-0.023441063629670134,-0.016623739976838192,-0.021912801331751997,-0.01949004221536499
2020-06-12,0.014608838404116087,-0.016904660767443236,0.03323151657572243,-0.01361446488131235
2020-06-15,-0.03347764895711902,-0.006502377356408018,0.016207122742960323,-0.004706872515868543
2020-06-16,0.04269114473479774,0.019853125763472868,0.0019510446589743324,0.007832838193157388
2020-06-17,-0.011258170295042502,0.003494091315890957,-0.0014526433020043417,0.000977587161286042
2020-06-18,0.041562421281299056,0.01456697975310628,0.025102770889942505,-0.004736961269980466
2020-06-19,0.013137883715817145,-0.011696467275217337,0.06250385655980817,0.0031894027729939545
2020-06-22,-0.004451527643808961,-0.0026221408608111396,-0.007530934946733847,-0.008143419408803476
2020-06-23,0.013171323226399245,0.024086935799473963,-0.014460426615209965,0.003624438336004898
2020-06-24,-0.009402311313432055,-0.009019521697836264,0.004038473288869637,0.003390219531421268
2020-06-25,-0.0036319320182012227,-0.01911365413808297,-0.005758591286449399,-0.01278047347551392
2020-06-26,0.026925808674058915,0.06809432449590558,0.013825171211645282,0.05096481330412006
2020-06-29,0.018552817415792955,-0.02198615305074969,-0.010622047739034635,-0.008117848381575365
2020-06-30,-0.009479115452630915,0.005739524496312098,-0.011055473769770563,-0.009278417214081736
2020-07-01,0.017591390207057023,-0.005502997930281639,0.019658515538748533,0.004754920600674728
2020-07-02,0.0044258970887134375,0.033747793016549066,0.017215391871903796,0.031117720487245704
2020-07-03,-0.01418222200034025,0.008062363417472795,0.015650340186719847,0.019701765880588473
2020-07-06,0.027049545602122915,0.0017046699116618491,0.03574023585149644,0.028891005135118775
2020-07-07,0.0019492979232493823,0.03946319017701505,-0.015309453949264529,0.00296047563626356
2020-07-08,0.004705224364031535,-0.02449167962359322,-0.013957096630982546,-0.02246792167467815
2020-07-09,0.01314909633187722,0.009035746236726538,0.014599577327068625,-0.006557539684417968
2020-07-10,-0.017645529737650767,0.0001918463679941862,0.02949170939284862,0.008165970203033002
2020-07-13,-0.022486171331462468,0.019441154750975187,0.030323891770022815,-0.0010575786150345268
2020-07-14,-0.019810436610450455,-0.0173138234690563,-0.009302303579601157,-0.021643958333057545
2020-07-15,-0.0053831015742593635,0.0609001010836836,-0.03808038337731179,0.0285227236094725
2020-07-16,0.008925472197018225,0.09633549119881502,-0.0003252766530492668,0.0026244466765996677
2020-07-17,0.033786641918360116,-0.00861694292874371,0.037050959746914414,-0.01521410744388596
2020-07-20,0.031498990632819135,0.0344903546639137,0.004289380154360867,0.0032488911969994483
2020-07-21,0.004854160768539728,0.0026222701624567524,0.02690246140880892,0.007767557244807266
2020-07-22,-0.010715269298368413,-0.020122684442978822,0.016459226012941253,-0.015325767936733792
2020-07-23,0.003595568562437368,-0.010839943088867265,0.026846296203751896,-0.009014050376010996
2020-07-24,-0.009996498717203428,0.016410510043314064,0.04293415382425558,-0.006356225737584986
2020-07-27,-0.03538565751559497,0.02774017459705025,0.004682827529170375,0.022898071498316463
2020-07-28,0.006623529368925851,0.015182802753900049,0.009971190717103173,0.04665124654951458
2020-07-29,-0.020291752351243142,-0.009035682459387129,-0.03721817503350655,-0.014590215332042078
2020-07-30,-0.013103366123475957,0.007650709480301998,0.0058189339286234265,0.0015158233281609146
2020-07-31,-0.016989500041736827,0.0047325140824163725,-0.019797487471025277,0.0008332286230030572
2020-08-03,-0.02982199071784908,-0.009420300684135463,-0.028107076835877653,-0.011944187700922426
2020-08-04,0.03957101814186159,-0.007367716155192383,0.07048276447066937,-0.001974411615545235
2020-08-05,-0.01353626387684781,-0.0054217732801927765,-0.011229376012598213,0.00435641018634203
2020-08-06,0.012797266183964373,0.027680731983067197,0.003597482755903103,0.021509172965992196
2020-08-07,0.0030268490751281796,-0.02054886181557747,0.005787022874474301,-0.005524002023057695
2020-08-10,0.006514533108562315,0.00047305579154710564,-0.012392563283052271,-0.005467580285740237
2020-08-11,0.015228456906575705,-0.00304832706634961,0.006580667258768935,-0.001270314940177042
2020-08-12,-0.0027655687237604365,0.006853274578735746,-0.0029056200849379987,-0.009890908119293162
2020-08-13,-0.004371463936391762,-0.003926832393362223,-0.0026085699980096244,-0.001284575023167367
2020-08-14,-0.023228440265152916,0.002523077498859383,-0.0038877249346278564,-0.005455713287209729
2020-08-17,-0.0016433546112071262,0.004089728279840443,-0.010620654380710248,0.005017220406054568
2020-08-18,0.022996665950780537,0.010496141444129359,0.013005998644369132,0.007255932135606047
2020-08-19,0.009559923197595355,-0.008526658755114824,0.0061361301506404065,-0.005793450307905568
2020-08-20,-0.007125337526004194,-0.004326219224668693,-0.016185335542908463,-0.001662007086392303
2020-08-21,0.025165267453643336,-0.006648120630964316,-0.007248336898169838,-0.0018866156403909429
2020-08-24,0.028922781570978717,-0.001475413638003964,0.006676861005683321,-0.00022232314513848106
2020-08-25,0.002372083712864903,-0.009816352618830626,-0.006513239300382501,-0.002424283782220593
2020-08-26,-0.001116131419669264,0.013537898586105213,0.026511708914648047,0.004838233577175055
2020-08-27,-0.005677578267200167,-0.0039440457306471055,-0.012492410902101292,-0.0022633475036678563
2020-08-28,0.002158052611890282,-0.012459633445565221,0.0026295171108348114,-0.004380925985536188
2020-08-31,0.0012114206578444087,-0.007110498888085348,-0.016752078361851108,0.008353700944609299
2020-09-01,0.010261170542426257,-0.015560859808121719,0.0031481041926613162,-0.004828913215366382
2020-09-02,0.00607647155596025,0.010774939849622855,0.019618967073791405,0.008369103624250362
2020-09-03,-0.002865627110755109,0.012499845472589532,-0.007565066995310343,0.015164497377058384
2020-09-04,-0.010257266423170486,-0.017529579006362317,-0.0165000852727466,-0.00465318004772397
2020-09-07,-0.007862112624112738,0.006418801851609812,0.002599545565531436,0.01671156512168337
2020-09-08,0.0017560166287149404,0.015404597379841123,0.011739819250772499,0.009089250310219343
2020-09-09,-0.014337694884214103,-0.012296314500237271,0.02574627325722645,-0.008751586881116324
2020-09-10,-0.005426284245287238,0.01325784857097001,0.07062724629651651,0.0015034693784941044
2020-09-11,-0.01091213343630515,0.006010260321860139,0.0024847086351336145,0.018424808872178566
2020-09-14,-0.01919062819313111,0.034577575220722245,-0.007414412727982378,0.04940794226716183
2020-09-15,0.0118626568211877,0.004139484156699957,0.007079049621277145,0.0
2020-09-16,0.021625416205620418,0.019644726104193877,0.0024580336497050936,0.004656040503693948
2020-09-17,-0.009189459525769661,0.009233888160382397,-0.011098769236791095,-0.01679981404990505
2020-09-18,-0.024270876434968613,-0.008753890837648326,0.0030232840301276376,-0.004490072514733545
2020-09-21,-0.007566429936899044,0.007733548168878279,-0.021620242901460363,0.006285801689224435
2020-09-22,-0.01324695598452208,-0.0023765634167166594,-0.019815199832016517,0.02338475740190127
2020-09-23,0.011444881161064124,0.012158813696642179,0.00888670517760981,-0.02199811798814355
2020-09-24,-0.0160897482164567,-0.043490995073978245,-0.022234039549011264,-0.054793458635384984
2020-09-25,0.013198634921568253,0.036959202186045204,0.009398442068170754,0.038610825734910925
2020-09-28,0.00977005605709147,-0.00103808819945983,0.006608516789289753,0.001651275793397522
2020-09-29,0.007920779127740474,-0.0013856021661391438,0.012994819600717467,0.025594502579420864
2020-09-30,0.015105272787797164,-0.0007434904476930626,-0.0047658919274288225,0.0015672104888559968
2020-10-01,0.026283998185476998,0.009323308124351781,-0.004072829088114349,0.012498780686067246
2020-10-05,0.006684972004103784,0.030511432619940715,-0.005864528774355393,0.07226203946524778
2020-10-06,0.02669717137525862,0.006722568456571709,-0.0008362908868450036,0.0031413873183501195
2020-10-07,0.015864041745687896,0.010229785857916562,0.021331635154565598,0.00797650586030585
2020-10-08,0.02542491004028191,0.02545583852961597,-0.008084307385183842,0.03280369078162537
2020-10-09,0.03503101922792018,0.011977668937448449,-0.0025901347413483933,-0.004512336115193971
2020-10-12,-0.01613226600514306,0.02285876916365459,0.0016118281086332509,0.006061435098924761
2020-10-13,-0.01252433091962113,0.022701004350128562,0.019512387084630767,-0.00121916238498454
2020-10-14,0.010889132353624431,-0.017964905093962202,0.002981462592843931,-0.001758361609546455
2020-10-15,-0.03487403177776305,-0.02528597033919644,-0.03540986936589774,-0.024559011348762927
2020-10-16,0.025742795358157933,0.01736966114699423,-0.013913447595910178,0.008283099808189975
2020-10-19,0.003502014974955614,-0.001418957218719541,0.0001838028771985467,-0.018727579482857304
2020-10-20,0.016949753289042135,0.010302836034095986,-0.009327998276986826,0.010123209672144418
2020-10-21,0.01858733789135858,0.009538454335207502,-0.014518343621756968,-0.023220000278353914
2020-10-22,-0.010748157435096717,-0.01680656781967549,-0.008307562007672242,-0.0015889730801251778
2020-10-23,0.0020270651549192387,0.0048787188104424395,0.0028953076581428316,0.005859223018297222
2020-10-26,-0.02014892639383592,-0.008953301743884534,-0.03972935975395919,0.0005209204986256211
2020-10-27,0.01833329572744624,-0.019416454332242372,0.0026612985613849727,-0.021594317118265205
2020-10-28,-0.01905769535070534,-0.013109087589020962,-0.011329574032919898,-0.0030225156788372676
2020-10-29,-0.018518362645426167,-0.0015791581013547829,0.0076810712209745,0.003985113893822945
2020-10-30,-0.0030744272805838246,-0.013257720038024279,0.01361672697950711,0.012230884809989684
2020-11-02,0.026783758132541635,0.011031684862795155,-0.08617658643996995,-0.022608834388959442
2020-11-03,0.026908161287134247,-0.00909261136260242,-0.01440791648174844,0.01113425784968225
2020-11-04,0.007572207994218427,0.029551322130709323,0.03393865881835678,0.0074228776054585666
2020-11-05,0.009384619232150504,0.009186903315215211,0.021848216133217635,0.012268526359958898
2020-11-06,0.03029470686451141,0.007925743452546374,0.03792841095228283,0.008098296420545825
2020-11-09,0.02515946294651661,0.021388554746483157,0.01062005525589016,0.007073239539392651
2020-11-10,0.039610624400156835,-0.040033427174165026,0.016506741032059402,-0.028240173837809635
2020-11-11,-0.0026547814919154478,0.028825403934585436,-0.04190367399019512,0.014416905675975311
2020-11-12,-0.013130009973121859,-0.004231561386176197,-0.008612050508339353,-0.0062316406260110035
2020-11-13,-0.009404342473505412,0.005770432222915289,0.008282904314463435,-0.005315864149559646
2020-11-14,0.008021786753979132,0.008227993618560747,0.0029553057788429538,0.005080877315884136
2020-11-17,0.028290729754420152,-0.0086018192998909,-0.004519828476028609,-0.0016103175359870603
2020-11-18,0.00017742546048959973,-0.011702493596255747,-0.003035206436244886,-0.014778407898377366
2020-11-19,-0.024384033919120807,-0.012426293022153256,-0.00707013452059424,0.0039023018782258223
2020-11-20,0.021319131206909203,0.006017722544378046,-0.03732622449887324,0.008855027884326239
2020-11-23,-0.006447446211371277,0.03308097166729662,0.026954482749041775,0.024057780679512142
2020-11-24,0.031263457544116635,0.00017560565551200114,0.00684373940132299,-0.0008074094138728061
2020-11-25,-0.02461392988781086,-0.02140249193401844,-0.008273819897973822,-0.007622665680023677
2020-11-26,0.017001485388292048,-0.002196168242931118,0.0024643682482115015,0.00714424258430868
2020-11-27,0.009953520187263365,-0.01185753321729266,-0.011676766005556338,-0.015051771146149084
2020-12-01,-0.005240102022060045,0.03440903102495518,0.01300657523674853,0.01759594678704257
2020-12-02,-0.018384187316810685,0.0026806363039557635,0.0016624679206833637,0.008343078489837508
2020-12-03,-0.02114493371466275,-0.012665633368266427,0.0030131027210795747,-0.014584324242270963
2020-12-04,0.006099443414909755,0.007279692708372698,-0.008808328826548362,0.006680335634259071
2020-12-07,-0.009634892211462964,0.007799514214570813,0.005881510597000927,0.003721116612465769
2020-12-08,0.0029512618231499754,0.008613953733156654,0.018154388292917822,0.021770399363344017
2020-12-09,0.022451386932180295,0.018944920817362876,0.01665208012934194,0.004825970717311501
2020-12-10,-0.015171859483518069,-0.006339428633728605,-0.009842380723333877,-0.009428088931847878
2020-12-11,-0.002200652570115591,-0.00389647617293587,-0.0005977851967915448,-0.0002515394172359908
2020-12-14,-0.00770184286141673,0.0011608135338878611,-0.0072291857158436335,0.005065441193890408
2020-12-15,0.013956116504817873,-0.008544100432340218,-0.008511902806399796,-0.012921325796970695
2020-12-16,0.01394382195037136,0.009613588333771572,0.0011142335132914294,0.01906540933595169
2020-12-17,0.022045877614381704,-0.005576073303854123,0.004578711609543262,0.008528313677099941
2020-12-18,-0.02111956176044527,0.026397521193276985,0.002996530825110977,0.00803335733964805
2020-12-21,-0.02742060453646622,-0.010505874940649251,-0.026035027434462066,-0.014278204655012394
2020-12-22,0.00032795809422259126,0.03669419723780343,-0.0015464885134105488,0.018562585580232716
2020-12-23,0.0018571003254665985,0.026669161628173343,0.003691813469485883,0.012619919750949338
2020-12-24,0.015592517540235606,-0.013566685412916168,0.02587643966991804,0.00020605258913586333
2020-12-28,0.011273593891036882,0.0034383459770988,0.0045884539658780366,0.0068915843423111856
2020-12-29,0.010156553016799963,0.008062359467151392,-0.006614053826252353,0.00037567013901118607
2020-12-30,0.003713647231416095,-0.002798935568252947,0.0027385468649532285,-0.00723408554352678
2020-12-31,0.002652777148006269,0.007218337957193954,-0.005111502127712719,-0.016000772790135787
2021-01-01,-0.007832740970314833,0.0037026125878227845,0.0011082235749020342,0.022880213119301773
2021-01-04,-0.006350534491261328,0.02205572375311382,0.0016854525385208152,0.03797487599680749
2021-01-05,0.0075563953674107065,0.0043083539721915365,-0.01243193063449366,0.017618483253958983
2021-01-06,-0.004310604924599004,-0.00904328444734448,-0.02637196788676799,-0.013417374584724362
2021-01-07,-0.003026921218124423,-0.015560505699130367,-0.0016193660683565536,-0.006128207059465485
2021-01-08,0.010873726471707368,0.03957526285142987,0.011799082798327198,0.02904896205867069
2021-01-11,0.013830159096386074,0.048853040026766825,-0.01884982559941739,0.0177992699408831
2021-01-12,0.02035893222112728,-0.0032333858729142184,0.03151935649021076,-0.0005037791760060806
2021-01-13,-0.006988489199117098,0.011226393837507231,-0.009325288741423021,-0.005007990822057717
2021-01-14,-0.0012918931992891292,-0.012002841391874575,0.011244096871706466,0.031002682680538296
2021-01-15,-0.0014298352341937104,-0.01864303422773106,-0.011807625682159095,-0.005337215731813116
2021-01-18,0.011215959616605264,-0.02446176336465855,0.024000526354147844,-0.003587514895011079
2021-01-19,0.013990991471669378,0.0035058279157624828,0.016356353051561356,0.012089595031409717
2021-01-20,-0.007879752847922972,0.017316770037190343,0.01899415428916873,0.014751550149904702
2021-01-21,-0.01152812257597513,0.0001866545418862664,0.021754995708315406,-0.010562955582908984
2021-01-22,-0.02118931667016355,0.0008583678548739204,-0.023720994975853227,0.008934736822103106
2021-01-25,0.013369837594961353,-0.01174613109137701,-0.05298599187010289,-0.0035723798735979306
2021-01-27,-0.03640156614984991,-0.01818749567683242,-0.02369906828307311,-0.009191135520898563
2021-01-28,-0.027064426401859243,-0.01906212462442458,-0.009736049658797152,-0.01977881223567246
2021-01-29,0.013890412022206311,-0.02910992691415759,-0.018438231322526977,-0.026653771007286275
2021-02-01,0.06202810110614676,0.017634465978618508,0.028963863243748333,0.008999167725605828
2021-02-02,0.05674621058338225,0.008208434408296661,0.016092507665187217,0.02041834581373747
2021-02-03,0.009131437366036499,0.01054089094722066,0.0025184522356251904,-0.0010614096991155009
2021-02-04,0.0027303554838873367,-0.004125810282456177,-0.0032890292113817443,-0.0036249339005870462
2021-02-05,0.011715587100293634,-0.0056667258102233165,-0.00028596091401167367,-0.009565574211005012
2021-02-08,0.0047884843401178045,0.02472275292714987,0.014399045815253864,0.017780232401680474
2021-02-09,0.004111498185107365,0.0015342539779126252,0.0024084390002949707,-0.011574175283413868
2021-02-10,-0.01867420903625938,-0.006931962256732538,0.009278383360951103,0.01145802390371653
2021-02-11,-0.005942860606846789,-0.0029695765200995483,0.041229802001198745,-0.002271971604114631
2021-02-12,0.00610551761288014,0.013267356450344492,-0.0068589025114277336,-0.0047409700758153095
2021-02-15,0.021903474323133665,-0.00011444322155196307,-0.004408362504510599,-0.0159677280513697
2021-02-16,0.006216783425843753,-0.014698478535629,0.01323430961705796,-0.009889032533804354
2021-02-17,-0.024682675089049644,-0.007052031581495477,0.011531914053681591,-0.011483623066729343
2021-02-18,-0.020296227373505782,0.008701864157977912,-0.007464284078164685,-0.005125117167999349
2021-02-19,-0.009779421159957002,-0.0008896412477680249,0.006093751830937855,0.004742657034316089
2021-02-22,0.005782563649272765,-0.02021236600679166,-0.03470665600489076,-0.03691575126480373
2021-02-23,-0.012176994769442007,0.0009091312617850456,0.007644148168188369,0.007351990694381305
2021-02-24,0.05055096149405203,0.006277874685597151,0.018557439786443197,-0.010771138719682383
2021-02-25,-3.10472626783298e-05,0.00019619744753929247,0.040441556334621875,0.01601012055987905
2021-02-26,-0.04482080279321721,-0.016672750169313577,-0.027304436199559134,-0.03371943744254846
2021-03-01,0.015967327553971122,0.010931287014106728,0.007623079403210387,0.010330754562873024
2021-03-02,0.005965649893732827,0.029597649226333456,0.0020459130191070596,0.02809310822908473
2021-03-03,0.011892595016664842,0.0299347978578397,0.04563161919096159,0.017546295539301093
2021-03-04,-0.021930211407881206,-0.00982493259195194,-0.011920456206297003,-0.003072928208796455
2021-03-05,-0.014206954483206635,-0.010260341695218056,0.0013097895384983627,-0.013657069135355249
2021-03-08,-0.0068628069523141155,0.014467916515761736,0.005691478493754953,-0.0003657990280566681
2021-03-09,0.028298756594459906,0.007336855785392782,-2.291475569582424e-05,0.014632697405644768
2021-03-10,-0.0043199980732190335,0.016795918358934347,-0.0041531949799192835,0.006555610496404629
2021-03-12,-0.0024426182289435383,0.004897163419594008,-0.020325736154393592,-0.004233389816513888
2021-03-15,-0.015013303037115011,-0.0009091417052771167,-0.013426408996824346,0.002681468432963463
2021-03-16,-0.010793682964712614,0.007571196442661687,-0.003935647127044639,0.014317658342634987
2021-03-17,-0.011110125302017715,0.0021676551782108255,-0.02154146050132022,0.0009325477655020009
2021-03-18,-0.002909121873366227,-0.035976828114187454,-0.02250217954642386,-0.02455865691920378
2021-03-19,0.0043595590307250465,0.005496956269823272,0.03628480679657242,0.004511720100490946
2021-03-22,-0.018931457956524067,0.01959917133664768,-0.009414105900771408,0.02604751242687131
2021-03-23,0.021100621587466506,0.0005469549771186522,0.012170330719268652,0.004137749026549065
2021-03-24,-0.014231972535534432,-0.01297789809309402,-0.019257517084326548,-0.0068413777598398395
2021-03-25,-0.010447781225646824,-0.014736933969579313,-0.027279791671310116,-0.01802246154013165
2021-03-26,0.01910006555981769,0.0017993909849556289,0.0016068790890571005,0.0006362134777579964
2021-03-30,0.041842776337635446,0.03674612535878041,0.017371505079196048,0.029917343023058374
2021-03-31,-0.03864969602839918,-0.012452193187569294,-0.012910904471074236,0.006110090124928469
2021-04-01,-0.004619563552671235,0.012536023405280039,0.00936048595984218,-0.0040435286717976915
2021-04-05,-0.02498742207494331,0.017831147668658787,-0.01446689789505029,0.023348984438953613
2021-04-06,-0.006450134768253513,0.000816022644456682,-0.004165422273136654,0.007965750846981035
2021-04-07,0.004825652196361663,0.013571271828643816,0.009348365826854943,0.002052282895691704
2021-04-08,-0.00995021464119672,0.006747232186287588,0.0012482519230863076,0.014046133535472682
2021-04-09,-0.007712184928372223,0.0008335261053054044,-0.01161891156810535,0.001477046753724398
2021-04-12,-0.03847374102271517,-0.01061733196834147,-0.0357710198893898,-0.022785766496823734
2021-04-13,0.024359167742969534,-0.020059590066636823,0.010804996884061113,-0.04389286056768393
2021-04-15,0.021244403827278324,-0.026053072035748692,0.006470668285001535,0.037016306171293145
2021-04-16,-0.0010137412450029748,-0.005144111551404151,-0.006274819582061775,-0.007393745483359138
2021-04-19,-0.011374462563883192,0.006500467801778154,-0.015734305075275512,-0.010437579179079948
2021-04-20,-0.014868171730335389,-0.008220009802421324,-0.00028900545528764976,-0.005456010100579833
2021-04-22,0.02235148740223325,-0.00018490826364392365,0.002761461993115333,-0.008188594505597613
2021-04-23,-0.005869961552159575,-0.012804443052757963,-0.001075290834785525,-0.0029819600632670085
2021-04-26,-0.0066117360981433615,0.007310155830086762,0.017591225444074654,-0.0027979591608890964
2021-04-27,0.02413164074240015,0.0036841304039323397,0.026214612315562213,0.010061936142146566
2021-04-28,0.026482157708165976,0.00556164478503085,0.004349684263593501,-0.002522480822247042
2021-04-29,-0.0029118031528214683,0.0002581065552622608,0.013393133039631966,-0.0028327994905832377
2021-04-30,-0.040882715725762186,-0.0014745286246975464,-0.014599476055390914,-0.02555175470401072
2021-05-03,0.001522210299361948,-0.001698165907102811,-0.017773899695866513,0.0004449949549245602
2021-05-04,-0.018452334960776584,-0.016752403126756632,-0.02166867976971265,0.004198046240052378
2021-05-05,0.010264122625497363,0.009101938139864707,0.0018262515139457758,0.015066797605223226
2021-05-06,-0.001212057950538692,0.014983140968789499,0.0056766965839150085,0.005087791131425323
2021-05-07,0.009886428201338893,-0.0066464058712180085,0.0003883465908627315,0.006893713299074733
2021-05-10,0.0036048553134129246,-0.00961151540558225,-0.002872969723930141,0.004021938847558859
2021-05-11,-0.011479996939272596,-0.006644115210763135,0.0036082330860012224,-0.007280240798184789
2021-05-12,-0.002885630558851493,-0.0027428868454189015,-0.010345922234499705,-0.011208388672502956
2021-05-14,-0.009038972701943315,-0.007987963768837147,0.01262324696181083,-0.011692264849331058
2021-05-17,0.038504467967600986,0.009875249253950225,0.011897872443317858,0.005980687928826889
2021-05-18,0.025308186991696013,0.007973440085347505,0.014079195664441047,0.0062058698599369855
2021-05-19,-0.01252781546823234,-0.0022387285131364454,0.004577575702257475,-0.0022015242082245035
2021-05-20,-0.017418797976907263,0.001720410123039251,-0.005833600698834984,-0.0071381874329513595
2021-05-21,0.04501670883452635,0.011349100142620472,0.008638013360658947,0.0066993158554893295
2021-05-24,0.00844848279523469,-0.004761934011664137,-0.008439280582435482,0.00032455958616495195
2021-05-25,-0.020530384774862798,0.010051560575317975,-0.011331174175137515,0.01549007827820037
2021-05-26,-0.0012846429656342417,0.02618243759326,0.0035146754275168224,0.014290221590114838
2021-05-27,0.003791439006981978,0.0035785651302528976,0.003070950049250065,0.006806966375722867
2021-05-28,0.014028613542116153,0.001996945545508,0.060067922842582666,-0.011446318829656854
2021-05-31,0.008247795967344151,0.0026616957992577905,0.03126779339335739,0.004946227219274402
2021-06-01,-0.00273791311217475,-0.004699590771612416,0.0039810813272880274,-0.0019464973065288493
2021-06-02,-0.005093406253796506,-0.00616355326051754,0.014915224531456328,-0.007469054538885356
2021-06-03,0.011004092483494654,0.007978775539609906,0.003816151580578353,0.0037703579724970293
2021-06-04,-0.01289019445773254,-0.0028783618895681373,-0.008666549298133708,0.0007959689675041126
2021-06-07,-0.0007327671146071246,0.0028866707727079888,0.0168454220370291,0.012548848059633633
2021-06-08,-0.011201238454471962,0.01676689977610435,-0.005746645060846767,0.005324448775513968
2021-06-09,-0.0018542892583486292,0.0016631771985688992,-0.01788132748839688,3.160857051698329e-05
2021-06-10,0.0005067022252063236,0.00635920770743037,0.003678214157804227,0.00517137867045081
2021-06-11,0.0035784472064390727,0.015867293374300928,0.01734565759825757,0.01771949138897866
2021-06-14,-0.00464216574052545,0.010297866538655942,0.014346090788146304,0.0007789370426056763
2021-06-15,0.007300094142214775,0.008277391967886016,0.0022716321620614988,-0.004151041214583984
2021-06-16,-0.0037914107479546377,0.004545855620498029,-0.01706656088113845,0.003555247755586688
2021-06-17,-0.012461238218896997,0.009928384873764573,0.0018312889913891794,0.013254646355525201
2021-06-18,0.009344528389294782,0.005350075588223646,0.0045132773526626035,-0.006163692334348658
2021-06-21,0.00601420099028438,-0.001995590318485063,0.005212018899429349,-0.007339492142179549
2021-06-22,-0.0032912560784741363,0.007698403837570922,-0.005140326358830438,0.008585169909526291
2021-06-23,0.0011455551651822216,-0.005754465434143485,-0.009165311659649067,-0.012056069383325152
2021-06-24,0.013968387657395498,0.03728825996151519,-0.023511100681711028,0.03440226120933687
2021-06-25,0.005875649385846504,0.009620401424011549,-0.022776895936586716,0.002134231110719309
2021-06-28,-0.0044552341515780025,-0.001524621393675929,-0.008767122973332264,-0.01302948877565957
2021-06-29,0.00013329136364248484,-0.00556675396040196,0.0008629051487252237,0.0012288995902811628
2021-06-30,-0.0027629496659787867,0.011355920778703732,0.010944609083243018,0.0014667974825119945
2021-07-01,-0.0074438209586766835,-0.012904871870305645,-0.006017075231267155,-0.001270364847231198
2021-07-02,-0.004271012320719136,0.004742409832056094,0.014823935277931355,-0.004803321458535681
2021-07-05,0.010166143574565911,0.007111801481371582,0.009933976991147508,-0.0013382071265720663
2021-07-06,0.026246266242542227,-0.010608271144688874,-0.011812799376551886,-0.017675321632949603
2021-07-07,0.0031275923041078624,0.0015364205703671807,-0.006941828036601594,0.003877576971440533
2021-07-08,-0.012374090237260993,-0.0024609375376756226,-0.008269990403202754,-0.005023126144323875
2021-07-09,-0.012134566432189464,0.0013777874816209845,-0.010226498332484901,-0.015451979933621574
2021-07-12,-0.009986626914494368,-0.009629750370656942,0.006228310462064179,-0.004691040366172294
2021-07-13,0.009986485111574073,-0.0018734540215410433,0.007485264172599759,-0.0017379816147857774
2021-07-14,-0.0017977245455362834,0.02068041732357284,-0.00652484589304736,0.008470330735925957
2021-07-15,0.014374828163898457,0.0024730607587186704,-0.0017496673516406158,-0.0014342402726449377
2021-07-16,0.0010849258011000895,-0.016036236808008586,0.014430794317892515,-0.002544477997148964
2021-07-19,-0.03373069709899412,-0.008839947212559762,-0.006367188440113414,-0.003192660170340811
2021-07-20,-0.01893272210602992,0.005416320039921763,-0.0024536830105362784,0.006657330003585926
2021-07-22,0.0038457284049679963,0.025902248192795296,0.012847502329409899,0.003290780429805018
2021-07-23,-0.004107004264318648,0.00015726892122813751,-0.007073025435996638,-0.001088384560029465
2021-07-26,-0.0056836496035622686,0.008456770311261907,-0.013700947010476638,-0.004762214171230794
2021-07-27,0.003624758994942967,-0.000841724346865691,-0.010520808810065674,-0.004565854829775007
2021-07-28,-0.015592952711593888,0.001903243852422687,-0.008588724148415494,0.004665726336072318
2021-07-29,0.0006702702330754207,0.007100045899355756,0.007804243220231211,-0.0006255663643641718
2021-07-30,0.005781743764726732,-0.004019779135699841,-0.00874225320248001,-0.008871016594012127
2021-08-02,-0.0026638831971960153,0.01307064943096381,0.018277409078090168,0.016400984342888503
2021-08-03,0.008470037994889434,0.014495213961052356,0.007358231378568503,0.02034578088083694
2021-08-04,0.021328586452320053,-0.0035948186142858995,0.007663773901868343,-0.0033336873259857125
2021-08-05,0.01334187943170484,0.0026075424087477206,0.014497922054835133,0.0030545757779316673
2021-08-06,0.005253212608367086,-0.0020260680060620873,-0.021178383771330078,0.0078714078907558
2021-08-09,0.007536886849379476,0.007938498500495772,-0.005696464454967187,0.0038975092867670202
2021-08-10,0.0024935023712291393,0.008386842902041947,0.005247536645187845,0.0033709575441607242
2021-08-11,-0.008423779520146724,0.0001788788345773451,0.014008330079496423,0.0030892305981975454
2021-08-12,0.004314538657928191,0.007183149961482949,-0.0032116100212268295,0.0022578156664205817
2021-08-13,0.01651795524119004,0.013375821622584327,0.016654800343875564,0.03331094042402816
2021-08-16,0.002882933785347319,-0.004555434508538125,0.012979722852011877,0.002757382727031521
2021-08-17,-0.01042067693025861,0.021855333775325114,-0.004255809987878334,0.023064020961054865
2021-08-18,-0.0010894288127869522,-0.004708326739837676,0.003881357626666526,0.002110818597277353
2021-08-20,0.0011566866888754745,-0.0002883865532092855,-0.011230587828826244,-0.00029485806112272694
2021-08-23,0.006502763589810057,0.003346692342901525,0.006563523940799287,0.021885045039740536
2021-08-24,0.02246474446703517,-0.010294647893991149,0.009873487451101504,-0.0066531609508466705
2021-08-25,-0.0009301215233117333,0.008542191304491631,0.008655039386823882,0.01267571836703052
2021-08-26,-0.0016694164812217638,-0.004523076368550316,0.012644182165868934,0.0035121314749082533
2021-08-27,-0.004084080019378877,-0.010939183106236317,-0.0013674672927663778,0.013154064440308089
2021-08-30,0.012786870057266864,-0.006290956223580113,0.019237604487590376,-0.005067145459380029
2021-08-31,0.008385232525180975,0.004946608331998892,-0.005329662447227879,0.0230053827071639
2021-09-01,-0.001454525684651542,-0.01681839105741767,0.003963331579377005,-0.01888298538664701
2021-09-02,0.006269543820414558,0.006765115826115942,0.012041861087618067,0.03278642768148665
2021-09-03,-0.008149751862074228,0.006837828833609505,0.04101280114626782,0.0013813842391525721
2021-09-06,-0.006567136034334675,0.017493329891564047,0.01553290709661459,0.0025896357864854114
2021-09-07,0.0022673073766088514,-0.013725122556354608,0.006307704491067989,-0.009371603434498166
2021-09-08,0.004556411804442995,-0.007851637664260336,-0.003912575835145593,-0.010941191349437163
2021-09-09,-0.004947967140431664,-0.0009744965155349394,-0.0023648435420748903,0.004570704904494738
2021-09-13,-0.00831946905138048,0.00017736138806112578,-0.02228313021411421,0.014229647534463652
2021-09-14,-0.004500105220513029,-0.0033986210752781076,-0.0013072612616383816,0.010545148204147203
2021-09-15,-0.001130132644326376,0.015004684717991434,0.00415889856018703,0.017666418164392628
2021-09-16,0.008501347107824797,-0.005375677400360157,0.020981239174439725,-0.012959810945923134
2021-09-17,0.014231378625679136,-0.006432584670353014,-0.015505334540416804,-0.019329837546223083
2021-09-20,-0.01409487041189994,-0.0020397338896344097,0.0015897785521290508,-0.0011363356377995792
2021-09-21,-0.005064550956804692,0.018129346453369166,0.004322541992625606,0.010317704340535805
2021-09-22,-0.011759365409842237,-0.000901929712868732,0.01072905327754925,-0.00020716937388443046
2021-09-23,0.02366823110595262,0.014939780715846673,0.024439411593552007,0.001838348699317871
2021-09-24,0.02009568470700618,0.012223441525769818,-0.0028917145665038335,0.0005300517308253205
2021-09-27,0.014704383560063317,-0.024208365367377804,0.01681632727159199,-0.008873039689081375
2021-09-28,-0.0061842277319476,-0.019783267515043224,0.009348675665387773,-0.015064273168476694
2021-09-29,-0.013126583427049754,0.003052540284343319,-0.00792766624435659,0.003373982339734294
2021-09-30,0.0006902229155134609,-0.010075315994641176,-0.0034021915305304518,-0.004311930695513944
2021-10-01,-0.007680543829135189,-0.005999405464323315,0.0017664851088861067,-0.01201167400522285
2021-10-04,0.0019271534535159063,0.0081673593975915,0.012858102174479358,0.011554595134876111
2021-10-05,0.006116931056627584,0.008369476881136872,0.02075390249500786,0.01590116272483666
2021-10-06,0.012190931718202958,-0.011371608726866822,-0.01891383486098852,-0.0058435240276409894
2021-10-07,-0.0027246652970103202,0.010426845797787854,0.004902567509996514,0.02151729220345322
2021-10-08,-0.0048742762766629255,0.019426462687916146,0.03842722657546305,0.010981287953898855
2021-10-11,0.019436710207745955,-0.019085313834968698,-0.006963159690886012,-0.06353438342260809
2021-10-12,-0.0025707764662304955,-0.003429980666097787,0.005711371831625733,-0.008885984067796282
2021-10-13,0.006013833920508471,0.014271550380547726,0.010176874480722908,0.0006432132396838597
2021-10-14,0.029278958601602012,0.0038324761115353656,0.0020222364378057467,-0.010073321424939219
2021-10-18,-0.010133884202366827,0.04452843078275204,0.002666400943885927,0.009885222916334424
2021-10-19,0.011015803921056389,0.01673981590519813,0.008956283929389741,-0.0035643391901546417
2021-10-20,-0.008793766702411943,-0.010866268926942979,-0.011512485001754946,-0.006961728932986078
2021-10-21,0.0014637322819626153,-0.027020279557298355,-0.02884747975983215,-0.021156454833652805
2021-10-22,0.0026547205898732606,-0.019302649192713406,0.0018684925004548436,-0.009525594195490816
2021-10-25,-0.014130591463131559,-0.0071228256273347945,-0.009743580580026112,-0.001686529015670124
2021-10-26,-0.0025648305271133154,0.006587599299848534,0.022772602595085845,-0.0029629324939001167
2021-10-27,-0.006020283975659235,0.014820633602678601,-0.012645186709241418,0.0020529734486263163
2021-10-28,-0.02994886927021112,-0.014488497454168914,-0.010961630260809652,-0.019514320036930766
2021-10-29,-0.006745726074868785,-0.02121608971396971,-0.023993585907828185,-0.006984879608321615
2021-11-01,0.014183246648433956,0.01936746298832004,0.000611185002886705,0.023147707109315574
2021-11-02,0.0009032879200667754,-0.0012646597468581877,-0.014579455415610232,0.002243644886547491
2021-11-03,-0.015746072606406702,0.0027092750604942317,-0.006877875101014674,0.0023103516567566373
2021-11-04,0.007904011645574416,0.0036417164429145554,0.006140308048076859,0.0046961185536642525
2021-11-08,0.003952532258028052,0.016854809765243672,0.001240664951752013,-0.001681426543805542
2021-11-09,-0.017497213423679936,0.002877774076852413,0.00789380903709569,0.0008420506715542952
2021-11-10,-0.010812499627620986,-0.001348721804570241,0.011182789613058741,-0.0061042063106790945
2021-11-11,-0.004468794635037132,-0.003936447337328675,0.0018237396742604162,0.001119278921795308
2021-11-12,0.0030356394866688508,0.027058146906607128,0.015090663916538016,0.01085084033944983
2021-11-15,0.0027365897476088197,0.0039041831330153265,-0.0059003651375332256,0.007728210897008481
2021-11-16,-0.005939973340822191,0.0028816733473022715,-0.023236790380992467,0.0008724426558539555
2021-11-17,-0.011111199533395566,-0.00270594990328199,-0.021406619324889187,-0.009700879050017375
2021-11-18,0.005618106565640213,-0.004503641635497435,0.003774201616012496,-0.013118052863125618
2021-11-22,-0.015622975939426742,-0.011239811220141172,-0.04429304175679227,-0.004977274338077264
2021-11-23,0.00013193452253923432,-0.01278836402937955,0.009349569504629063,0.0016915317482937287
2021-11-24,0.0016496413429263335,-0.023547790357180687,-0.014439191841546517,-0.006047418453723585
2021-11-25,0.005203919651588729,0.015566138751401004,0.06019797262830284,0.0007550709295853775
2021-11-26,-0.023624539597263294,-0.017853020635469563,-0.03223086216891813,0.0002758090979300132
2021-11-29,0.007617806548521289,0.002778285978494166,0.01197882855143173,0.01599986329134717
2021-11-30,-0.005128982314481889,0.009608923213984877,-0.014786184192453034,0.007752833609518506
2021-12-01,0.0074320798783193975,0.0013137922059811569,0.025609336219932555,0.013785301657543103
2021-12-02,0.014023191325235107,0.01944718997953032,0.0064247832206585365,0.018195371937829385
2021-12-03,-0.007996091483771117,-0.007264494668552723,-0.030046178593606032,-0.0006724460762469464
2021-12-06,-0.00644187328701884,-0.023191439417753035,-0.018955730933983395,-0.028581782352547158
2021-12-07,0.014562995781166821,0.009644391391651075,0.008147851817972063,0.013601535265792108
2021-12-08,0.018417866726910148,0.024362293182474515,0.015219220641191855,0.011828686380478404
2021-12-09,-0.017344643714567343,0.005760443984459629,0.015859556145888742,-0.006934285852186917
2021-12-10,-0.0028161523499088403,-0.0023816315031716107,0.0010177675189195767,0.00973126661825785
2021-12-13,-0.007487318158387879,-0.008298953394135777,-0.02004913135305164,-0.007465319074654642
2021-12-14,-0.005757310172187724,0.00429885285203202,-0.01224254946436032,0.003920100707166085
2021-12-15,-0.0016306297380674906,-0.01024475756213128,-0.0029198898546090035,-0.0147498049691972
2021-12-16,6.655677669464843e-05,0.021566235915916554,0.01293589592137967,0.00315109652377199
2021-12-17,-0.01803209328688693,0.027799746951955973,-0.026394474554586433,0.0007677203930052112
2021-12-20,-0.03217797329964933,-0.012054778070579864,-0.026960555621147853,-0.00765833700645191
2021-12-21,0.011328034321910652,0.007059803897780048,0.01488562243954572,0.014450960313659333
2021-12-22,0.0023581924938704812,0.007231216686097497,0.023731736692649497,0.006221644729996978
2021-12-23,-0.00076121759297898,0.01803030273673145,-0.00035920244810982993,0.008799935774971068
2021-12-24,-0.0036007882600191943,0.003176241508550115,0.0031921297322896613,0.00223863772995081
2021-12-27,0.008270129870129761,0.0014221198042352334,-0.0010747905424763893,0.006864892303285908
2021-12-28,0.0068927977962576215,0.011708522182718006,0.011876503111258874,0.0028272604623567066
2021-12-29,-0.004757643062221484,-0.0012975748329253634,0.0017094080193191807,-0.0031971156898596975
2021-12-30,0.00526186737993517,0.003871387323567843,-0.018064438178452602,0.010569257893960016
2021-12-31,0.012247697235013844,-0.0026943190994785926,0.003836151643814345,0.001231963678007153
2022-01-03,0.02720697457266552,0.005668061513886435,0.01507491463016386,0.02123943467431677
2022-01-04,0.005856584608673332,0.000368807548284833,0.022568120309143236,0.017549519765730492
2022-01-05,0.023747973954798995,-0.028697026283154403,0.004678325682191176,-0.006126494913575864
2022-01-06,-0.01603984310146933,-0.014555602430772252,-0.021501453885797273,-0.013856735717350133
2022-01-07,0.007014148556804489,-0.0019254027793905726,0.008069584540626451,0.012094759099172236
2022-01-10,0.005546380278860008,0.020090354242082942,0.0008210271947779457,0.006837944068340374
2022-01-11,0.0043293064632441425,0.0026207115045482343,0.00719853460957065,0.0092915500774291
2022-01-12,-0.0059071611011752845,0.011774943674361937,0.026694640127932878,-0.014300579260055235
2022-01-13,-0.018404907469722342,0.01030660522727378,0.005632471298126607,0.009844719566789228
2022-01-14,0.011223965600744457,0.017160345651518805,0.0014593301789815882,0.0180225296095764
2022-01-17,-0.015306222446490825,0.005260899200469238,0.005218502883078013,0.012852164490559037
2022-01-18,0.005093780689109373,-0.009667258006380242,-0.011930638924758985,-0.0071032947141390634
2022-01-19,-0.007062308554151242,-0.0279580307773164,-7.925612857284658e-05,-0.01730846347425674
2022-01-20,-0.0062234192466943394,-0.023218437768452893,-0.017508587736414172,-0.022505316170824075
2022-01-21,0.008349913681842569,-0.020836746138518936,0.00016134982884552507,0.0018163382990397103
2022-01-24,-0.022969248480699256,-0.027384154199265875,-0.04033744607968548,-0.01621226218026861
2022-01-25,0.0009417160621629783,-0.008435038669597716,-0.0019555429596114227,-0.0003845251573288966
2022-01-27,-0.008803530622207734,-0.02528816116543109,-0.014810895990251205,-0.03200351701096049
2022-01-28,-0.007932447866967118,0.004527465576793954,-0.0009622302261459437,0.011180329522807009
2022-01-31,0.015342527501824188,0.0296526146939875,0.0217266214482863,0.012520361876060315
2022-02-01,0.0076060028179720796,0.020648455810511113,-0.0033101568769524636,0.017236306404497137
2022-02-02,0.022845492285629376,0.00849300530669006,0.0020387963420995803,0.014615847121778547
2022-02-03,-0.01035122598524374,-0.027166845363874592,-0.012921821992096127,-0.008194326216777958
2022-02-04,0.005708158126319862,0.0014666835923455857,-0.009116992471189134,-0.0025362384173308605
2022-02-07,-0.036647035123327565,-0.014990636953485126,-0.006090917376461946,-0.009410478127336419
2022-02-08,-0.004290947065762385,0.0013412497409237556,0.0168096289233568,-0.009407466106067797
2022-02-09,0.024455206214973657,0.011646258930018138,0.011650887181825942,0.0045681763567533284
2022-02-10,0.018362780067869844,0.01859188023902414,-0.0010277568640838508,0.002606104182940161
2022-02-11,-0.004098152373253061,-0.02726591554235358,-0.0019530682235326946,-0.019998204393377184
2022-02-14,-0.029726358932904096,-0.022743829637174695,-0.01592730673480036,0.010500701258830514
2022-02-15,0.029924725164302446,0.03331938124509559,0.03395263586646968,0.02251086379655809
2022-02-16,-0.0013507799851893987,-0.002847666281862282,-0.002067945742552868,-0.0012310835867324066
2022-02-17,-0.006102690110839748,-0.004903858623139801,0.012660755504870558,-0.007579134412309618
2022-02-18,0.0038833317333790696,-0.010349104700347223,-0.007816497153504742,0.0025631704026207736
2022-02-21,0.006446985022030116,0.01391373592070444,-0.010105621969423217,-0.019636678181897627
2022-02-22,-0.007489784167081903,0.0021089638664144594,-0.004541934249157831,-0.035758587758064175
2022-02-23,-0.006486984663605866,0.004900968048799026,-0.0062577920600555,-0.006301290397017323
2022-02-24,-0.054300849988128674,-0.03712301418873565,-0.04983053218645361,-0.04549932493651809
2022-02-25,0.025856141890323814,0.009802509900840306,0.012501465828533398,0.03501238280237495
2022-02-28,-0.020500015774869484,0.012392294428088979,0.03310044754525565,0.009500975772726461
2022-03-02,-0.03645925226808655,-0.007461083009095759,0.01652859015972985,-0.0022651281431251835
2022-03-03,-0.002364856694409223,0.010600204433654836,-0.008442485567074276,-0.0004934764489933352
2022-03-04,-0.0032822940416179502,0.0014237693142864494,-0.022179657902440475,-0.005656657019654676
2022-03-07,-0.030515949828916922,0.009603604721096337,-0.03698056110060555,-0.011193531545169666
2022-03-08,0.0022645378067585042,0.02204220036380189,-0.001808493943935563,0.03301383351607767
2022-03-09,0.032648004221374816,0.019767157229167776,0.05305294193393695,0.009069392234174911
2022-03-10,0.01571665749506801,0.006920909525978791,0.016205822827596972,-0.0032070874962086826
2022-03-11,0.002943952854001619,-0.002135886626422945,0.0028843742724580235,-0.006020428983925408
2022-03-14,0.032753375594370526,0.03770572712185416,0.008211137267671642,0.012183486613928984
2022-03-15,-0.012859149186305707,-0.027185707243657986,-0.022903315180006767,-0.01347783218239429
2022-03-16,0.01695925145969479,0.02723872194320065,0.01688214598925586,0.01725151836572314
2022-03-17,0.022028216050603566,-0.01841873197463917,0.0326002847833784,0.004608805084385992
2022-03-21,0.004357886875280714,-0.0008355612400180457,-0.0057622161295347585,-0.012538191548406075
2022-03-22,0.005146380406737983,0.018536998523777104,0.02583707897604115,0.020472956710144707
2022-03-23,-0.009972362689459002,-0.007947506442926522,0.0031801557602220143,0.0030938114639178504
2022-03-24,-0.024742172349494496,0.007637236703356143,0.015536470964616411,0.010087950485905717
2022-03-25,-0.00814473987106612,-0.00537968037309644,0.006670126992717629,-0.011307122797872715
2022-03-28,0.0013278889319152665,-0.001412230003130177,0.010054544667211118,6.744011836268271e-05
2022-03-29,0.013260742447174012,0.006457015046654302,0.0002287886989023047,-0.0006337461526525479
2022-03-30,0.017323228845714134,0.009517613742752395,0.019218048976998414,0.0070706913414915196
2022-03-31,-0.00446868807909051,0.0015232480665325898,-0.014291433841622236,0.002251132524428767
2022-04-01,0.024245935817718056,-0.0017305870710712101,0.008008413874829756,0.0050268382352671725
2022-04-04,0.10013297518818987,-0.010821918776996897,0.0029557846496577334,0.003086294086743546
2022-04-05,-0.029303579910971767,-0.011604201448001228,-0.014134593071974622,0.011789133985630196
2022-04-06,-0.035691023975964575,-0.01732855783857712,-0.0026654769703038372,-0.01558409343829803
2022-04-07,-0.021987942112275838,-0.0097602326710865,-0.017640025235594825,-0.0189594729504452
2022-04-08,-0.0013844569411809449,0.0019879708093561987,0.016635329094558227,0.00040719979959202846
2022-04-11,-0.012214073651284352,-0.026479741324173967,-0.0020836478720230867,0.0029166301069074585
2022-04-12,-0.0017712094201478568,-0.013642446766731209,-0.01883011852821881,-0.001433855871840528
2022-04-13,-0.01911619373234652,0.003500862260970239,-0.0036703582899477727,-0.007897233463439068
2022-04-18,-0.047441829664138346,-0.0727173340438173,-0.0030568271891702192,-0.036565301510655845
2022-04-19,-0.03815973220350022,-0.03663509531579079,0.038111514385797296,-0.015915402783236887
2022-04-20,0.00901491334671256,0.016453183941855132,0.029403954214528794,0.024453562021041986
2022-04-21,0.01480474090542705,0.019588293991933625,0.02341410546566669,0.02020068668167263
2022-04-22,-0.013642828224882386,-0.020601755698291035,-0.008374893275534534,-0.004436853995201662
2022-04-25,0.007487518908593227,-0.015358412708432523,-0.02312601007087889,-0.017813123594897173
2022-04-26,0.004612857295605677,0.01274735987738329,0.0299256353665196,-0.0005352392558966024
2022-04-27,0.0003644722172004844,-0.017836731063944122,0.0009728285553256555,0.004201383457379082
2022-04-28,-0.0008743398276189751,0.019191106284973447,0.014936969061190908,0.0064867620706345885
2022-04-29,0.00966208708791605,-0.009509600463085466,-0.010497033833723357,-0.010490261506839071
2022-05-02,0.013794565213966159,-0.01693735788667572,-0.003512221143111338,-0.0012124668645844272
2022-05-04,-0.03398164536439363,-0.003536459051215912,-0.031218026378201813,-0.01768568566053008
2022-05-05,-0.002249340358156937,0.03230097644929897,-0.019583150904918023,0.009670165781715312
2022-05-06,-0.026128085351410313,-0.026685134220029827,-0.007667736303013317,-0.02299753597270271
2022-05-09,0.001707659985749732,0.017824142297707457,-0.03905515805922022,0.003641363623920535
2022-05-10,0.016062498772530187,-0.011048492327440651,-0.017333167569684393,-0.001842946915823429
2022-05-11,0.005629822990939726,-0.01690271173461122,-0.010243865156212562,-0.007779150119859302
2022-05-12,-0.022541374746299248,-0.01175696349635802,-0.020373148453218026,-0.0009817085416776727
2022-05-13,-0.008978992815111941,-0.002916438538265842,0.011336069870245602,0.0018334743274499576
2022-05-16,0.01064772576357309,-0.010170052239982685,0.0002473175936013039,-0.011156837709749401
2022-05-17,0.006819427890403462,0.0197097942168869,0.04200308888178217,0.022150870835528913
2022-05-18,-7.607017608890487e-05,-0.0060917788612180335,0.0036376265062507684,-0.0008108406513439581
2022-05-19,-0.020435181541577085,-0.05436627327397214,-0.023046433824998158,-0.05417856873977511
2022-05-20,0.026339098235738545,0.019619217074051454,0.05830992418703751,0.009518843069058702
2022-05-23,-0.012831624965934152,0.009105631341590037,-0.006687024049407242,0.008730718356444234
2022-05-24,0.011464664180679707,-0.018659697381730123,0.0034331188114329336,-0.010160321073921175
2022-05-25,0.007468157688697907,-0.02120056747482979,-0.0014717236252768107,-0.03011329137628793
2022-05-26,0.028521892730603016,0.009571406273364502,-0.009532953674984745,0.018720402850786577
2022-05-27,0.018548373474172042,0.026264986053888384,-0.004638449793369692,0.01064492265107897
2022-05-30,0.00682457700634953,0.04478738553776496,0.03483359722658963,0.034940017349502694
2022-05-31,-0.008990181421866472,-0.0047656343515406485,-0.012064716849438217,-0.003229282885245488
2022-06-01,0.004247779463969925,-0.016660213035166627,0.0003230378026588543,-0.002720000194691319
2022-06-02,-0.006989939190993888,0.01991833945857202,0.03447870131433928,0.020207545750152045
2022-06-03,-0.0034654013922048588,0.009084892713106862,0.02026211469253436,0.005010325224643397
2022-06-06,-0.0013403446022756116,0.005487260529215998,-0.004299418433775792,-0.0026743483110589494
2022-06-07,-0.011498355793647663,-0.015260976013001692,0.0018790361738698635,-0.019892564212093844
2022-06-08,0.003522623781266665,-0.004446746519909062,-0.017563864309453336,0.012326521959465486
2022-06-09,0.007532491458819512,0.009999881591326032,0.027422390255926965,0.006741904715557245
2022-06-10,-0.019307557513871587,-0.02521451360825011,-0.030191932228448737,-0.01960846929532034
2022-06-13,-0.018133318912601726,-0.03541434575889724,-0.018918669144941336,-0.04175730789441123
2022-06-14,-0.011005539391718666,0.011267224875230797,-0.013068603696409276,-0.0028108400994877325
2022-06-15,-0.0034680158443947118,-0.012738269272568159,-0.012099978634426134,-0.0013236515475187893
2022-06-16,-0.020000737347218744,-0.017578570150651784,-0.013981359014631711,-0.020054478601176262
2022-06-17,0.006594847198335918,-0.007085438208168204,0.011718775380427315,-0.016899982688377668
2022-06-20,0.0251211608387083,0.019354122855121503,-0.018127393926612445,0.007607835916372041
2022-06-21,0.010891378165838628,0.025280205035222325,0.016142014960469853,0.031984890268282884
2022-06-22,-0.004713651776104055,-0.008724704407983896,-0.030378132511970857,0.003424903715740557
2022-06-23,0.003683525916893249,0.010575687023175906,-0.016223745974097148,0.02663707368170587
2022-06-24,0.013968525475811733,-0.007814297075949383,0.014239772363902947,-0.00474501728643939
2022-06-27,0.001809583945608928,0.023246014460750475,-0.0029599199813964416,0.0065593481526566855
2022-06-28,-0.007631268137507807,0.003763826116124358,0.014061186600295983,0.0010406508402767134
2022-06-29,-0.0014489640717417762,-0.011417861080084246,0.020750175973073715,-0.00833300227349687
2022-06-30,0.003013695656380211,-0.0009225074436474134,0.006007547568460225,-0.007111202310499998
2022-07-01,0.004265498059405015,0.011970719424057252,-0.07202440388958209,0.014691909713526297
2022-07-04,0.001403456299268191,0.005813236972059377,0.0020756644052959405,-0.02414703720312328
2022-07-05,-0.002249793725242588,-0.008098185583230944,0.00809961936057113,-0.005795954103116507
2022-07-06,0.013788222963591057,0.010637158307043482,-0.008794754658241533,0.01381999211013496
2022-07-07,0.017903395538873434,0.004726237001922984,-0.009847308213694839,0.008311206163177154
2022-07-08,0.0009314120320913499,0.01050908816341356,0.0013820075912673868,-0.006813037342460526
2022-07-11,0.006477681257951229,-0.027270544043515477,0.013590319329089384,-0.04644070490948171
2022-07-12,-0.010205120881973895,-0.023453079637586693,-0.001423466353632108,-0.009345638754503782
2022-07-13,-0.0243929425210464,0.0040663090372417,-0.0177238712915333,-0.014896024311690459
2022-07-14,-0.005007872356286747,-0.010799917913283053,0.008243759266160389,-0.010558206201568665
2022-07-15,0.00814181735525854,0.0010498112260868275,0.0019398391342544397,-0.00138418060121126
2022-07-18,-0.010645618499454779,0.04163317717446491,0.008514388541442042,0.023008028904018207
2022-07-19,0.00037088119489259164,-0.0038592875910259394,0.006130690600648414,0.0035090861901692083
2022-07-20,0.012610837308634215,0.02098841744487534,0.027040388525602088,0.029454426646384535
2022-07-21,-0.003150082048583913,0.01161493113862977,-0.006672040827328862,0.003949633634732885
2022-07-22,0.02333266339827844,-0.017352886469953144,0.006756995893210105,-0.0019827683177542355
2022-07-25,0.0029444218177803183,-0.0017922845473252735,-0.033038945248875184,-0.0013403236640434635
2022-07-26,-0.002040684721113406,-0.03488289992283444,0.00045444766264823855,-0.016057334952407243
2022-07-27,0.0076411855514444404,0.013713208005538213,-0.0009498073407816499,0.023412066896461914
2022-07-28,0.008865088081853267,0.031508105195442004,0.015666260196321113,0.02246888412557535
2022-07-29,0.01224539310472017,0.021286234896113365,0.02130566460138983,0.012697374836202702
2022-08-01,0.008332325796070128,0.000871305903911157,0.026061402813872148,-0.0009384751394769797
2022-08-02,-0.0109948059129229,-0.004803322220516493,0.003806037438764065,-0.0021222992257073914
2022-08-03,0.002342197658813383,0.014576274939175349,0.008395633253495571,0.014490525759409456
2022-08-04,-0.0011858375147776323,0.021582293717766987,-0.013217520015316064,0.004626420177481272
2022-08-05,-0.003386953677320337,0.010469563532419235,-0.014736220187842819,0.003010659130458393
2022-08-08,0.02452613234285761,0.0017009076001672785,0.013082057047995477,0.0027934088396874834
2022-08-10,0.0029067318479789606,-0.010466716044057134,0.0059795515597600435,-0.0059861990725383896
2022-08-11,0.013230582690990422,0.010920690163906066,0.003329883360586372,0.02034751000556856
2022-08-12,-0.0003702898925032061,-0.01595725859490338,0.01617079011581568,-0.0061214281959184325
2022-08-16,0.011446768342075364,0.0014741070696027148,0.006950298938356081,-0.0026017080430965622
2022-08-17,0.005159376760663248,0.006138662829605179,0.0052238219231734995,0.0024757110418300865
2022-08-18,0.0011920297909155941,-0.014505754946881333,0.0018135264755134717,-0.005836210741614667
2022-08-19,-0.012336987509455666,0.008938988076390375,-0.017829733411091286,0.0013309634193161557
2022-08-22,-0.015203914228840376,-0.01343050926966538,-0.002773661185705323,-0.009215200522383893
2022-08-23,-0.003094440256485975,-0.021102548194692483,0.015422416830073171,-0.02085219259737714
2022-08-24,0.004809630684436517,-0.0031769328347880377,-0.0026635611319306696,-0.008905122276786193
2022-08-25,-0.005431678862279132,-0.012585277450031573,-0.0029170363696572332,-0.011412116103382886
2022-08-26,0.0001706777969487927,0.002239619524369685,-0.005337977237729996,0.0012427654775601926
2022-08-29,-0.017541401999611073,-0.039302036816625474,-0.0077730813049539105,-0.02782246854260595
2022-08-30,0.032444052148493,0.021344196314247554,0.01551405284518359,0.025091478488760588
2022-09-01,-0.009386972019100326,-0.019257017029344015,-0.029397871166268574,-0.024742121401615913
2022-09-02,0.009068361247239975,-0.007649306349123419,-0.011677899479933584,-0.00041512219942452244
2022-09-05,0.006428814121308912,0.005712350001616295,0.01553062529449889,0.0009584992352353883
2022-09-06,-0.003812693468506656,-0.004242824591550565,0.010526034286717945,-0.0020265316850157644
2022-09-07,-0.0047335800482045665,0.0017524278398470816,-0.00581470962544095,0.007211198850274991
2022-09-08,0.01032189847351983,0.012520156989357822,0.0014137060819194858,0.006365934545446983
2022-09-09,0.0006676966852920962,0.024222600935404737,-0.006227184727505053,0.015143674256938855
2022-09-12,-0.003369774969693151,0.01624036643121718,0.011189808879012775,0.007862831011692384
2022-09-13,0.013089491029256717,0.005695871852737566,0.008352339471255243,-0.004193641448440588
2022-09-14,0.01027702591057289,-0.045017572884751944,-0.011985868956105317,-0.033737619574994104
2022-09-15,-0.005200712967511567,-0.028873396980047872,-0.009909761364442105,-0.00514352774140403
2022-09-16,-0.018379652406341318,-0.03890994054511465,-0.024778565298258504,-0.030811595702424532
2022-09-19,0.006598558942435773,0.009621968010610882,0.0013003341836379523,0.00668061318478852
2022-09-20,0.012045745637479843,-0.001258643434976503,0.00015985959711106723,0.0037967940919305665
2022-09-21,-0.0015453315322538907,-0.00813795332896361,0.002757030454368481,-0.012860558607879824
2022-09-22,-0.021305965660359694,-0.006752727352307142,-0.009423352777839233,0.0020658243076150384
2022-09-23,-0.026816907246732358,-0.0018274815692790325,-0.018744184995918123,-0.008429093805437882
2022-09-26,-0.01348413635145207,0.010838825207769798,-0.02547659688841286,0.004141476359509788
2022-09-27,-0.008972049967777895,0.00963602356904425,0.007950048513078789,0.007697550043211043
2022-09-28,-0.017187121501666014,0.0008251657597335704,-0.02662496031442696,0.006031579960562361
2022-09-29,-0.005181637566169406,0.0028322511761174063,-0.003065413643394299,-0.012633042337988898
2022-09-30,0.02821285978955168,0.010581541779825843,0.02255621977614508,0.0024187886313482565
2022-10-03,-0.00573397309896484,-0.013937416566321414,-0.0034695692093075214,-0.006523414578329945
2022-10-04,0.02816308743597351,0.025578397160740618,0.018442662033345325,0.035578481926651806
2022-10-06,-0.01101176578224905,0.01801454183979545,0.003687980167660143,0.00349372410912685
2022-10-07,-0.004314596759806499,-0.002714500914558271,0.004231963535250571,-0.01194383661560905
2022-10-10,-0.011042725377035434,0.007890197220160156,-0.010915378142594467,0.01750446261928551
2022-10-11,-0.0101412943065875,-0.02656148173933781,-0.019910236763623912,-0.015712501735878237
2022-10-12,0.006532718200884302,0.003441470896152765,0.007358308919234391,0.01016465510414677
2022-10-13,-0.011491087171133674,-0.0061593880092349895,0.003178484878302079,0.0008222030283160375
2022-10-14,0.03257761269659465,0.03827723719165954,-0.005078014047500523,-0.0013374602097254717
2022-10-17,0.005246692851354595,0.010649516358385513,0.016050161987151146,0.006664198607610583
2022-10-18,-0.001866569319075806,0.00922863711389632,0.017643909269410285,0.010589075971919604
2022-10-19,0.010250451503590163,-0.012136821719195945,0.017399307758567684,-0.007266091988011425
2022-10-20,-0.006752818174552866,0.010400918575852014,0.002686613542715266,0.011355437697155413
2022-10-21,-0.007040464833704241,-0.0002667080011768963,-0.011597324220870786,-0.006302973184115879
2022-10-24,0.015605494124308894,0.011562881057030072,0.003337933287856698,0.00774519014968833
2022-10-25,-0.006946968246027696,0.0055671340518008705,-0.015444541696801206,0.00012648859168229443
2022-10-27,0.0024122009053599847,0.009372060486860567,0.003931999550078391,-0.0014864178908664538
2022-10-28,0.0029564719725183597,-0.007021293320291,0.030598044809450498,0.0018530493194881537
2022-10-31,0.026050665628021052,0.01612434075229019,0.009282783677043938,0.009452297350534655
2022-11-01,0.011057733501944167,0.022989596218317532,-0.007746260541676708,0.020841313343353374
2022-11-02,0.0006276805618947723,-0.012523821474789809,0.006245323406490755,-0.005521861606224809
2022-11-03,-0.004391677961264162,-0.014517515259068192,0.0037319202450820654,-0.010781425094514407
2022-11-04,-0.006898618130757872,-0.01094221398387496,0.014715302757393411,0.003321071012805543
2022-11-07,0.007781432587818271,-0.004326300329692057,0.005341845522334188,0.005066378768245228
2022-11-09,-0.0002982877961029695,0.002487454345826867,-0.0009974666828889145,-0.00545811830974563
2022-11-10,0.010872840436952025,-0.0061208544411582855,-0.012096667776069991,-0.003233884647899421
2022-11-11,0.05666508656111069,0.04537432144733322,0.023051558111111037,0.03440790656615511
2022-11-14,0.002420515808265522,0.00968097704964177,-0.00484477949151052,0.005895872258966817
2022-11-15,0.0024458519204386686,0.005487833035137557,-0.0044862027238020685,-0.0008694010786238771
2022-11-16,0.008585468816474817,0.005520840909317037,-0.005733969771021696,0.006826513011874313
2022-11-17,-0.009032937361613258,-0.009608279680883514,0.0025844804296915047,-0.0018925310363275827
2022-11-18,-0.0026264816927444867,0.0037797115234408096,-0.000538610169701137,-0.0016572095791286268
2022-11-21,-0.010254651695058015,-0.01581512916007599,-0.017997112481953015,-0.01793077261570286
2022-11-22,-0.0014711776321917336,0.010744813978137646,0.005547101142766131,0.009578435080451086
2022-11-23,0.002601775219504665,-0.001198792273046534,-0.0031189557721889027,-0.0020060969162505327
2022-11-24,0.01625873673793432,0.029466531073172764,0.00862346723807117,0.02171816252143466
2022-11-25,-0.004614966851243962,0.003589505541181648,0.014927646405503925,0.002810377924304275
2022-11-28,-0.010756338262419951,-0.0074894121198829655,0.034363551684567506,0.0016520735902427752
2022-11-29,-0.0014998222424090768,0.0034803450976685912,0.0017172977153065982,0.0006184458058675624
2022-11-30,0.006633946658829659,0.003621715356557198,0.007060715607579038,-0.0019279523603571436
2022-12-01,0.00687003509977302,0.013547788079264933,-0.0029472660250247085,0.025023558446847227
2022-12-02,-0.007656698559721398,-0.0115864536219763,-0.00042232466505620625,-0.010501517223450607
2022-12-05,0.003640081370239079,0.0011294748401127208,-0.0145839700104341,-0.003852773892207062
2022-12-06,-0.0011159507424532977,-0.016374452519550275,0.002889044290671272,-0.011836176488792205
2022-12-07,-0.00043459690546532315,-0.004588009580215213,-0.014757175860901528,-0.0014031509464331737
2022-12-08,0.005619686032622306,0.009124881220769154,-0.0004717578852978521,-0.0088889099482371
2022-12-09,0.007131840117199806,-0.031385858503539255,-0.015155057116105985,-0.01725092703920672
2022-12-12,0.007786328930109443,-0.014082992312083431,0.0015329437891227204,-0.0019131745438863978
2022-12-13,0.0027681604824660866,0.016126076819566793,0.0045541337951156,0.013890266899753145
2022-12-14,0.00846317491921078,0.0046116014145938244,-0.0036191092062921593,0.009978614751503079
2022-12-15,-0.018318457901009166,-0.024629698312088832,-0.014203795796677188,-0.0179029129565913
2022-12-16,0.004810474697297895,-0.01187927155674362,-0.004945006507952154,-0.019621392337568655
2022-12-19,0.0031105278296581496,-0.009755560553220244,0.013135307477198044,-0.011789046303708584
2022-12-20,-0.006900807315327717,-3.3024623742883286e-05,0.008656335467848386,0.013085194599938621
2022-12-21,-0.009673109789201995,0.0014925150397255837,-0.014226983464188048,0.007583359794634648
2022-12-22,-0.0034308396182264334,0.00828071568872657,-0.0025924338303924266,-0.0027076452498796533
2022-12-23,-0.008932825464111782,-0.016392449152739852,-0.029327303453435705,-0.009617385972354286
2022-12-26,0.019904171481408772,0.00354031379977382,0.008732240294666793,0.007604361284784034
2022-12-27,0.0010127131347001939,0.008286634984967067,0.008181385546840447,0.0020290070385093895
2022-12-28,-0.0007971256814452987,-0.003102564212957626,-9.825338065228006e-05,-0.0007360768445234811
2022-12-29,0.007056104043678513,0.004900175569719778,-0.0004520099625051621,0.0035768160635467616
2022-12-30,-0.008011911174725328,-0.006161460795084728,0.001533386268664838,-0.0036866633503916946
2023-01-02,0.00033781459666015756,0.010476233593295081,0.011267369057567311,0.0014587468832394368
2023-01-03,0.006538897593175053,-0.0009513557058981048,-0.007317950753709224,0.015299942352796636
2023-01-04,-0.01787284900644448,-0.018226111306300252,-0.015056269898912067,0.0009965138413674524
2023-01-05,-0.006428471427750937,-0.01311213041021042,-0.0017867113818760272,-0.0010710418732650107
2023-01-06,-0.003313018518997235,-0.018099153540053647,0.009088778890981919,-0.030065440830817858
2023-01-09,0.0019442491063796918,0.02481866464291138,0.023611469201885615,0.03375300777390611
2023-01-10,-0.018278575634150585,-0.009902596936813945,-0.014787388998814932,-0.01010549964332419
2023-01-11,0.014410506697958514,0.0010205218254384363,-0.012605352066862974,0.012871200180493148
2023-01-12,0.005342940047444511,0.0063552711369145864,-0.02159430404421958,0.0016974945886853998
2023-01-13,0.0007815973518165986,0.015568000023013173,-0.0016182246916394138,0.012056198912910654
2023-01-16,-0.009589853874214294,0.014531270677347718,-0.009523522608857027,0.01045610054114876
2023-01-17,0.01488673299706722,0.009177274442935479,0.014197583677735048,0.013302056546161456
2023-01-18,0.017651886237810777,0.0038323842216128057,-0.0016541938679829338,0.0034335128169364904
2023-01-19,0.004153064192213396,-0.004206013803063624,-0.0010707295245809823,-0.004985191488721896
2023-01-20,0.010248755052007619,-0.008674942511715522,-0.01189298016156326,-0.0029646570693731
2023-01-23,0.007315171353029948,0.014715979989569083,-0.005056059476818642,0.01540253964695637
2023-01-24,0.01338821915866073,0.0025192834813849707,-0.005904560308147122,0.006266645522092107
2023-01-25,-0.027631912364091016,-0.005734849532887387,-0.01382486439006081,-0.0019060703547231217
2023-01-27,-0.019925361547316833,-0.015456935276218497,-0.018971177009847073,-0.005452345864009889
2023-01-30,-0.0010211112614041395,0.012934903527276775,0.009583559952507814,0.006625410517928643
2023-01-31,-0.006597995956959313,-0.003281847771462565,-0.0025005184388587898,-0.02182798818875087
2023-02-01,0.014998438429012051,0.011312194812078458,-0.00592638185679939,0.014782507526804212
2023-02-02,-0.014869010007471872,0.021049581240307536,-0.005534415417371874,0.015271187040010403
2023-02-03,0.0345838858481291,0.009881598980206796,0.0008810710385507292,0.006329009533022623
2023-02-06,-0.004250034277553438,-0.01847565140627061,-0.0075353840416571005,-0.006418343438624796
2023-02-07,0.0014832400554989356,-0.004745705862383098,-0.002401102459455018,0.0036416866938719927
2023-02-08,-0.00012092809900488,0.017985209156995197,0.019970565420619035,0.013693081981211552
2023-02-09,-0.0020857826727498363,0.016661397312278003,0.0017430700430831614,0.0058946747325661075
2023-02-10,0.003968403707552914,-0.005225746469065817,-0.008234049111923936,-0.0009319051019217595
2023-02-13,0.0007542290948867603,-0.02555098550633228,-0.005691914933354192,-0.015589788799773796
2023-02-14,0.009256189016533689,0.016459840936379644,0.02356520100772852,0.005082599289790046
2023-02-15,-0.0020313714754912615,0.002385078082694614,0.022643950563531856,0.005871246093502647
2023-02-16,-0.003622112268241162,0.002974212105069318,-0.000781345438139236,0.010622992787910457
2023-02-17,-0.0050172880623193805,-0.011237280833138685,0.004176853319787455,-0.01599187051315143
2023-02-20,-0.009390764312108058,0.0054615160942781404,-0.010572664052723058,-0.0039557288349437725
2023-02-21,0.00374925956686023,-0.00813222861980123,0.008159429567590859,-0.010409278723049753
2023-02-22,-0.019617408304278605,-0.011205910329796565,-0.022677998653353848,-0.014329212733696695
2023-02-23,-0.006783483326507134,-0.007107226777087972,-0.004792055738067846,0.003601349511024754
2023-02-24,-0.008919353326510615,-3.227308246389615e-05,0.006842678152527926,-0.003910673954771515
2023-02-27,0.002485867461488489,-0.026666151654048842,-0.006649328655966458,-0.020173878747974383
2023-02-28,0.004206074894698819,-0.014410733280573629,-0.019131301906523235,-0.005702347651030393
2023-03-01,-0.0009688852086723321,0.005714056654529953,0.009192494808849538,0.021989917625052646
2023-03-02,-0.008510455224738922,-0.015975289644540425,-0.007615601344209688,-0.018976821222689177
2023-03-03,0.01984927469400799,0.0048568671249611395,0.025515537487140083,0.006232199296743568
2023-03-06,0.0070549423100367825,0.01902927090811679,0.009767623777659828,0.00888673828936204
2023-03-08,0.001997155917770055,-0.00978479352371886,0.0035911804923451918,0.005501252474776397
2023-03-09,9.195320748656144e-05,-0.00824017085969131,-0.024034590376451392,-0.0157946645068624
2023-03-10,-0.025786458233668208,-0.005978024175349095,-0.015492198022396986,-0.0017530103487675142
2023-03-13,-0.01265230001133022,-0.024769910475063384,-0.016446320154141603,-0.014725324521781546
2023-03-14,-0.0026775918235678597,-0.010521922526864014,-0.0037426419231386676,-0.02041478440388378
2023-03-15,-0.01435088598164247,-0.0002463300755525255,-0.01709173653645768,-0.004992232845686617
2023-03-16,0.006485460857750258,-0.01095341976886488,-0.004984330095755274,-0.004345172684100174
2023-03-17,0.013370653450523795,0.011822463505370528,-0.0012578056481240552,-0.0017895789842699017
2023-03-20,-0.006931005801622092,-0.012001080769939887,-0.00982865263162791,-0.011323341897174988
2023-03-21,0.011333431124249449,-0.009225970516720361,0.03109578363377974,-0.011834677833113205
2023-03-22,-0.002310882712382334,-0.0010426397947498334,0.003040240627298907,0.007951998960735285
2023-03-23,-0.008027694362236382,-0.010581183290961693,-0.012650435419950146,-0.001964197091936848
2023-03-24,-0.0015993645712953919,0.00443772299850953,-0.01979724049208742,-0.0013282405833315858
2023-03-27,0.004357120157095995,0.006011681126682378,0.01554480517943757,0.0005767844758883811
2023-03-28,0.008134229597884346,-0.00817166221176957,0.004670462623840965,-0.0020497204292884152
2023-03-29,0.0048096593912501096,0.004319010030573445,-0.005916435134162179,0.007381557361127111
2023-03-31,0.013698110310435663,0.03209146070630364,0.04311541697222632,0.021344898151975045
2023-04-03,0.0006212560026310765,-0.011975196167310798,0.00017161391183129204,-0.0018401821319085077
2023-04-05,0.02682312419280164,0.009001715870423643,-0.0024019531267025496,0.012437388520062376
2023-04-06,0.007619086189819546,-0.0011592023961953801,0.006707101431212781,-0.005895500270684972
2023-04-10,-0.0047409560060140965,0.004008841430223065,-0.007089545122258456,0.013258026752283048
2023-04-11,0.0029245135747497653,-0.015025201587997028,0.004946597997528501,-0.015198904297955895
2023-04-12,0.012986264224639221,0.015752198601418188,0.00440857578897802,0.008665667020284706
2023-04-13,0.004480897519579807,-0.027375246156639332,0.003771374655578308,-0.016287683673745113
2023-04-17,-0.015244092325871539,-0.09422681868304028,0.005073180123777998,-0.01547597304029591
2023-04-18,-0.004230092236392924,0.000834272643727596,-0.011446835349817719,-0.0027869014364139133
2023-04-19,0.0036755033753514965,-0.021558756624518893,0.004977821693984419,-0.013143920639928752
2023-04-20,0.003722204360122383,-0.007141553201946538,-0.0025299050535229073,0.00491973785112676
2023-04-21,0.0016149047399673933,0.0032288400981077547,0.0012575605513749366,0.018052729370315435
2023-04-24,0.008091577183391596,-0.0008556357113065349,0.00383146516630406,0.004413352278215044
2023-04-25,-0.014216831094768234,-0.0011416075240596735,0.007654775303993722,0.00037794629834619897
2023-04-26,0.004596986397161329,0.0021633619137471083,-0.005871009310085329,0.006974068887789064
2023-04-27,0.005503068540396949,0.015233583603092571,0.006329076665974265,-0.0031892549119605373
2023-04-28,0.003926174932184168,0.005215732638699677,0.018278901573977935,0.00981821324940002
2023-05-02,-0.00020737946172133537,0.019716435725027237,0.00849007004280078,4.6590975435245596e-05
2023-05-03,0.003496786605575064,-0.006497237126962152,-0.008582476109974868,-0.012269347279300402
2023-05-04,0.02046491772805359,0.0034670265939265033,0.011528404448271967,0.01283048360815986
2023-05-05,-0.059121446762836594,-0.011346402643976128,-0.0025530362364671877,0.003105024095649611
2023-05-08,0.011564611783873469,0.005162608368316057,0.012347640807612192,0.006159683232724866
2023-05-09,3.0314848629364732e-05,0.004029619533495454,0.0030948833980040114,0.010044257583989857
2023-05-10,0.004621447282649349,-0.00586305133830789,0.006876298452554774,0.0010811861482040719
2023-05-11,0.000665834833803558,-0.005659928866838415,-0.006528898860441723,-0.0014146367860485842
2023-05-12,0.00883148009084378,-0.008677666947046414,0.0016328170239048312,-0.0023917491085839737
2023-05-15,0.004796690726811104,0.010560621062602582,0.0019723318141513513,-0.005879108013955414
2023-05-16,-0.005733894780824311,0.00472852097588361,-0.01424128651766865,0.0009523172618410847
2023-05-17,-0.00537252978396674,-0.013762652488629734,-0.005909148369491746,-0.015177441002849457
2023-05-18,0.003997697930977484,-0.0007217049700828371,-0.002152256026491828,-0.002758071456363864
2023-05-19,0.0011550661210744106,0.018378792849267134,0.0032455094648966565,0.007187898320619723
2023-05-22,-0.0035521985015551927,0.018835076698375808,0.005344085309131996,0.023534944107565625
2023-05-23,-0.002346108108508771,0.005607979866045554,-0.00018331801689375204,-0.0004999961371616735
2023-05-24,-0.013070976723429162,-0.0010768458184696739,-0.005825744703938152,0.0019107265342193092
2023-05-25,-0.0038371917397499455,0.004389202837746797,-0.00012295069841283812,-0.0029818507710058784
2023-05-26,0.003851972496796474,0.010043244083863145,0.027275177223661906,0.010748470822856016
2023-05-29,0.012192023043485545,-0.0023150807176662846,0.005625197967985329,-0.002568369981801988
2023-05-30,0.0007643441431899323,0.007189707417388336,-0.00025779522911206776,-0.001249954727717495
2023-05-31,-0.015824045180777846,-0.004192343067140669,-0.019861505980269256,-0.00805130059440351
2023-06-01,-0.004252418372695743,0.0009101895799190629,-0.0026923653232701072,0.010487722090778417
2023-06-02,0.0015585528460750897,-0.0023040193997199143,-0.003268154787105404,-0.0055354033893973975
2023-06-05,-0.0013071814809737514,0.004233975660377309,0.008980979718488324,-0.005052084031843984
2023-06-06,-0.0031163286852865513,-0.019547688561512455,0.0008478003068661533,-0.017209129256335
2023-06-07,0.005189364930472173,0.007779391774149547,0.007582647132797993,0.01317923421807854
2023-06-08,0.0006219395919038195,-0.004771157165330053,0.0006002911754734441,-0.011740904570304411
2023-06-09,0.001181208003463885,-0.013135489276729917,-0.007080748172205054,-0.008388643264437223
2023-06-12,-0.006084702762612637,0.020538004910646723,0.0008862741920747652,0.011715867486794762
2023-06-13,0.0016865454131809177,0.009984930401714998,0.014773657669752804,-0.0009855311533805144
2023-06-14,-0.0010913429148976528,-0.0034102829461897244,0.012297414814561813,0.0022659951612720164
2023-06-15,-0.012298968503917318,-0.010458357050604383,0.00027433864790227247,-0.003331291406383552
2023-06-16,0.01308421912757507,0.00376890268970298,0.009735408097244713,-0.012871908079802985
2023-06-19,0.0008735454537061038,0.0018195704024270842,-0.009932564181680203,0.011181378760335203
2023-06-20,0.0020883781167555515,0.007264250351733281,0.0020769665976194673,0.005388801529686127
2023-06-21,0.017480524815963516,-0.003107251098980024,0.002815661835300798,0.009449290346008388
2023-06-22,0.0048911811676144445,-0.013699175680195075,-0.011231128854576888,-0.006046189295382032
2023-06-23,-6.081260751411577e-05,-0.012914131183567545,-0.008183777628041122,-0.00683935211670772
2023-06-26,-0.004837299975780307,0.004229209337712536,-0.007634878421472924,-0.008301411183371576
2023-06-27,0.01409316079374956,0.006927329158705087,0.00036067853855548115,0.0024140269829744376
2023-06-28,0.010581195654467024,0.011101112945096858,0.01323874951584103,0.005660921134036823
2023-06-30,0.015064288463391806,0.03258979471721468,0.008203189007302214,0.026994701120582665
2023-07-03,0.010814622601594825,-0.0013477741026365342,0.025664134100494618,-0.009069752317769297
2023-07-04,0.004884331381987739,0.008585105554326677,-0.010303192943984407,0.011169624111081689
2023-07-05,-0.031767237350606936,0.0015984036076994723,-0.0016416790845357188,0.003354694274466663
2023-07-06,0.00101598946776571,-0.0025235744334068944,0.02099047816519173,0.0008883928415521769
2023-07-07,-0.008716392235104897,-0.010194303937316351,-0.0019515758280650441,0.0019111287086504003
2023-07-10,-0.00237896414718175,-0.0007893752364056539,0.03852136304768217,-0.017211118585385043
2023-07-11,-0.0048597476480506385,0.014633505753010034,0.010840679390566432,0.00013755339858367854
2023-07-12,-0.009372791311089146,-0.011345041074220297,0.0011031124309983653,-0.003819963822311867
2023-07-13,0.004990971063242755,0.023850487417685473,-0.008942224370945051,0.024740073064476453
2023-07-14,0.0020718483252966102,0.044575449574489445,-0.0008384856837420074,0.05211712149820813
2023-07-17,0.02091815366294192,-0.0021039277493364317,0.020432860121354146,-0.006529671495138278
2023-07-18,-0.0008338492447176327,0.03671956604426141,0.00849205682177101,0.0014747628546314395
2023-07-19,0.004530451926036516,-0.00016942202251224447,0.007587453680580669,-0.007663924290338686
2023-07-20,0.002166074546752439,-0.01725485719435038,-0.0012110160113818491,0.0006501740252060628
2023-07-21,-0.0076979150375461325,-0.08133836941441475,-0.030956034959494727,-0.027430565673932428
2023-07-24,0.0015813270199993568,0.003754836682356988,-0.02022645376208465,0.007852678418855508
2023-07-25,0.010843717835440803,-0.0014964145106513005,-0.000643187255803146,0.0012959371954723853
2023-07-26,-0.0034776341709508163,0.01067747686326892,0.016252171732105136,-0.0031917706749883257
2023-07-27,-0.010380225262904719,0.00318794079919682,-0.009302464637258923,0.0025381671395705574
2023-07-28,-0.017721070020581653,-0.009348629967931066,0.010049186754340633,-0.012217148217421148
2023-07-31,0.004684992138138,0.011339133713110794,0.008465680377409468,0.019684652354909016
2023-08-01,0.006692244331893971,0.00700736639062316,-0.014141416292952513,0.008943695278630814
2023-08-02,-0.013084716280027053,-0.00611635328429061,-0.01068356028062789,-0.003302437946242298
2023-08-03,-0.007223389808637126,0.005490758169107046,-0.0042029319567558066,-0.011829124730934892
2023-08-04,0.014459721870792253,0.01029822763090582,0.013590902035748975,0.012823753550665895
2023-08-07,-0.0005749024491344956,0.01062870555654749,0.00569825283609493,0.011761156410550422
2023-08-08,-0.0008175085356503242,-0.0020100075161971764,-0.006022620055358696,-0.003860505518321622
2023-08-09,0.00036355839064716733,0.003021036439020852,0.006597284089353561,-0.002333867646327148
2023-08-10,-0.008876095730565803,-0.003800854226776784,0.004455147772191914,-0.005891698230646059
2023-08-11,-0.010422693526551674,-0.01241820134818572,0.004218391040596847,0.00194637099277295
2023-08-14,-0.004880120464053395,0.015818175847735594,0.011817130551516897,0.00030459896425694133
2023-08-16,-0.002917690728519662,0.017903861566567203,-0.0008147887022478262,0.00247825546052316
2023-08-17,-0.005540923631977557,-0.004899455927719787,-0.014426274382724147,-0.006549127691119039
2023-08-18,-0.00410076561757311,-0.016116981634158867,0.007407312320096171,-0.019981149772105966
2023-08-21,-0.0007858461911056658,0.01195267838989289,-0.010911355756610841,0.010260927896796224
2023-08-22,-0.004277977234195873,-0.001174113104920771,-0.0002381397614932279,-0.0057323882602282605
2023-08-23,0.002464060274034674,0.0029919690532027587,0.0011114208967040184,0.004760276580632938
2023-08-24,-0.004600941371827982,0.011115404125535022,-0.016810678936158285,-0.0030898298957805492
2023-08-25,-0.011270840354364986,-0.0024585268323450427,-0.004617245392698144,-0.0019039732466235026
2023-08-28,0.010406643353750855,-0.003133517418155596,-0.009966240806545179,-0.001700459645660457
2023-08-29,0.00795437094559337,0.001412854592500734,-0.009575426232876327,0.00017767786706834876
2023-08-30,-0.007294239776771683,0.012344317959895879,-0.0009503179429315445,0.004383706673413368
2023-08-31,-0.004592427701495927,0.00020901659522221117,-0.004569872649979545,-0.010070715828214172
2023-09-01,0.002068230209121502,0.00585179062524066,0.002347282559604702,0.006672889069629706
2023-09-04,0.006255278169697176,0.014717557590759434,-0.0008081872384706479,0.011629918312909826
2023-09-05,-0.0060901560588144665,0.009419381800908067,0.0053512255041996415,0.0031737804113913803
2023-09-06,0.01308015563904874,-0.0009807752422632543,0.002104295142818735,0.00016040567230635183
2023-09-07,0.009620829328551794,-0.007614337287664585,0.0013587018437815068,0.0073909638581912684
2023-09-08,0.00779092311368168,0.0023189280260742517,0.0066612164456441025,-0.0038637031276408385
2023-09-11,0.005174370515705906,0.004661085982272661,0.010783439915323711,0.011258316426666859
2023-09-12,0.0031253304706886365,0.01669551281851711,-0.014446664570225143,0.028773369169161622
2023-09-13,0.004276375014269362,-0.0018320118857231282,0.005002250372297512,-0.003616522781568654
2023-09-14,-0.0006083202556684819,0.005739631568262515,0.0009179448791560851,-0.00218620213124876
2023-09-15,0.011473671539015351,0.0030857448540639876,0.0018547576674541322,0.010744188717963343
2023-09-18,-0.019678034763962016,-0.013098704291835461,-0.00870685610256905,0.002181652658312716
2023-09-20,-0.040115425807417116,-0.0010390273534823802,-0.022286652094236636,-2.7767926601751647e-05
2023-09-21,-0.006618961170365201,0.007716822694625369,-0.0072831847863188415,-0.005754096885059123
2023-09-22,-0.015257309872588776,-0.0037289911373168394,-0.004165238351185541,0.005118118663470117
2023-09-25,0.0008824966094715947,-0.01470432163567148,-0.0061572800938944905,-0.007353686050722175
2023-09-26,0.004343553043755444,-0.009157799605000294,0.0008757834526100794,0.002390135399616522
2023-09-27,-0.007023731498660313,0.004347246716771336,0.011270019009101295,0.0010041004739627102
2023-09-28,-0.002063017263570277,-0.01877971722141769,-0.014690307291787996,-0.014640812210454657
2023-09-29,0.0017063698906538693,-0.0027788972421156632,0.004669959596351747,-0.0023043351284590674
2023-10-03,-0.011957026255533743,-0.0010101882531240447,-0.011450041013992496,-0.004180160274981026
2023-10-04,0.014256824419969893,0.00721768028058567,-0.00172544767425864,0.006801659187180231
2023-10-05,0.004053485876506668,0.013223929411755764,-2.1574819400793643e-05,0.014585514852033077
2023-10-06,-0.0011068235829040374,0.010420502275856558,0.0016853167113657364,0.008929229780159531
2023-10-09,-0.011603377942006055,-0.0021978061018987916,-0.008520313119545042,0.004680420216692349
2023-10-10,0.005671872244706666,0.013351895682918613,0.004416409321921222,-0.002597269944584313
2023-10-11,0.009673047952621472,-0.0005015720021981362,0.015876854862132417,-0.00523573291388757
2023-10-12,0.006657650563639539,-0.019339019965552873,0.0018548984063984086,-0.018656969880529006
2023-10-13,-0.00909770173630875,-0.023439099824715814,-4.239754450130473e-05,0.007988646533587884
2023-10-16,-0.0040045390056095975,0.0020962833024609218,-0.002234811744304066,-0.013106337389229616
2023-10-17,0.007583619166151134,0.005787404617761949,0.00477803910903396,-0.00482388505131115
2023-10-18,-0.013917623209307672,-0.001317224114296911,-0.013268170571579696,-0.005645765533461744
2023-10-19,-0.003158453353873103,-0.004789816782237555,-0.007680782866892222,-0.0064975841223592345
2023-10-20,0.005181623374441058,-0.004464113538172554,-0.003056974870395357,0.011256949397967286
2023-10-23,-0.01099938135119749,-0.01303213860483643,-0.015614800545062035,-0.02415186237369238
2023-10-25,-0.0063410611563914365,-0.014813173879138386,-0.002319831861908095,-0.005879531749894196
2023-10-26,-0.022118296495205136,-0.0077369413444565716,-0.013928481681996674,-0.015736992704414532
2023-10-27,0.0039292323402644325,0.015373839503730835,0.01765100757881033,0.004255583253264916
2023-10-30,0.010856612441223934,-0.00239072385617789,0.020610731187769904,0.008236499224195448
2023-10-31,-0.0057909239663404,-0.006281603390211332,-0.010637806825655294,-0.0029005728055180313
2023-11-01,-0.0013545786209815391,-0.01041351126176937,0.004152267584652369,-0.01130991386424507
2023-11-02,0.001525925466012934,0.011815500785756994,0.00992429836036024,0.008842131940541842
2023-11-03,0.00474022274919661,0.01379411305193945,-0.00021550362550626367,-0.0027379972620807935
2023-11-06,0.007245072230119387,0.01025888694072985,0.00832004213882076,0.008758813105370411
2023-11-07,-0.004851080798312868,0.0007125464536492654,-0.00649852710076837,-0.0028991915936472656
2023-11-08,0.0028912764368222987,-0.009470987823134047,0.005206939241157116,0.0032933182808603245
2023-11-09,-0.0039556359362032945,-0.011646220873845037,-0.010852272428152565,-0.010084198037952796
2023-11-10,0.00393757949696627,-0.004328068987299538,0.0018825948855072383,-0.004182229132434712
2023-11-13,-0.0018102229797166691,0.003433688681102609,-0.00012951322787935204,-0.0005699860358139297
2023-11-15,0.010478305107846309,0.026901077640280935,0.018080858387576892,0.02183674640032418
2023-11-16,0.002625569424953955,0.02438851978787171,0.0018035497993185157,0.027479959184908642
2023-11-17,-0.002154668892700551,-0.005086773607930528,-0.002181512827417964,0.0013151230608343667
2023-11-20,6.640861462203773e-05,-0.0006609356713331849,-0.0026320169281037753,0.004896568210882135
2023-11-21,0.008470660339409575,0.001670580029718538,0.012577785436250544,-0.0026708956095421454
2023-11-22,-0.0035573602235772217,0.013064655438836947,0.003909480847741342,0.0056834221186783385
2023-11-23,0.005784910380776331,-0.005864992833187754,0.0030566832931731014,-0.006203564695701935
2023-11-24,0.007099217913790534,-0.00817656894190244,-0.0006679754440488406,-0.014579937055547942
2023-11-28,-0.0022518263859045984,0.0036871214591533974,0.0002088690118013936,0.003774779836104525
2023-11-29,0.019952269378566756,0.011714086174469784,0.0026311177982711875,0.012564315051780683
2023-11-30,-0.00022449328744156283,-0.0030486683661749003,-0.00968464262088975,-0.007442241957950846
2023-12-01,-0.002181155192438222,-0.0019585578043198604,0.007087475090490791,0.006895975807823973
2023-12-04,0.03471772437599685,0.008297062254660759,0.010817257318952223,0.00022775657681650685
2023-12-05,0.008885206406013646,-0.007102083945567661,0.007251502138246879,0.0054520016968515606
2023-12-06,0.0025252653980945006,0.013996506803493292,0.009578614607861358,0.020528900608024925
2023-12-07,0.0016278309555064485,-0.005697688244366228,-0.001645613401471402,0.0029966800857808007
2023-12-08,0.01395325797797664,0.017224889693184142,-0.0005291219258676261,0.003264236590835523
2023-12-11,-0.0013307911527991045,-0.0017772817310655054,0.0014659208701186532,0.004466864299282003
2023-12-12,-0.009933427984432197,-0.008364002620495747,-0.01435333632615432,0.008015653371456821
2023-12-13,-0.0022634528020375466,-0.018325935977501873,0.004083924439230557,-0.02139092596639236
2023-12-14,0.011803314943127363,0.036197362097372565,0.012407878893459845,0.020508733901913212
2023-12-15,0.0038784581075148594,0.05125046318488646,0.012763146193288222,0.052832613957693564
2023-12-18,-0.0005132069209575763,-0.008901448268910594,0.010177811360086775,-0.000466237500038158
2023-12-19,-0.0016910666748066738,-0.0038673800528693514,0.014716370004341783,-0.011142276036739784
2023-12-20,0.002480426391761048,-0.014053784742049436,-0.012098842466514048,-0.009472686001066766
2023-12-21,0.017923913112581902,-0.0002602596216311204,0.014007963870130702,0.0019709086395078845
2023-12-22,-0.00939699871526889,0.01751300919367571,0.0009755171493399661,0.009636794707147844
2023-12-26,0.006942667041553774,-0.012124928198656848,0.005068148217327151,-0.007439777303685169
2023-12-27,0.012392643798795788,0.01499394899385198,0.0034134348904943934,0.004123249380200367
2023-12-28,0.0011447609405916825,-0.002839618204930061,0.007228826314022996,-0.0029648028705983043
2023-12-29,0.002345738600615821,-0.01263881014553181,-0.00790613712277699,-0.0017108105788650185
2024-01-01,-0.006523363346327082,0.005476713212398288,0.0020503959738031874,0.0046661284284783555
2024-01-02,0.0005889038810493741,-0.010926025134955997,0.008280987474499346,-0.00732071823791558
2024-01-03,-0.01541992019121985,-0.02893636114744591,-0.010874167335911844,-0.024172656406934667
2024-01-04,0.01072988737407754,0.015234898435315447,0.005167727650785103,-0.0067583347671045235
2024-01-05,-0.005115778855710351,0.01312231955728449,0.004255552919257388,0.0193902799096064
2024-01-08,-0.011146128571051572,-0.006362006539248011,-0.007803699145799592,-0.015944855990859375
2024-01-09,-0.00778506460588857,0.004268437116160317,-0.002647642701600894,0.0031536676611125802
2024-01-10,0.003301989369382863,-0.006146530895520863,0.02697160551048494,0.006273795188212361
2024-01-11,-0.004196886910646125,-0.01690901081412377,0.02630092327104583,0.006059731467290108
2024-01-12,-0.004730207726976854,0.07934011747246061,0.007960064576845172,0.03941855397793259
2024-01-15,0.019254209064365035,0.02439919325111939,0.017071220427544942,0.0054084931753970444
2024-01-16,0.003796105324136212,-0.01243857154001371,-0.013987237803243069,-0.010886720105872993
2024-01-17,-0.08435821841699642,0.005301597758664123,-0.00949348432255559,0.006034207101439426
2024-01-18,-0.03339832075673621,0.0014632880004690207,0.004682050055125231,0.004633644861326669
2024-01-19,-0.010429648877066988,0.010105859368247705,-0.0003655188601342507,0.01740383507052612
2024-01-23,-0.029442839946529076,-0.010275992047398042,-0.028428808417957585,-0.021506264454408175
2024-01-24,0.02000213153167074,0.020247813754064703,0.011516122729173572,-0.0042635954439060875
2024-01-25,-0.014423978483851685,-0.0037602454092373616,0.00684581273665974,-0.008199275739678047
2024-01-29,0.013764049387455124,-0.007489062138055447,0.07019207209119882,-0.0024407639555652505
2024-01-30,-0.007115161207585929,-0.003108846166549828,-0.027916892280704486,-0.00011828218650411504
2024-01-31,0.012635884843198664,0.005722284878478812,0.013497874423745282,0.00405186674384117
2024-02-01,0.002598144701739802,-0.002317889324922162,1.758461973300207e-05,0.010010708752694608
2024-02-02,-0.013775705864664367,0.021906321306379484,0.02176429076484898,0.029098590116570566
2024-02-05,-0.0008989371278204095,-0.0036319488375604614,-0.01281131092421095,0.001764809239072962
2024-02-06,-0.000519137611828091,0.02504155148495646,-0.00780036920556848,0.040948325143231434
2024-02-07,-0.009798481969117145,-0.020642371721477648,0.010050382396159518,-0.01271760498061869
2024-02-08,-0.018811689198392045,-0.0009741802429423796,0.005529920201539751,0.0124160902461663
2024-02-09,0.0003919474595548422,-0.013444858517619451,0.007326911261691604,-9.659824920393856e-05
2024-02-12,-0.009689326649695795,0.006439638303447737,-0.00575045175987432,-0.0031449735308451965
2024-02-13,0.0032012876607150353,0.0026487085635742424,0.0087788239322526,0.006988935880085867
2024-02-14,-0.007458036124533662,-0.010893192024374332,0.011108520303732217,-0.011904995677680663
2024-02-15,0.021675537457571448,0.006091757505968243,-0.0072736244199861355,0.0007562731271730794
2024-02-16,0.004137046230407337,0.015092321648907392,-0.006816993632388413,0.006117052729458949
2024-02-19,-0.0019719869568169957,-0.0011165615086786707,0.009191620663659084,-0.005934760951715856
2024-02-20,0.026250832318857054,-0.008530792817184829,-0.0020183055777382997,-0.017824938674418478
2024-02-21,-0.010417471515258514,-0.017623382294695733,-0.0022603054647595267,-0.009713021345459927
2024-02-22,-0.01361900780779779,0.015583927783226814,0.009572803224650261,0.023951049144888215
2024-02-23,0.000739622165447873,-0.0026764285968762236,0.008014149187248742,-0.008563557430867785
2024-02-26,0.0011966279016901726,-0.009959137696922693,-0.004217973849402257,-0.012598471130061628
2024-02-27,-0.0015115657751105793,0.002078076897904735,-0.001126117932493731,0.025830684949903482
2024-02-28,-0.007569711862609241,0.004598560614597957,-0.020210035106284052,0.0035451337136298555
2024-02-29,-0.004257116943339634,0.0015856001009180165,0.0035552472908797483,-0.00579041401308511
2024-03-01,0.01948838096266181,-0.011470314739630227,0.021443640697963895,-0.0001831485996919291
2024-03-04,0.0013629193207684853,-0.010575914909375372,0.010237124249434792,-0.003333838816875989
2024-03-05,0.005688476724916347,-0.018751514594753882,-0.004776431842498541,-0.016810884944652882
2024-03-06,0.001214625923938284,0.006878330108515351,0.0018663295556990978,0.013010614752422933
2024-03-07,0.0024262178620020336,-0.0006800481612608822,-0.016017850921698162,0.01089976200486742
2024-03-11,-0.012654758937604482,-0.00980540547391029,-0.008333789276905978,0.0033467340402371093
2024-03-12,0.02223700570817444,0.007715763113678609,0.006017298002359395,0.016956412762531903
2024-03-13,0.00058239016429118,-0.0009609241334560537,-0.029313595401853965,-0.01031665200843268
2024-03-14,-0.003389602288496829,0.026002333089854224,-0.0004888298556980919,0.014123784732832378
2024-03-15,-0.0019236482676566746,-0.011673619544337765,-0.009256142741806528,0.002768686281283017
2024-03-18,-0.0045434661687973055,-0.019186093890709133,0.014983603202708196,-0.01582029022992615
2024-03-19,0.0022821017364318408,-0.025707427324524024,-0.009882156674163367,-0.04219132933322067
2024-03-20,-0.012626295620638439,-0.00416278194602171,0.012980219098305046,-0.0016092531071852934
2024-03-21,0.010272025429515663,-0.000160846829791228,0.0050042992920542595,0.0005162814180188491
2024-03-22,-0.002005862837634931,-0.029491244446702036,0.0027912400118084157,-0.015618185325594669
2024-03-26,-0.012094046787324064,-0.010736497078082441,-0.009243837322053694,-0.00854013411053256
2024-03-27,0.010733737001404009,-0.005895704925150236,0.03556867587086776,-0.009439032504203748
2024-03-28,0.0049976766935893036,0.009569740884760591,-0.004688961130108638,0.009216450244324381
2024-04-01,0.015608793530833331,-0.0017356005222817217,-0.0007235165386677567,0.010435244666124666
2024-04-02,0.0065624157822739,-0.008425530608841991,0.001464811073660366,-0.008412591729618724
2024-04-03,0.0014525726227001545,-0.0014836455360264234,-0.010323035879955644,0.016350046860544643
2024-04-04,0.030560544422119973,0.0040859999618207965,-0.005894987923230066,0.014186894433270814
2024-04-05,0.014369010022028839,-0.00511189793262723,-0.0019311156675488883,-0.0060075692394090385
2024-04-08,-0.0019037877793383062,-0.001622753329922788,0.017721419199227206,-0.0016836999319087553
2024-04-09,0.0012608281083985595,0.012291053150073061,-0.015023746924568426,-0.006544908506408542
2024-04-10,-0.00787833092537038,0.007994104731567031,0.010880323249758739,0.009653903174684286
2024-04-12,-0.011325613300661286,-0.01463367790419956,-0.00839761737959499,0.004203611024762299
2024-04-15,-0.015965051870917235,-0.011180343135148818,-0.001584833608396563,-0.01504469577924994
2024-04-16,0.009734509116311907,-0.03657673484044166,0.0006314809277145894,-0.01735498578757977
2024-04-18,-0.009640662004145262,0.0033936655731501286,-0.0009721286757071734,-0.00278876417152929
2024-04-19,0.024486668905198572,-0.00563685745790532,0.0039609100628617,-0.009269703157972042
2024-04-22,-0.012473167277226915,0.015234828197391304,0.006615009792734217,0.010035938816445933
2024-04-23,-0.003041863502356801,0.006735207244767727,-0.0138696111132397,0.0026135430814264726
2024-04-24,0.0027194858498060803,-0.008076699838746149,-0.006270014606944763,-0.011265417790373156
2024-04-25,-0.0006283348661474397,0.0053815787160444994,0.006757739970110199,0.005520617271903783
2024-04-26,-0.0006288129306849521,-0.005700520026093114,-0.005085643883805946,-0.008008325815095252
2024-04-29,0.013048083247909181,0.0031464033024000138,0.008588313530505154,0.012783428236330163
2024-04-30,-0.006145858426906181,-0.009897145381284278,0.0013481560832513395,-0.012803085919249058
2024-05-02,0.007992945833216192,-0.004294282039652653,-0.00030680580785069633,0.011163208461179686
2024-05-03,-0.008255888510229181,0.001308076487733123,-0.022194904957440698,-0.005151216409175485
2024-05-06,0.002007167405733812,0.006778189757089104,-0.010094142707927745,0.0202035473049631
2024-05-07,-0.01083639716253415,0.010554710865482209,-0.012715588039204029,0.014766540196796907
2024-05-08,-0.015602721371197004,-0.00947277436682159,0.012183618665748908,-0.0005027403076097725
2024-05-09,-0.023707538594818223,0.008582556840509792,-0.017218327297845226,-0.004211815116097251
2024-05-10,0.006932843858268756,-0.010176950061953183,0.009540112993452476,-0.016741489252677155
2024-05-13,0.012066151783387324,-0.0010175850304076084,-0.0033572108910878695,0.013842123152402408
2024-05-14,0.003916797365439262,0.0008781660111774059,0.012386803517364653,-0.011804088686686698
2024-05-15,-0.01536674427468987,-0.0033340301412345674,-0.002675838065554381,-0.005331661680982203
2024-05-16,0.015119941646313917,0.02352201986053548,0.006407549125267087,0.012602449241812197
2024-05-17,0.0026365712830374033,-0.0062269546962931965,0.007261438264315245,-0.017136755755217337
2024-05-21,-0.003619924643914252,-0.007027595451521318,0.0002960210860205592,-0.003625377724965295
2024-05-22,0.0002741896225206819,0.014398853494443697,0.017077143077331547,0.0030888799375092812
2024-05-23,0.022889193573563116,0.012097744492242102,0.017389599293871516,0.016035956109848204
2024-05-24,0.016481262991837164,-0.00495795342360994,-0.003903004241625707,-0.011288124720203241
2024-05-27,0.00692073914831437,0.004265918476035857,-0.00945783026432545,-0.0006364113783560166
2024-05-28,0.0018328457919254415,-0.002922365689524864,-0.006854243269317939,-0.0018586527689834487
2024-05-29,-0.014505066551512291,-0.010974441960488801,-0.010592620254146201,-0.009440471353190594
2024-05-30,0.004342556429610012,-0.016196362306033607,-0.011053153891567913,-0.01775899502678835
2024-05-31,0.011024206096186262,0.005323535414649694,0.003895184900022164,-0.017438117269955145
2024-06-03,0.026541770426659284,-0.0007106960936651419,0.0558759670195661,0.008689974498734765
2024-06-04,-0.05664041458980795,-0.008713349070302745,-0.07485140469382012,0.0032810689829956274
2024-06-05,0.04628666314534535,0.026154288870130937,0.01680053094514733,0.008465814009500194
2024-06-06,0.005090807040371015,0.029473531703158695,0.007636796949228808,0.02240783391858603
2024-06-07,0.008751724683893292,0.041670926102698846,0.02678812177430978,0.016590947489675045
2024-06-10,-0.007658810403847194,-0.022072205959071223,0.0009865011142895508,-0.009052504045581
2024-06-11,0.0022417525258939808,-0.002667210239972073,-0.010007397316991185,-0.0017103760536635315
2024-06-12,0.00597515109447988,-0.007053284010088867,0.004565059762816404,-0.005308928556811754
2024-06-13,0.0041928080220983155,0.005891473000910308,0.001315603264814058,0.012135804616769885
2024-06-14,0.010216563598352879,-0.0033802890722336443,0.008394530689066482,-0.011887062608857302
2024-06-18,0.006825808207053807,0.006246161887109469,0.0023518619517464145,-0.004423233498815904
2024-06-19,0.031129460112890417,0.008777243022074055,-0.015107836072132619,-0.003512347411514405
2024-06-20,0.006936652144256872,0.0026797085147296507,0.010317693364962022,-0.003800875433886075
2024-06-21,-0.0021565366338862635,0.011416181419470206,-0.013231972490982069,0.006204961143670085
2024-06-24,0.0039922509436949305,-0.003621092803378745,-0.008750573559260566,0.0015876404809866962
2024-06-25,0.023289886713483643,0.009691174247695944,0.008793185758779076,0.0056722231435129
2024-06-26,-0.0057556866277864716,-0.0008106044505838961,0.0411752309284259,0.0045331516975364305
2024-06-27,-0.0031443069887190367,0.021191653463960236,0.01091467935393231,0.020306691664728982
2024-06-28,-0.007281202321097524,-0.004194796726343819,0.02276953662848391,-0.007625552498791377
2024-07-01,0.01270936588221061,0.015350220306491691,-0.0033537739776928754,0.018967022362052832
2024-07-02,0.01489555963571143,0.019015632426233386,0.0032208157613302646,0.009853748115062011
2024-07-03,0.021986704460015938,0.0039171998596068125,-0.008146005840799275,-0.0129809464561772
2024-07-04,-0.023464226522535103,0.014286532194373924,0.00103065344426434,0.014047034498644306
2024-07-05,-0.045769107202913495,-0.0019386099656744094,0.022264705796238182,-0.0022756391364937567
2024-07-08,-0.007736180590102726,0.008619397258684103,0.007726807675346725,-0.004636260717801544
2024-07-09,0.0007032014693770794,-0.002708204401272063,-0.006636852552564965,-0.0019283572000491356
2024-07-10,-0.006354984152985965,-0.005370596057538646,-0.0038044145220411663,-0.019156958426495674
2024-07-11,-0.0025829025515787807,0.002699836111125453,-0.0022566060120837728,0.0037221202955322052
2024-07-12,0.0004932336746024113,0.035729346907229065,0.010169875248472016,0.06632775524603951
2024-07-15,-0.0003697047645558893,-0.0027457504174880354,0.00031314816413674507,-0.0035254025294242375
2024-07-16,-0.0014487047615358017,0.01113037332058342,-0.013132168210937212,0.0022186494877858287
2024-07-18,-0.0030560582363557964,0.018539466263566284,0.006613864970271388,0.032811073019643144
2024-07-19,-0.004644492522152488,0.019851480477393935,-0.019868638319029297,-0.0007314784698648769
2024-07-22,0.021931127042678522,0.009983579652722119,-0.03502873474372403,-0.0034980124929017142
2024-07-23,-0.014702725470337574,0.014385492507307474,-0.008512924756102769,0.003498503558255317
2024-07-24,-0.008866751124292471,-0.0016059994959453094,0.005242276345356123,0.0009065476220087021
2024-07-25,0.007823909812235685,-0.00496187655803737,-0.0022062441131743826,0.00377356118010308
2024-07-26,0.000958782823369031,0.029618798193203677,0.011139742374659756,0.015118449839456982
2024-07-29,-0.008095590711742706,-0.004151347121003401,0.007339108470147515,-0.001538121423327099
2024-07-30,0.006541787800893095,0.003233385851934667,-0.004571978958622935,-0.0035947926299394473
2024-07-31,0.00012375479396675715,-0.004741235442062175,-0.005105304473031147,0.004581322310437175
2024-08-01,0.014265875714105425,-0.008376763223371775,0.006559719728269187,0.0026792229395014022
2024-08-02,0.012417556268290442,-0.016949257207503066,-0.010542570659618278,-0.02593753870346671
2024-08-05,-0.026157961302971322,-0.038051756011005855,-0.03468225254936952,-0.029885198637241817
2024-08-06,-0.009005110073006306,-0.0004566059960431357,0.0060283569834118644,0.003886924830197591
2024-08-07,0.013927037452677649,0.02315686241772763,0.0060265232562009,0.007012326031742733
2024-08-08,0.011826323314208409,-0.02707005793256889,-0.01071796577511086,-0.006642318945489167
2024-08-09,0.004565609587207753,0.015833330112612343,0.017372604731512364,0.01346913123250748
2024-08-12,0.005999334540197632,0.015050162902552344,-0.009275626479931631,-0.007827451550459719
2024-08-13,-0.03427510138121703,2.7793358009953195e-05,0.0020539625708344555,0.0003099288405103984
2024-08-14,0.002869367384826571,0.014353774296766542,-0.0012128290171544709,0.023421714223925028
2024-08-16,0.01511384109455638,0.019580322169779008,0.011184530964905015,0.028124216580588612
2024-08-19,-0.0003370262700076454,0.0031470267254185558,0.010317670409234037,0.016745775339931823
2024-08-20,0.003769430283625086,0.0039681525323636,0.005072514903698533,0.007416288798119064
2024-08-21,-0.007266236980828067,0.0002670329945644312,0.0018216343472334806,0.0062345792953000245
2024-08-22,0.0033829419518209836,0.0040317123085436,-0.0003670172821144124,-0.01087565780416766
2024-08-23,-0.00383136357651781,-0.009653020342896168,0.0012348841225475748,-0.008462986290947327
2024-08-26,0.009168955358966002,0.007545261774799306,0.008416841559635513,0.008636075813731159
2024-08-27,-0.001341501236599818,0.012765529020043465,-0.008032538192780048,-0.0011771171271057757
2024-08-28,-0.0003969022287185764,0.02052521252667394,-0.001432843330646083,0.0019789286584579457
2024-08-29,0.0008857139553528626,-0.0029652928645421683,0.01510038896552457,0.0012760894484913354
2024-08-30,-0.001006947834348626,0.00535340155962194,-0.007429660332829324,0.009297865691475726
2024-09-02,-0.0060786898781292065,0.010701258681166115,0.004388498360848425,-0.0071809839201633086
2024-09-03,0.006392439610525269,-0.011835023246743126,-0.004699108263862328,-0.0019242092650864073
2024-09-04,0.0027177896439278815,-0.009684559681901184,0.003594813625582338,-0.007335326586778823
2024-09-05,0.002223092673748761,0.005565851300119995,-0.01424521020586289,-0.0007368462015463484
2024-09-06,-0.005165735032823582,-0.01619120556806619,-0.018855016312041895,-0.004289763673564151
2024-09-09,0.0058340796837741404,-0.0037857812707084992,-0.00162130368612734,-0.0016153604579662861
2024-09-10,0.002338250411906495,0.009315718191272415,-0.0006324620380314672,0.013102460641853497
2024-09-11,-0.003908208782745892,-0.0011243033178119921,-0.0068592646571095095,-0.006322414179505298
2024-09-12,0.013808600832107443,0.021097793588357616,0.019497040838063917,0.008561618207435506
2024-09-13,-0.0003900315826106393,-0.0032556472657551128,-0.004848646273265755,0.0010846755841718014
2024-09-16,0.003001236497852,0.003163431355984958,-0.0008657800417681827,-0.002067567683137206
2024-09-17,-0.001286626408101399,0.0011793358254901243,0.000645712066227766,-0.0016839220014002176
2024-09-18,0.015580028774170751,-0.030933956606461366,-0.006011103043068844,-0.03539980514729779
2024-09-19,0.008083577950127374,0.0010834731845426049,0.004253702675955706,-0.011504676375986289
2024-09-20,0.019139539375109926,0.006097603940411478,0.011056912440321476,-0.00261859371392259
2024-09-23,0.010682425828191677,-0.004880054667497746,0.00501366061063413,-0.0038273869084857193
2024-09-24,0.004687986523075782,0.001133699986144876,-0.002678525558589717,0.0006559743076024471
2024-09-25,0.006249729281961658,-0.0017380586300201895,0.003071732849347253,0.0008077942821251849
2024-09-26,0.0024451300875132365,0.002611761242018895,0.00267749477778656,0.004152309997646375
2024-09-27,-0.017269928012657254,0.0034205204604098594,0.018842467075386393,0.003773995199157998
2024-09-30,-0.011753590794554736,-0.01633665039568133,-0.032499561741313854,-0.009330034531612519
2024-10-01,-0.0033775675513509906,0.015328358024857103,-0.007957679890677194,0.004545124496179165
2024-10-03,-0.02560535132398034,-0.0057499813102080966,-0.039492692085330905,-0.012861921186786529
2024-10-04,-0.014476750506686953,0.013071709815521304,-0.014534730523430572,0.004606905313913945
2024-10-07,-0.02404009922405448,0.008419613407657067,-0.011395420352579788,0.004844708459447622
2024-10-08,0.020552656239938738,0.0073669966122225095,0.0194239966524532,-0.004587265030527088
2024-10-09,-0.010841648920968061,0.0021554344791232527,-0.01628076313106086,-7.038555826566206e-05
2024-10-10,0.017910150165874494,-0.017283265594558728,-0.0025825772062730845,-0.0060078090422404085
2024-10-11,-0.00685753317244131,0.008389784993957594,0.0007658021900849299,-0.018498214870510177
2024-10-14,0.02247123989283173,0.012299066893949329,0.0003097665148292794,-0.003024795079191067
2024-10-15,-0.002369529134962467,0.00020421031443107474,-0.020764627403685898,-0.004798579288416205
2024-10-16,0.009322552378198568,-0.020007097568207066,0.007477531023245998,-0.005307445976473368
2024-10-17,-0.01567837431578245,0.024998632934327025,0.0017355366215880963,0.003430966895800802
2024-10-18,0.005199781183269581,-0.044967244310341936,0.0021195141037853027,0.005867364884280191
2024-10-21,0.027856182662219453,-0.014284967477264932,0.007283144152932852,-0.010477678737423002
2024-10-22,-0.008185280922534233,-0.0006207675137156476,-0.018879655477459956,-0.015772600770216916
2024-10-23,0.012393969464591148,0.011773762144082545,-0.0035917520257835456,0.01263841604190219
2024-10-24,0.007978955998030335,-0.005364650559823159,0.0009526096826493191,-0.004512746081711372
2024-10-25,-0.0035721316455352703,-0.0006975969198229626,-0.008919334931152267,0.0023840335774008015
2024-10-28,-0.005277097282829213,0.0017722429252788885,0.004895114899429842,0.008206834259185669
2024-10-29,0.010177642346343108,-0.002738126957886111,0.0042343011180421275,-0.0038133775878882448
2024-10-30,-0.009846778454829508,-0.02022508671149803,0.0029104745988790537,0.002306618994184273
2024-10-31,0.000634221876375296,-0.024887599552141815,-0.008817617250717502,-0.028447989331752077
2024-11-01,0.0009217902461020611,0.002048547177951443,0.004954757886030059,0.003968848129836555
2024-11-04,-0.013354076589674246,0.0015901919864713676,-0.027266226154823103,-0.005032366885867612
2024-11-05,0.025523590157632503,-0.005358261303710976,0.002419062081196577,0.0018163430121471702
2024-11-06,-0.0014790698420791282,0.039619277216508264,0.015360433017062913,0.04237848673031697
2024-11-07,-0.004956496468410787,-0.011323108018172712,-0.014863959263467397,0.002717624487004633
2024-11-08,0.004523082938771239,0.014919115225298096,-0.01677333590404584,-0.0009395680279910001
2024-11-11,0.006754357238096809,0.016475830620145127,-0.008607642550176431,0.01246690788095628
2024-11-12,-0.027232061742630598,0.0046771798595994785,0.0012179710824313794,-0.00030968509345041806
2024-11-13,-0.02144692158728967,-0.0002139998975060342,-0.017422017670067236,-0.01120923192812251
2024-11-14,0.006780317535256319,-0.0020606103168142598,0.01241964559095221,-0.0010724468062293102
2024-11-18,0.0072957538290263635,-0.028478732993914346,-0.005403915411881233,-0.03048785557200806
2024-11-19,0.021787651895904814,0.007342193523158125,-0.015149734436125883,0.004988235908463867
2024-11-21,-0.0006027482707913201,0.005096606227521727,-0.015020332373454348,0.00824353104503639
2024-11-22,0.0025269872633133517,0.03718543211776737,0.03466883977199675,0.042169481651656904
2024-11-25,0.02291477074597914,-0.006597419333014054,0.01706967221053568,0.016609242507109157
2024-11-26,-2.7922993511175775e-05,0.018230372496800484,0.006759917925280856,0.008713752012452503
2024-11-27,0.014981346850194921,0.00018191247821608414,-0.0019295034595608884,-0.004629432097072783
2024-11-28,-0.010566711904950399,-0.035255932386580646,-0.017321295773564782,-0.020230485640897022
2024-11-29,0.0016173373374064326,0.0006463363599944483,0.01683974539060329,0.006113142368355362
2024-12-02,0.0048160723939409955,0.011814808806523303,0.013117256434050484,0.0013579646490731179
2024-12-03,0.011968727349159325,0.0065431593850751035,0.010808475462452671,0.006103004967138448
2024-12-04,0.01850737844170225,-0.0015062552837005194,-0.010844142312697147,0.012003736831372791
2024-12-05,0.0030375035376459802,0.024136573230342906,0.010008087816572697,0.025181568369338603
2024-12-06,-0.005306231280730711,-0.0064345542409256495,-0.007942226821522014,-0.0041554362251519095
2024-12-09,0.007624615484305375,0.0006501854090812387,-0.012504255253736662,0.0014959641255605227
2024-12-10,-0.001016094559382008,0.012944166383218825,-0.007952846338873942,-0.004402498354262874
2024-12-11,-0.0026765342702549377,0.013137960615853261,-0.005175693128900094,-0.0011504075462649421
2024-12-12,-0.002066410548986708,0.006509103009940231,-0.0119698620049552,0.006211361274156335
2024-12-13,0.006723119648891718,0.0063915482388325895,0.007878676953671393,0.0042535348833396824
2024-12-16,-0.0034994000546900716,-0.00982642095156716,-0.003574623896608342,-0.013120518648115809
2024-12-17,-0.017129482565494958,-0.0017423780165598535,-0.018134560064890448,-0.019636689378775274
2024-12-18,-0.012300564446802609,0.001290084155911364,0.006383971681293676,0.004470381125157852
2024-12-19,-0.009499141398529698,-0.016648578760501076,-0.01819273888366335,-0.01746850860983762
2024-12-20,-0.012266490365472671,-0.012357441090417476,-0.02043955684943488,-0.02378337973576683
2024-12-23,0.016652554470470093,0.001118569037195316,0.014104370921263154,-0.002877572972315834
2024-12-24,-0.0016102191210085604,-0.007924952618271086,0.0003680846263751647,0.005098550238377353
2024-12-26,-0.004087635638419518,-0.0008642859696327276,-0.0050705022120551835,-0.0024883694637826137
2024-12-27,0.004188217402619765,0.004901922993164165,0.0036990497900895036,-0.0010194991238563489
2024-12-30,-0.011316565940579282,-0.005608470493319806,-0.008476419522494005,-0.0014526198573504567
