Return,Risk,Sharpe
0.18360363407266103,0.1975783334875228,0.6762058962355717
0.18942814345149048,0.20900106814213232,0.6671168941427208
0.20593208780421215,0.21114798551547684,0.7384966871624856
0.15752149812509267,0.21700292012688044,0.4954841071365557
0.19938173685993946,0.20336527136414603,0.7345489023662077
0.18517206001046582,0.1981436857506089,0.6821921147696751
0.18548940469274056,0.19640947937368272,0.689831290856194
0.18901166692208293,0.2125267493276355,0.6540902138759944
0.18971215043354434,0.21089524013846542,0.6624718051569818
0.1760197593476602,0.1979766936613411,0.6365383572029422
0.20534979775710416,0.20850712648499756,0.7450574969593754
0.17330690876599708,0.19456832057728776,0.633746071303608
0.16126971304059773,0.19674829776242145,0.5655434598725664
0.18282859076285018,0.20613322476004464,0.6443822480217498
0.18918287149965973,0.19884307966029394,0.6999633667786757
0.1490878140729042,0.21703582207352365,0.45655050454913815
0.196125150552429,0.2014420978870808,0.725395297632077
0.19067005188895136,0.20131584896483481,0.6987529924358968
0.19386779030713525,0.206389259919895,0.6970701400013453
0.1917476059724353,0.20770866026638743,0.6824347419633021
0.19929869212987628,0.20513509313232473,0.7278066850978514
0.19948562282968327,0.2041757080174176,0.732142056864723
0.18019302032149767,0.20702057300563811,0.6288892858873109
0.17609426241688575,0.19423866082544686,0.6491718068948217
0.1759142877848446,0.19462925073742576,0.6469443175050573
0.19211810333032314,0.19994422729001624,0.7107887297200278
0.19283090561670313,0.19888032509337872,0.7181751415060331
0.17657359366874037,0.19898650127164683,0.6360913572521595
0.17822635888994667,0.20493291797086546,0.6256991807835192
0.19977293558016845,0.21164503299388251,0.7076609994645968
0.22385306423195694,0.23571125873310003,0.7375679259717238
0.18394441642077236,0.1987114659988033,0.6740648595566148
0.18281436565799447,0.20322504677480652,0.6535334485870039
0.17380199032458338,0.1943292708716764,0.6370733022836015
0.1658528374032992,0.21158214269254225,0.5475548925300808
0.1964375246682188,0.20716843077891664,0.7068525070042748
0.18916842071389348,0.1968660485732523,0.7069193582260072
0.19130297755188422,0.20403614116273375,0.6925389626888931
0.20135476318454146,0.20499506208487167,0.7383337025058576
0.14780674080733253,0.21192502805691874,0.46151576198476957
0.18078620836925458,0.20072549319250674,0.651567502907184
0.19045560854717405,0.2041356632576123,0.6880503205847174
0.19350468296600226,0.20445176543596413,0.7018999452511406
0.18497403089648143,0.19662949855756512,0.6864383619275035
0.17829861797970237,0.1954237657969125,0.656514920058558
0.17389809350263533,0.24287584433907963,0.5101293372331456
0.169926778765222,0.19555642669468692,0.6132592049887373
0.18496253485126554,0.19573066722263222,0.6895318795278693
0.22229719981231932,0.2284152102450786,0.7543157902113992
0.182313673752866,0.20498686512632627,0.6454739120544416
0.20364784423061608,0.2188310061590009,0.7021301365263419
0.19544590373635456,0.21098232546150525,0.6893748252049288
0.20484258139964495,0.21276253794909122,0.7277718290646398
0.18690075248306315,0.1971698624255935,0.6943289953084273
0.20775461952764196,0.2133154231353054,0.7395368661532674
0.176734089415021,0.19566367934909015,0.6477139233843725
0.17003754236546553,0.1942074009145662,0.6180894332563117
0.16183584385436672,0.2037344233624794,0.5489295427282362
0.19534244484276858,0.20465881858810422,0.7101694705630271
0.16375353718031926,0.19571290187214854,0.5812265624400681
0.16901704389751754,0.21853634290998641,0.5446098452674292
0.19580827884355495,0.20047856380718207,0.7273010943144608
0.19724654491782292,0.20786595047339235,0.7083726054338613
0.19203452113618846,0.20867277593153616,0.6806566908506975
0.20310851206332967,0.20832492621134444,0.7349505162334821
0.19315905647046802,0.20693182685247047,0.6918174871791545
0.18000563997487698,0.20116736808347924,0.6462561061142282
0.18275742025182248,0.1949772057479203,0.6808868746609295
0.19919133063420577,0.2091774267426328,0.7132286354099164
0.15782099118904203,0.21431263376556697,0.503101423815199
0.20017453685938552,0.21201589063236478,0.7083173643799555
0.18768659927296805,0.2041292360954724,0.6745070030466936
0.18908132281216578,0.20477099709058932,0.6792042075696743
0.2039889991738747,0.21217509908786172,0.7257637669824198
0.17759143237820843,0.19826381163111678,0.6435437275643671
0.1799099803210999,0.20277110964362696,0.6406730256071415
0.19815879494723998,0.20432944927763855,0.7250976081569375
0.19974016943788966,0.20336977885588126,0.7362950890751746
0.19764839391660988,0.2016842405485739,0.732077000736456
0.20045177714525625,0.21019104996404336,0.7157858394588804
0.18059646201472004,0.20155700310775476,0.647938101882283
0.2002150242781576,0.21611674331415906,0.6950642600596514
0.17946355559724259,0.20015363034448355,0.646820921381358
0.18900099582775748,0.19873797837336477,0.6994183847770621
0.1850318054105897,0.20744166462631775,0.6509386899388506
0.2062947223633571,0.21955522369838157,0.7118697507196192
0.20553352461174557,0.2112828396850088,0.736138935105297
0.18949188720039098,0.22102978887865987,0.6310999431708669
0.1757141365581017,0.205237541667184,0.6125299276969585
0.2076272126208737,0.22276740183687216,0.7075865289136907
0.19413455667011575,0.20145387635210618,0.7154717460893815
0.21445688804579066,0.21713577022935837,0.7573919666578955
0.20976618976920178,0.21387011136276632,0.7470243913522188
0.20178704358485225,0.20790538994999322,0.7300774819804385
0.1690872221009188,0.19570613816213298,0.6085001892084798
0.17474439770605343,0.21725334612696556,0.5741886140301437
0.21190655186140583,0.22366956548203884,0.7238649188255668
0.1959281435458067,0.20383108776820535,0.7159268252139963
0.17856740736753837,0.20049250247853465,0.6412579312351253
0.1900086500488435,0.2776509581405223,0.5042613610502418
0.18070481914670683,0.20055115368571783,0.6517280840554692
0.17607344471794698,0.19773603753107982,0.6375845611760625
0.1945870666783705,0.19967408425715233,0.7241153363305904
0.15467389266158357,0.2021212610010997,0.5178767050192412
0.19124117424653414,0.1990872522688417,0.7094435863518079
0.1874049367777828,0.19773218091757663,0.6949042697053909
0.18968255005482498,0.2218049494424077,0.6297539816220106
0.19236094963080055,0.20402292779348657,0.6977693692098139
0.1865116031797484,0.2152605099859124,0.634169282552951
0.18138419876323708,0.2060396889691573,0.6376645170674101
0.1876122167386301,0.199431249248961,0.6900233401578968
0.1943516002459175,0.1996845639386017,0.7228981419430206
0.1742956026181696,0.20122932397096785,0.6176813605759676
0.18369889943020482,0.19538070575081107,0.6842993985328553
0.1991804042775257,0.2044403360519803,0.7297014236935886
0.1745066269176672,0.19423789793701676,0.641000691626304
0.1793915585229366,0.19952348059222147,0.6485029137366652
0.19244756504701876,0.20738617623965283,0.6868710713023041
0.19278678603496172,0.21040315085062786,0.6786342574134299
0.1972691187931623,0.20291445613274794,0.7257694774433315
0.18631941436830204,0.20255709487941273,0.67299254291466
0.1846900684303361,0.2095909615474794,0.6426330001822348
0.16130446656265818,0.19965572138791549,0.5574819784222576
0.18398083055679348,0.21737441117274375,0.6163597170152709
0.18479894569257077,0.1986018717648596,0.6787395531305459
0.19474823419908635,0.20073853754811594,0.7210784534304528
0.19803825294095223,0.21079879357600503,0.7022727712508278
0.1980965226008478,0.2057305600156266,0.7198567028136166
0.19905616785779134,0.21258641562495093,0.7011556567224838
0.18379317116801602,0.20279753966438113,0.659737644694489
0.20016883066562446,0.20882858982712801,0.7191009180780126
0.17025966734655737,0.1987341139291745,0.6051284551449274
0.19781077345263773,0.20999196615239088,0.703887754188518
0.18919554483690207,0.20209645998087186,0.6887579567206507
0.19069703990557596,0.19997012851370596,0.7035902859657991
0.18519195063935445,0.19991045295112667,0.6762625397702724
0.16966467811081865,0.19797607238518772,0.6044401056608283
0.19169134808177934,0.1994236391159039,0.7105042747686955
0.1792343634680152,0.1981235588599879,0.6522917527407427
0.2056673074078425,0.2246006558906787,0.6930848300087398
0.1849962453967109,0.21858657298239678,0.6175870894301565
0.18321761706567807,0.20733712068236582,0.6425169628441182
0.17422379401545832,0.2030041664150984,0.6119273126712496
0.17335120836399215,0.21254654744432722,0.580349151031502
0.18967167353978626,0.2073488565847217,0.673607155787315
0.1723222891052144,0.2044758048038399,0.5982237811586659
0.17779525177555372,0.19895742908058237,0.6423246036406798
0.18003914241056926,0.20755577685563847,0.6265262493802595
0.18454531095378487,0.19523483513453124,0.6891460269427492
0.20053157979283853,0.20382513709948252,0.7385329500323967
0.18671834831490738,0.21574562588413543,0.6337015999959644
0.18907486136717241,0.21401763429692358,0.6498289817287806
0.17519770636754936,0.1943331248539885,0.6442427479186382
0.20370036574988087,0.2064125775027503,0.74462693896564
0.17660768263012017,0.21175306424263873,0.5979024817560414
0.17077243766646236,0.21305310503471706,0.5668654190549463
0.20030772202014316,0.20568089485884647,0.7307811555530983
0.19273631486266693,0.20913528469848014,0.6825070913712927
0.18222764691308602,0.2133065370270222,0.6198949584762847
0.18210551393566926,0.24157462661853144,0.5468517773775804
0.1982143954305846,0.20330142279212723,0.7290376692647729
0.1891715878870887,0.19953976690258565,0.6974629170286223
0.1831431402811968,0.1989661479946608,0.6691748401580837
0.16514739367243378,0.19556410283026135,0.5887961645618329
0.1693104298931143,0.19923946393838096,0.5988293058749323
0.2111342032158402,0.22208646326765472,0.7255471623303942
0.20181943873561264,0.20872299044181714,0.7273728611028755
0.18882326228170554,0.20499195532725367,0.6772132206850997
0.191269063239753,0.19965540611335011,0.7075644280804022
0.172041389484563,0.2048032794838327,0.5958956799527081
0.19159222113231156,0.2115193473975421,0.6694055313351297
0.20569389950004724,0.20836123853872637,0.7472306298040636
0.1994735189135049,0.2042211393064215,0.7319199149566438
0.16561949201431525,0.19902706365067066,0.5809234678618826
0.16167858426847911,0.20244117443154783,0.551659436782419
0.19131754623301062,0.20582189126390973,0.6866011451221673
0.19759937773033218,0.21503450777198685,0.6863985657913104
0.17358819645753001,0.19647137492986597,0.6290391997391328
0.18066683474713552,0.1995672779906781,0.6547507991427284
0.19349295786184428,0.20285659847981335,0.7073615496718662
0.18695456041144254,0.20565711489414143,0.6659364081905828
0.160822114612109,0.19683400628221415,0.5630232128345539
0.16594653106170862,0.20638922754417716,0.5617857697388325
0.18900014151432837,0.20825195424644743,0.6674614027863298
0.18660793782003984,0.1961521267814286,0.6964387287641363
0.2002302445856768,0.20509393821406907,0.7324948064962911
0.18030055220297386,0.2058011088979459,0.6331382415805554
0.18199657300555797,0.19884150343319285,0.6638280777730411
0.18504250387615995,0.19975513716213023,0.6760402049963471
0.18918188712288098,0.2001243314505663,0.6954770872389447
0.19584041723977308,0.20546204246497307,0.7098168376508561
0.20865848014933006,0.21566240326741656,0.7356798298894827
0.1637156571826355,0.21156478585846397,0.5374980374035916
0.1885480443532687,0.1979056645065847,0.7000711409584687
0.21577080786140346,0.21868438130838277,0.7580367965448707
0.18643560724359848,0.20687569993239924,0.6595052356955483
0.18773512666359576,0.1979225758404101,0.6959040729878891
0.19167810511956582,0.19796361144647975,0.7156775130760283
0.18106307406983144,0.1957364285520289,0.669589585543058
0.19037246792535686,0.19903808507650075,0.705254312868838
0.18613589674796954,0.19592589225372564,0.6948336188852081
0.20137185462428459,0.20805972435133527,0.7275403978170902
0.17563556063180766,0.2004131039305349,0.6268829640768107
0.19923367666395303,0.2099298431783504,0.7108740444166787
0.20727332830992923,0.21159488086093997,0.7432756769446099
0.19651426400610417,0.20361909900337302,0.719550694032278
0.18882482662907696,0.1984810718301341,0.699436099115221
0.17869879132070754,0.206064342040067,0.624556340250675
0.1825578855581737,0.20199591651039134,0.6562404223223716
0.18971223268050946,0.20814078319663723,0.6712391033357402
0.1950263140615466,0.2021223490597338,0.7175174577982296
0.18858628161281038,0.20254536899996217,0.6842234028704762
0.19318609237607443,0.20226181700327833,0.7079244837089228
0.20259462426228408,0.20707815879801694,0.7368938624334794
0.18693258465342732,0.1976275609551701,0.6928820251163712
0.18362283010498973,0.19784112709647594,0.6754047152179304
0.1905928791624839,0.20533417600132886,0.6847027703833094
0.18926558910306987,0.20139205177173508,0.6915148233402897
0.19612159819209465,0.201517157512131,0.7251074796611219
0.17827328682765145,0.2206356819154197,0.5813805170318044
0.2100010937233972,0.2123017911824692,0.753649287800306
0.1938289423921599,0.21053561761713427,0.6831572919586337
0.19112345021484106,0.20164303862343277,0.6998677027397326
0.19850243188749886,0.20454036662616265,0.7260299486942641
0.19062206554193617,0.20477829497462124,0.686703957366985
0.20172928383411573,0.2090272576359713,0.7258827654829489
0.2211697340417086,0.2255437962603314,0.7589201604292315
0.20057020837882242,0.20823805798847206,0.723067674724271
0.18393245056546434,0.20625859307912192,0.6493424034657654
0.17075630889474697,0.21161096862576326,0.57065240842173
0.17028972808290607,0.21178233359138987,0.5679875466619021
0.1986489701646043,0.20332211327332483,0.7311008516067129
0.1799464491983793,0.20024167713396465,0.6489480664479412
0.19260436122131594,0.2028768641660847,0.7029109100610564
0.18530434612801705,0.2107840336795181,0.6419098437680415
0.18443552681393283,0.19961085861925051,0.6734880444072587
0.18264019207145285,0.19761597575742385,0.6712017667755282
0.20490504555591899,0.20885966026811126,0.7416704851337438
0.18014934947306604,0.20050156068539732,0.6491188848015034
0.19295887827287922,0.21661094022506364,0.6599799535717897
0.19482931945347154,0.209917149810185,0.6899356226226951
0.19227259952628356,0.20448942359262273,0.6957455159623046
0.17122975574078814,0.20256328235910742,0.5984784326602197
0.2068691315421469,0.21117580658858404,0.7428366633293451
0.1838651859709607,0.20634669786443538,0.6487391722590433
0.16233716565741108,0.20524743923686636,0.5473255406990392
0.207578234767578,0.2268008835364328,0.6947866882637825
0.18962100628030484,0.20519635280827825,0.6804263544136058
0.1890418445476192,0.19802138893221635,0.7021556878141778
0.17757966485003535,0.1973494707370493,0.646465705601126
0.20493869184647934,0.2112417572326251,0.7334662136703242
0.18723076487946338,0.19647328484913912,0.6984703543020379
0.18270892718715703,0.19596605227776928,0.6772036566774875
0.1931063863959694,0.19915101369416352,0.7185822644906948
0.19705572157436185,0.2039747942655519,0.7209504591185522
0.20307782551736958,0.2152726026758141,0.7110882834816392
0.18443809691293722,0.1988397483091813,0.6761127896012813
0.1733052748848547,0.19479700335565261,0.6329936947732653
0.19765779770476344,0.2064072138888579,0.7153713037581686
0.14245047179018533,0.2320721278894754,0.39836956135557544
0.16561896173070473,0.21678545941174412,0.5333335641811094
0.1780568973711567,0.1948418849700887,0.6572349543365148
0.18195699136134644,0.1955315898121776,0.6748627753096099
0.19239381516480486,0.19875628263241837,0.7164242220616958
0.1899917245317398,0.20530222889209782,0.6818811723925134
0.19061195779494428,0.2003569455283585,0.7018072541689955
0.1909517987685399,0.2030360208289209,0.6942206520453165
0.19688582393910461,0.20886593538812467,0.7032540929479685
0.20046757850894026,0.20759688485011346,0.7248065336701898
0.19183023342792677,0.20872479856013476,0.679508301870823
0.1933904368958724,0.212467169986992,0.6748827920315937
0.19268564935454033,0.1994357468281554,0.7154467121558
0.1715634712412027,0.19870081190000394,0.6117915175020997
0.18497234662075188,0.20260106684482615,0.6661976105196342
0.19474628211110392,0.2024701098611161,0.7149019784223571
0.18908647980532234,0.20463871403576459,0.6796684608808394
0.18752160370499657,0.20769752235393876,0.6621244305006444
0.18248546608811156,0.19535187864085538,0.6781888508565584
0.19007561297919062,0.20336682089149188,0.6887830195955572
0.20624255328404914,0.2110071866636561,0.7404608144133906
0.194356973331699,0.20927514118639812,0.6897951305316405
0.18628080786310922,0.1960752280325079,0.695043475050886
0.18667339065774,0.19851394708690376,0.6884825608646442
0.19821335493488082,0.21475065567693963,0.6901648540614735
0.17051584753567006,0.19684422484269626,0.6122396917256661
0.17804776002040024,0.20965023965201884,0.6107684886644354
0.18972873647866417,0.20185158170716588,0.6922350337654238
0.18908326223129523,0.2329918660880426,0.5969447112747648
0.17940684582833885,0.20903166051081934,0.6190777297185601
0.1704327048332024,0.1947416981781881,0.6184227926522794
0.17744790370891356,0.20417211826047912,0.6242179627402299
0.19243167889200108,0.20663799336049382,0.6892811751395567
0.18891815546367366,0.19748570744247337,0.7034339713122775
0.19028579519945132,0.22059759408827065,0.635935291040921
0.19247535950014136,0.20573256285010746,0.692527024046971
0.2119077493055898,0.22211100701563252,0.7289496881808946
0.18153347877494072,0.2013855275584913,0.6531426581124979
0.20436770699430967,0.20851285373217943,0.7403270552931212
0.16604259680543415,0.19960179861560468,0.581370496710354
0.18945730096924276,0.2039792235650133,0.6836838504034908
0.20115440442010535,0.20424738886328916,0.7400555045591254
0.17983026767420135,0.20322806315423397,0.6388402549291162
0.1691081093087612,0.19651850791565464,0.6060910525530865
0.1688219669151093,0.19569901725943833,0.6071669065030967
0.1857051494646081,0.2108601217794163,0.6435790149384962
0.18810079697690413,0.19934359439063873,0.6927777007285137
0.17647392725409652,0.20824264093308342,0.6073392398761288
0.18163634637397055,0.1945064807813155,0.6767710044683286
0.18801365159883754,0.20028304428680394,0.6890930387557069
0.1704673755394575,0.19582850077994257,0.6151677363594268
0.20026670191278806,0.20359660022771067,0.738060958506791
0.21188234164832864,0.21542552884302993,0.7514538435520537
0.1954485485821826,0.2005860463272507,0.7251179792680456
0.20826522279695017,0.22172694871057627,0.7137843357215738
0.17767346038172105,0.19568615021982322,0.6524399413974857
0.1771105234183709,0.20266561155947846,0.6271933479008915
0.212994532621887,0.2216663149769302,0.735314847629648
0.15743207443199772,0.21488457440383446,0.49995247322918435
0.20597524036844803,0.20995933585439594,0.7428830908315256
0.17234556968474118,0.2077827012737105,0.5888149924645378
0.180500191753789,0.20124569841705678,0.6484620182208494
0.1671848236142175,0.20698386294052334,0.566154394595923
0.17259519325269593,0.19921820989320155,0.6153814619578085
0.18990211977958665,0.19758391763573704,0.7080643073264103
0.18537636332515683,0.19585621081155175,0.6912028102872511
0.2010930954464411,0.20991684346555617,0.719775950095367
0.18863146749475065,0.21937734504339812,0.6319315582350857
0.18870225538793084,0.20694139530936168,0.670248961937178
0.20523303051759212,0.21909887183147106,0.7085067541424678
0.194052544172068,0.20161306970796064,0.7145000290939972
0.21108769802273658,0.22309432990611286,0.7220609241415002
0.2130001715539808,0.21556417760635196,0.7561561172359544
0.19109960641818505,0.197988652186963,0.71266511923594
0.19574759726851823,0.20352224878237757,0.7161261146655437
0.17162339982210426,0.20920650184901657,0.5813557358264101
0.22381821793201886,0.23128328349058436,0.7515381799700844
0.2160826324916592,0.23277313847230588,0.7134956962030172
0.19537165590961741,0.20869797247503188,0.6965647734168061
0.16624092351379308,0.21388108194721409,0.5434838951417001
0.1932708085514842,0.19885634200251145,0.7204739215693446
0.19995430761070004,0.21137874939498563,0.7094105156734233
0.19104597803873502,0.20975822220359752,0.6724216889187383
0.19716993840813843,0.20299504366768056,0.7249927670602027
0.16933459525456115,0.19644438770127443,0.6074726626246445
0.1720087083381296,0.20858677142828913,0.5849302307269061
0.1892598176591498,0.20472106301602874,0.680241767053771
0.17449102379008818,0.21161745796085232,0.5882833344171354
0.1926645553036224,0.20270959267805683,0.7037878840307379
0.19976582281082284,0.20533124384414694,0.729386429492922
0.19840996518890186,0.2094669479364805,0.7085125679775801
0.1791737926246912,0.2012342268591079,0.641907664719138
0.18940473403285596,0.22384943169990984,0.6227611701947069
0.17590275283791462,0.20287723084688,0.6205859194368576
0.18370177627237003,0.22235614190356998,0.6012956292898487
0.18050034935268716,0.19630018539515673,0.6647999292002043
0.15682212360774295,0.2006079002603936,0.5324921075844242
0.18112329871582852,0.19903516966285656,0.6587946187497254
0.18192956458903584,0.19984841820351987,0.6601481551616913
0.2049364654352559,0.208552325784217,0.7429141096971709
0.20746640259092156,0.21191884131092195,0.7430505075284497
0.18409264644240966,0.19589685147198346,0.6845063891268673
0.21231584466315515,0.22081651041326042,0.7350711428207036
0.18357523124451605,0.20265855413950606,0.659114695709146
0.1918662159295613,0.19972109000697996,0.7103216586921455
0.19453049218099086,0.20090955290688287,0.7193808860247553
0.19031989294739882,0.19770007257328004,0.7097614640246906
0.18067315714327625,0.19433834282102586,0.6724002852263617
0.2040636975297644,0.22049626129870897,0.6987134231770598
0.16451193550972204,0.21501345350071308,0.532580327627463
0.17278056029671918,0.1959479006428738,0.6265979880054634
0.19800197418570858,0.20259555894715006,0.7305292127569145
0.17808708270775386,0.19637804475877302,0.6522474692376816
0.21392687215311995,0.2214446131313306,0.7402612772336937
0.1986678003323723,0.20479026298160247,0.7259515084744436
0.19095172810522637,0.2023591828139229,0.6965422875562655
0.19960055239151295,0.22107422341174768,0.676698305586192
0.1964890901643196,0.2077631938844403,0.7050771959435611
0.1947957583710903,0.2214765199631479,0.6537747585847172
0.1920020040019106,0.19854103783994825,0.7152274690756074
0.17586412249845407,0.19484422530754394,0.6459730705377025
0.18080909902154274,0.19619219935768653,0.6667395515713599
0.19746897084197723,0.20750431899337204,0.7106790430067511
0.2104292086561475,0.2149296386114866,0.746426643121772
0.2102312714584747,0.21476100035776424,0.7460911021626365
0.18709835579766015,0.19656654147371583,0.6974653711145061
0.18351149179776585,0.20068016395057797,0.6652949109142947
0.1726736970586964,0.21728202275734554,0.5645828196090338
0.19130822226978364,0.199097927731322,0.7097423056079004
0.1685682869392254,0.20558089133940713,0.5767476060966832
0.1861578261707167,0.20384810607890982,0.6679376560801102
0.19326025330277394,0.21072096477947125,0.6798576185938693
0.1927152377138841,0.19964962941748088,0.7148284628941479
0.20108051002348376,0.20693135470030155,0.730099651849733
0.18787117117010668,0.19818304019232857,0.6956759318875536
0.1827307984448919,0.2016409458079064,0.6582532030539974
0.16599781652186324,0.19773181662767805,0.5866421423734905
0.19378750228113395,0.19939987032552772,0.7211012827961999
0.1968655923399374,0.20631249596276371,0.7118598980376081
0.18684217305084244,0.19890552825525867,0.6879757151607706
0.1821827718385055,0.2106881977451726,0.6273857446840976
0.19972498973099068,0.21378857489411374,0.7003413994650893
0.20325611735061694,0.20880463718529566,0.733968935826917
0.19804214420537256,0.20514247273759614,0.7216552585613886
0.18085069834916173,0.19553576230377345,0.6691906217435529
0.209247690311331,0.21412359053838764,0.7437185688457872
0.2004711623308768,0.2086770327735968,0.7210719854068934
0.17554784831717055,0.2022567103693594,0.6207351444008763
0.17793272626906692,0.19749099323078714,0.6477901810922855
0.18232949916931424,0.20548075278318376,0.6439994859710476
0.19461018241599828,0.20039579541410374,0.7216228370319425
0.17019451772689695,0.20724790324380443,0.5799552895138402
0.17308921810724676,0.19918117671278027,0.6179761568772218
0.19499065127319276,0.20367924038045362,0.7118577769750314
0.18893190459391157,0.21832668656065066,0.6363487065302785
0.20212422408122357,0.20546173585430993,0.7404017271084127
0.2202535452629127,0.22475000418636262,0.7575241027436801
0.1973869670529962,0.2025666173661567,0.7275975132002205
0.187987871144837,0.20225327574135854,0.6822528368899987
0.21895854407508628,0.22664239694755828,0.7454851623113604
0.18427789306179768,0.19786288743831768,0.6786411277034347
0.19130345782003824,0.19947230070277214,0.70838636403252
0.17455453423618117,0.20331931031031555,0.6126055318901099
0.18741883765099182,0.19662006826693185,0.6989054518302359
0.16709716631838287,0.20108476487946303,0.5823273900863392
0.19662418518528865,0.20306833947615333,0.7220435522520583
0.19237054900262163,0.20208585862986927,0.7045052532022079
0.18743235903985758,0.20616277924943976,0.6666206166806466
0.20235122537600514,0.21366062681346404,0.7130524123614739
0.1877112665654333,0.20976945912439054,0.6564886382424828
0.1911432230256488,0.22011604496199713,0.6412218748070686
0.19578745666679354,0.20800605132245073,0.700880843321207
0.19586193945524277,0.20269997932207567,0.7195952359890411
0.19432872925485012,0.20313331583505717,0.7105123483143654
0.18174518234038672,0.20119582768892336,0.6548107078248315
0.1930503642232431,0.21686872018655315,0.6596173210234717
0.1893412161540105,0.20108487686984905,0.6929472684522082
0.18423605012037053,0.19665731602800202,0.6825886411531046
0.16740185566278826,0.19891451093841958,0.5902126250564685
0.1914418786456505,0.19869045362808213,0.7118705305812421
0.1771665940910465,0.1940587747682029,0.655299376402551
0.1734058961368114,0.1955114016772242,0.6311953936095553
0.19864010820919697,0.20625604434036218,0.7206581929977877
0.1699947285770942,0.20040815170639426,0.5987517351733832
0.17781403807755986,0.19658602029939176,0.6501685007047031
0.20693518680306472,0.21027831885058065,0.7463212929459435
0.19058180275088574,0.2009642278532459,0.6995364511018626
0.20804942493944423,0.2136028515791214,0.739921886674348
0.1850260844929646,0.19734765122926537,0.6842041628157017
0.1839624226019746,0.20077686687493695,0.6672204058519312
0.17578609792796607,0.21639134564305507,0.5812898734658943
0.1825853151459175,0.20513067235555096,0.646345637263396
0.18983474622722812,0.19763401219971966,0.7075439327008031
0.1712944624550365,0.19519049673574845,0.6214158193328776
0.18627023718403707,0.2119867574557793,0.6428242915714356
0.18255679563941637,0.19902450633359356,0.6660325307740355
0.17632045602535995,0.19636253891366862,0.6433022139772655
0.188385680818578,0.19700549497941153,0.7024457913371416
0.20643879895209857,0.20967517567755495,0.7461007172001851
0.20202279056249467,0.2059988228365381,0.7379789285646847
0.1940511141126644,0.21396563906586447,0.673244146777799
0.19168655029754586,0.1992072096473133,0.7112521205853694
0.18785695065009878,0.20202100953466984,0.6823891780742758
0.208637256093713,0.21209089267199965,0.7479682606600503
0.1885651623341529,0.2595482426943644,0.5338705471310886
0.17326420806594672,0.19396817767686217,0.6354867563446234
0.1956666075940733,0.21235450349458293,0.6859595873736164
0.18854135225655955,0.19995679340028558,0.6928564411373567
0.17708626586162116,0.20755779110152772,0.6122934012120816
0.1876979860591487,0.20828966942358387,0.6610888885666341
0.17443479634938877,0.19812042518214115,0.6280765662348553
0.18217496313174908,0.19903216783884212,0.6640884464403372
0.1833398791415914,0.19903934216645341,0.6699172017463834
0.18925876682768855,0.20118582320512365,0.6921897607352983
0.18940204345412895,0.20104180333286747,0.6933982940021642
0.198821089594065,0.20810827919032268,0.7151137387377203
0.19273045915893244,0.20790762555366085,0.6865090146589827
0.19861140318552897,0.20633722084972533,0.7202355569854365
0.21297276413133598,0.22928326719483497,0.7107922271224826
0.19267342990116185,0.19848691761038229,0.71880520700725
0.16981870758151701,0.19699980849736784,0.6082173809987127
0.17962267423828587,0.19544554880121928,0.663216302613883
0.191041974598555,0.19764239039588377,0.7136220843921367
0.21151271902813767,0.21622774843351622,0.746956485456806
0.20763267140300137,0.20998604479425617,0.7506816539044272
0.18261766586678274,0.19862683356062075,0.6676724563819216
0.1622104014397169,0.19629207265085738,0.5716501941436236
0.17977307961389616,0.19613888333610952,0.6616387194960884
0.18576416563337522,0.2009150815495188,0.6757290920438641
0.1878104689190616,0.20220369686753623,0.6815427761903945
0.1905230951554548,0.19771156054339428,0.7107479945494255
0.1941981950521919,0.20913321437700386,0.6895040344583726
0.19116012851401207,0.20291223886945625,0.6956708442058418
0.18435025998397,0.19877490941407625,0.6758914411280118
0.16754123637183405,0.21164904509785462,0.5553591622276849
0.17409884407285922,0.1955156053686379,0.6347260303793917
0.20045307090890038,0.21335190798338313,0.7051873701575632
0.18220086079786604,0.20256580527760223,0.6526316750089879
0.1596814650652804,0.20385636356488074,0.5380330696930753
0.1941633278046342,0.1995221959231638,0.7225428085211715
0.17242464881813208,0.1938136480302592,0.6316616505717828
0.16814291984580232,0.19423663515672154,0.6082422080184702
0.18578390485768506,0.19952350165886884,0.6805409073555593
0.18186065289182787,0.21610701615027056,0.6101636829788915
0.18465894160277765,0.2049240777374648,0.6571162505134891
0.2133827022431287,0.21860563515415724,0.7473855929098707
0.1844010861198571,0.21082403973612232,0.6375036086400775
0.20344781743838383,0.2236301806198951,0.6861677480786886
0.1951628405744105,0.20197072656778553,0.7187320808379171
0.1932309303775196,0.20695510901299205,0.692086950936437
0.19492935268426792,0.20965842444045582,0.6912641505871312
0.21050497437813853,0.22282353890685036,0.7203232439694641
0.1868367705771071,0.19746339467380392,0.6929728459452047
0.17698149604410662,0.19591793818325065,0.6481361391489087
0.1924757904733769,0.1987885769593774,0.7167202092426664
0.1797734905926862,0.20079403217259303,0.6463015319157448
0.17986314050065663,0.19594450224206036,0.662754703575352
0.18971468653063706,0.20411609770096872,0.6844863688082059
0.18514179951554896,0.19782375816329312,0.6831424130765754
0.22750518526244062,0.24549723603352622,0.7230435182504447
0.16390280827355153,0.1960001405949617,0.5811363600444247
0.17937290357230512,0.19976673049857963,0.6476198676797436
0.19265364889110523,0.21999173629062607,0.6484500340624101
0.1982583975170874,0.20958547809334774,0.7073886934621219
0.19629488123556968,0.20746644362426037,0.7051496072324945
0.21244740628688288,0.22265135408888317,0.7296043940610094
0.1751964941896201,0.19581544331671788,0.6393596545249164
0.18268371378610396,0.20698346650404936,0.6410353253191271
0.18708591219952583,0.19624885110262927,0.6985310305222429
0.17359019968037,0.20518608608893146,0.6023322635376149
0.14562129407748386,0.22646213581140529,0.4222396549201321
0.18250539035414273,0.20884854294713107,0.6344568579905572
0.17178487109760804,0.19426026327004817,0.6269160200216063
0.20693779393237283,0.21128002633857024,0.7427952213565351
0.18311082990615493,0.19745859051765033,0.6741202272192683
0.18881828352324184,0.19697780290752726,0.7047407447650897
0.193124293146475,0.2083730096292129,0.6868657961084115
0.182937736814254,0.20653033470372054,0.6436717250517251
0.18762823200640405,0.1963163230861638,0.701053431741377
0.20074559607334044,0.20906682895399242,0.7210402378395175
0.1839080495156361,0.19916604756444362,0.6723437611639497
0.1806684878615034,0.2004776889411067,0.6517856852384668
0.19436512866758188,0.20253090074041868,0.7128054442053406
0.16778720024402183,0.20402748061324477,0.5773104676389141
0.17845973072864052,0.20067198274501025,0.6401478122228536
0.1906498524594664,0.1978899600927069,0.7107477933371412
0.18683599689591343,0.19843046159994465,0.6895916876501968
0.19912812597994245,0.21006768490853756,0.7099051243644262
0.18145997491076443,0.1987881644382819,0.6613068503461083
0.17119951509238307,0.19559324002440576,0.6196508380210892
0.18126451870011145,0.20088710802017,0.6534243037981904
0.18120826741377336,0.20236999905558806,0.6483582943424947
0.19173960286824798,0.20171197538076538,0.7026831332184943
0.17932873096629215,0.1963557034000366,0.6586451461652224
0.19880719152155998,0.20367373156832067,0.7306155309068113
0.19930785720591934,0.20323984415105428,0.7346387113687659
0.19717106129104112,0.2024558367186368,0.7269292092357518
0.21298481206820288,0.21811330188406827,0.7472483826540421
0.20584617780639114,0.20862732905811776,0.7470074918275772
0.17139733981266614,0.22475385751035032,0.5401346217475959
0.17101588626614078,0.20467671263733647,0.5912538104936587
0.20697308816510718,0.20953990976870726,0.7491321740969347
0.17907832873888863,0.20012587058684422,0.6449857200390059
0.19514145719239268,0.20489829194628062,0.7083585510339211
0.17079470569251867,0.1970717123824198,0.6129479681899512
0.18066293088584479,0.21375346326570926,0.6112786613586813
0.2031774111860155,0.20781555646734368,0.7370834685808806
0.17264839784722208,0.2092060286900055,0.58625651763104
0.1788859403019432,0.20647517993614373,0.6242200168649984
0.18130926509296552,0.20807891854214286,0.6310551112671756
0.160920397579607,0.19736477363399557,0.562007067103596
0.18375981912077755,0.2032822390789417,0.6580005204922693
0.17604540698287435,0.19715505610062836,0.639321199647756
0.1937418570828095,0.19922274441643295,0.7215132865670578
0.17186768592460472,0.19685032065830524,0.6190880742132184
0.19573030735998953,0.20634810416090402,0.7062352617805175
0.19375138213903517,0.20540215985697818,0.6998533133202175
0.21510567243646242,0.22051994258039606,0.7487108444909422
0.19544699045241448,0.2018969450785542,0.7204021358313464
0.19222022496947855,0.262105783776307,0.5426062062440247
0.17943291422848318,0.19418622120433177,0.6665401562775551
0.18385715851680398,0.21248362271240173,0.6299645911910147
0.1877262961293192,0.24289373550585175,0.5670228416656762
0.18688598342711596,0.20418895786284594,0.67038876567979
0.1794918418579155,0.2054240089806692,0.6303637169796493
0.19607344139096125,0.20084050349338342,0.7273106711554004
0.17571088655929407,0.1996714478803656,0.6295886962998062
0.18326134726747292,0.19485192099695595,0.6839108723467744
0.20248188320059174,0.2179946105027338,0.6994754725767843
0.21026076283901135,0.21870448461497233,0.7327730984627466
0.1668942026849378,0.19790001903434842,0.5906730239608977
0.19162277408956002,0.20014166894080004,0.7076126367840505
0.19715811269685812,0.20709688677753813,0.7105761703454975
0.1663444511020814,0.20234893787202252,0.5749694183008983
0.20144416116642944,0.20585380572906464,0.735687934600312
0.18519113192502032,0.2043286835689872,0.6616356037911628
0.16782239011418817,0.20958195319558784,0.5621781280196056
0.19974526678967366,0.2101175957790009,0.7126736160981676
0.20179347411348422,0.20754243766961664,0.731385232908952
0.18103999260621598,0.20458426514028932,0.6405184314461235
0.17223060750669178,0.1959591741164514,0.6237554738521942
0.20039404824232854,0.20962226639154097,0.7174526391266873
0.19003564568296286,0.20228610898699423,0.6922652592619016
0.18112417497263872,0.1961123445553038,0.6686176501023965
0.194677896361215,0.20267279337410893,0.7138496191452666
0.17330066131850216,0.19776371514957142,0.6234746410647078
0.1884468471201726,0.2141620999132935,0.6464582070134012
0.15982136783638629,0.21139901799851749,0.5194980037095368
0.16736592197447148,0.2013179843557784,0.5829877660957354
0.1962777366312941,0.20464153437131902,0.7147998429579566
0.21010126988914993,0.22087475078301622,0.7248509362051564
0.1850354886079258,0.20430392205071946,0.6609539711841781
0.16996347566333792,0.20034068205805658,0.5987973806966165
0.18842427432185002,0.1965376359993565,0.7043143345954523
0.16828971716807758,0.19628579138739502,0.6026402437587434
0.18711669842392256,0.19792267366685903,0.6927791338081641
0.18057999215809906,0.1950891216747982,0.6693350763850793
0.19023414402433678,0.19985973772953836,0.70166280421177
0.1787942553111449,0.22171212426797893,0.5809075878749596
0.17310673664623122,0.20556768986687018,0.5988622858288559
0.18207698839608802,0.20062512152013268,0.6583272692639048
0.1871882053571591,0.196856366707707,0.6968949374182883
0.20892852418875518,0.22026154571883366,0.7215445786057874
0.1798328745850753,0.20953071199691747,0.6196364883587345
0.19888122494500238,0.2082665792867065,0.7148589344238842
0.19167744501303446,0.1986775860608503,0.7131023072207149
0.19919334289910823,0.21445884579689375,0.6956735328157267
0.17378202992046185,0.19637641970213882,0.6303304139479313
0.1980048519830331,0.2042438456633875,0.7246477929472529
0.2046175604798577,0.21096683418826728,0.732899846910897
0.19124492068315813,0.2062638907179283,0.6847777388060354
0.1998304858606875,0.20772397765071288,0.7212960562146894
0.1900590361794053,0.20501651066919846,0.6831597890444814
0.19061647961601147,0.20348490782172776,0.691041321547075
0.17716736302464875,0.19555239332701302,0.6502981674685658
0.19045500022091594,0.2030889230846362,0.691593603863772
0.18212392665749924,0.2073409126339962,0.6372303708854989
0.17635309476479893,0.19806688172348458,0.637931458633235
0.1952962449986094,0.20306306458039985,0.7155227628364756
0.18389717185627524,0.20310891970810566,0.6592382651077223
0.18322882352345463,0.2008140424251546,0.6634437607773884
0.17808179506707142,0.20107833047506124,0.6369746295608754
0.1937177423427046,0.20350840959957328,0.7062005084973451
0.17432257469177156,0.20275716643598435,0.6131599532439875
0.17529734804232744,0.21203564054673327,0.5909258826452412
0.1769539007623552,0.19830503039211217,0.640195059657977
0.20161561738782863,0.2073532976823134,0.7311946281178483
0.18036990867457336,0.22963646662337933,0.5677230214850396
0.16126352817500428,0.19698710308300404,0.5648264603806138
0.19512415326463314,0.20459494720154353,0.7093242294086247
0.20658843009036673,0.20934316538345957,0.747998769405915
0.1963017342585948,0.20477262310517264,0.71445944306458
0.1679822660531402,0.19755518513592937,0.5972116903535667
0.19346093250260474,0.19939143487821134,0.7194939571513236
0.17794459276002877,0.20360474082392993,0.6283969235798428
0.1889435536927227,0.2123186588635297,0.6544104716770573
0.20477089404537366,0.21393594398524934,0.7234450236003583
0.18584614139401895,0.20660813277663076,0.6575062635161881
0.1967887068912392,0.2020726697537796,0.7264154379218994
0.1912608773814963,0.19853805971121438,0.7115052780659223
0.19298008106518683,0.2022056467041558,0.7071023158635078
0.18371523648218763,0.19573488050975724,0.6831446502225342
0.18822148816348905,0.19814246852087353,0.6975863841573569
0.18688316789713005,0.20431907049614487,0.6699480746693823
0.18591883172297144,0.19768556756213446,0.6875506057378258
0.1841576217487165,0.19771918266597366,0.6785260789559406
0.17553599698153866,0.19763121023415947,0.6352033002924983
0.17930056799288568,0.19834589137530428,0.6518943603839363
0.1844544546911957,0.19892227608209279,0.675914519677565
0.1847312966912482,0.209894989977312,0.6418985832192162
0.17604848407056417,0.2014850691834735,0.6255971451452003
0.1872959553849056,0.20725428787201275,0.662451700249941
0.19528219990310633,0.25241478648369137,0.5755692918270977
0.21293025949460404,0.23181695400464566,0.702840136064159
0.20613167159526585,0.2148017846336979,0.7268639404533703
0.2082665237764742,0.21399660832513276,0.7395749167015496
0.2003098688858469,0.21352044880268412,0.7039600643812313
0.17886305862193147,0.1942268468408507,0.6634667694910464
0.2072143792191624,0.21211027910582464,0.7411917040603488
0.18500658087364383,0.19863888348534747,0.6796583755647344
0.16462583200212513,0.21355169783475222,0.5367591696265669
0.18085209530931293,0.20717272782899263,0.6316086903934703
0.17740010184600505,0.21510402925618202,0.592272038262359
0.2126260955308774,0.22973274146963643,0.7078925471856242
0.19113807033484326,0.2004731172525644,0.7040249199947923
0.19140725707777173,0.21388286294834205,0.6611434648316123
0.17601623603288566,0.20389304351511192,0.6180506890297398
0.1828175361167922,0.19705515689991476,0.674011978200859
0.18236551231074072,0.20505771277721394,0.6455036999976195
0.16641896338271725,0.1950222642941205,0.596952167508123
0.20644915446252002,0.2247095761207419,0.6962282478716264
0.19887352164539832,0.20785235255940365,0.7162465077360654
0.1729273867767284,0.19395856743678214,0.6337816802900171
0.18331314319658001,0.19599790572784853,0.6801763656683709
0.21092464620948945,0.2141274418799432,0.7515367707970683
0.19127377886375518,0.20171312683989195,0.70036978295364
0.18990843766939594,0.20243176845437583,0.6911387414022842
0.19509416280186737,0.22285908050302608,0.6510578903689644
0.1989308397859428,0.2190629217145273,0.6798541652796113
0.17874450094245134,0.20034587996454375,0.6426111730634835
0.19385034374267626,0.20160729688531984,0.713517546066314
0.17913069841794957,0.2150145898619572,0.6005671452381605
0.1738300989401263,0.19452757875335047,0.6365683453919693
0.19212301481491997,0.20253297655038263,0.7017277740919641
0.20019951651453535,0.20639846154509933,0.727716260044486
0.1821309508317308,0.1944464345213837,0.6795236495694145
0.19733186441356929,0.2019106948175548,0.729688264144192
0.18871726572611427,0.21185228542483198,0.6547829561901658
0.19967580526086737,0.20383218446932108,0.734308988791685
0.18824651927343056,0.19840956776702717,0.6967734511460649
0.1853811546621622,0.1994611354212748,0.6787345032215347
0.20238935429731508,0.20778287521685404,0.7334067070651173
0.1795998596889678,0.19705397424606577,0.6576871143290596
0.1800183695703499,0.1959873585656779,0.6634018159226278
0.1923542958822695,0.20700890305672537,0.6876723357316715
0.16960173765547953,0.1941020804060097,0.6161795762585576
0.20464769200427843,0.21290403826058765,0.7263727511593493
0.16428637558843123,0.20002885455075017,0.5713494477839703
0.18361782512057306,0.19666103271024293,0.6794321339573323
0.20058166817676676,0.2049727157662312,0.7346424991924451
0.17099523383539594,0.19476187435551526,0.621247018882829
0.17379620299483964,0.20779059824984797,0.5957738417307349
0.1889645491633398,0.20140541501136758,0.6899742450097305
0.17037547062586292,0.20234547624261742,0.594900725537
0.185329642024404,0.2007133931503842,0.6742432076917183
0.18165861166871994,0.19921936092607576,0.6608725731108758
0.2136766727393572,0.21705788467166784,0.754069233591502
0.18207744891388603,0.1988094858266686,0.6643417861310567
0.1654989803682096,0.2035045513223492,0.5675498637141552
0.2206552849668602,0.22548008396264388,0.7568530309538705
0.18096705039429634,0.2021224793185372,0.6479588556199004
0.1874924480332179,0.20612282312017607,0.6670413588943302
0.18567926957676742,0.19769732449918115,0.6862979553237676
0.1833789159922215,0.19828249509986398,0.6726711600287554
0.1906642420949763,0.2176207944029047,0.6463731670538319
0.18048621669151496,0.19580427657146643,0.6664114746436036
0.19941733249015883,0.20848719149952552,0.716673918505439
0.17189065776120183,0.2128329943232143,0.5727056472085111
0.18014955371363434,0.19419688930803558,0.6701938129770493
0.21762210194335138,0.2282872617274194,0.7342595494596464
0.18194173251375612,0.19702793093477042,0.6696600420446874
0.1865374895579144,0.20309773473239123,0.6722748027584897
0.19217012653524843,0.19872845047011944,0.7153989587244577
0.1676401294048364,0.20222746134612998,0.5817218325432323
0.18415382698194271,0.19548660162971745,0.6862558654329226
0.19378911580940994,0.20015771652863676,0.7183790777750899
0.18694191933048698,0.19711460201427378,0.6947324953661755
0.2007664038584193,0.20530641155528453,0.7343482491184703
0.19277984915209956,0.20437063909344297,0.6986319061556456
0.18907567952712304,0.20476623625410378,0.6791924394925033
0.17701620847558963,0.2016841827347071,0.6297777384092892
0.18656916719709055,0.19612780801301263,0.6963274029352814
0.16890565560128834,0.20462428823955076,0.5810925800855428
0.1682475922295297,0.19748161989504978,0.5987777105148901
0.19060579502253785,0.21554561306065442,0.6523250138381218
0.17306046437083938,0.1936754807897188,0.6353951665386649
0.21532327952064592,0.21992762203527613,0.7517167602263632
0.1959076303309808,0.20295692546994903,0.7189093448924202
0.16920005627651818,0.20230407090374092,0.5892123462667996
0.18282620731278787,0.19646978998613138,0.676064281038647
0.18127897736270626,0.19729567725217323,0.6653920612508515
0.19446424140820842,0.20432075733828156,0.7070463289690517
0.19617196342758567,0.20314729156112835,0.7195368557675382
0.2010528643293369,0.20800984047270638,0.7261813382773928
0.19227787564500703,0.21146701853245511,0.6728135509375937
0.18740611187102646,0.20267543299457982,0.6779613584183197
0.1721906277910659,0.19533949088000643,0.6255295702911676
0.1873591431640181,0.19935523431817023,0.6890169883615567
0.18956993742041633,0.20779421349695654,0.6716738405348355
0.20305603564831004,0.2081536520655272,0.7353031480808595
0.16381629966806377,0.19929796107402004,0.571086121778195
0.1897430996703734,0.19771515859953726,0.706790013776417
0.18579130968820545,0.20099617495949332,0.6755915117069836
0.1784172882858182,0.20354576228409632,0.6309013110603673
0.17940067370580295,0.21261854692178453,0.6086048257747019
0.1845093003461529,0.2012520947075525,0.6683622376284517
0.19838947124535475,0.20272615709408337,0.731970029780067
0.1718411216274874,0.2063517077358974,0.5904536626536077
0.20557691001383782,0.20912108595656861,0.7439561118487539
0.1932372177054602,0.20274906714748364,0.7064753476831864
0.19106333790817828,0.19907877185324008,0.7085805110962282
0.1971341586343907,0.20164577103190495,0.7296664734471954
0.1771527410504985,0.19918815988488156,0.6383549158945236
0.20389730553487867,0.20776233643011188,0.7407372682615524
0.19003545526229368,0.19788253714147205,0.7076695967475806
0.1965957840367814,0.20315415520546806,0.7215987479484036
0.18389264368912778,0.19706863577841338,0.679421376010734
0.2022863134087082,0.20978756295898404,0.7259072523688259
0.19133345164217352,0.20037374147037623,0.7053491670367827
0.20616063584372665,0.20886592717997826,0.747659697070476
0.1873713763030337,0.19809076010777607,0.693476950809283
0.1883371456842218,0.20635656327500493,0.6703791897322122
0.19586995161903045,0.2058538138552744,0.708609419894374
0.1949601544905244,0.2002341392362961,0.7239532431552897
0.20344638822971417,0.2082532144875281,0.7368260250259129
0.2059685215202181,0.2229470986408687,0.6995763679861019
0.17963113094694327,0.19824992974808142,0.6538773108856438
0.21229766470987077,0.2157845999588282,0.7521281163754839
0.19242123062238875,0.2029971531196969,0.7015922560175528
0.17348452964270367,0.20512637790694077,0.6019924443784826
0.18277886219332684,0.19658434446599693,0.6754294832277121
0.18987642453113052,0.2013349682963444,0.6947448111708384
0.17738205523331813,0.1982228249590094,0.6426205219285899
0.1650914761938348,0.21750124629486456,0.5291531802893961
0.21040612610824347,0.2236407737847262,0.7172490212480144
0.19498559452057446,0.20363049131170327,0.7120033624956524
0.1752762970798421,0.199290082349541,0.6286128020164906
0.19564467925386367,0.21323431937882945,0.6830264456403621
0.16861316819804653,0.19836571950815826,0.5979519470004406
0.20671412915776455,0.2103707832820455,0.7449424616518963
0.16811983836879718,0.19739993092190192,0.5983783166344135
0.1833947811053409,0.1988451702890357,0.6708474785253373
0.17307972099841595,0.2078793598159204,0.5920728306427558
0.2137291027429552,0.2315671638972391,0.7070480114167313
0.1772184186157149,0.21442614932168275,0.5932971282567849
0.185462842541057,0.20880998378648075,0.6487373835514251
0.1761797454755562,0.20470781542175598,0.6163894876978208
0.17426021886571902,0.19702046790266997,0.6306970041666167
0.18223275999778818,0.20224209264719667,0.6538340177702917
0.19868330082584923,0.2056545128818416,0.7229761153419226
0.1773741347402207,0.1998654223431168,0.6372995050717304
0.19568411276715658,0.20348871844741737,0.7159321355930707
0.1905011809717176,0.20002156462898282,0.7024301666289395
0.18459247012417374,0.19956061071270698,0.6744440681129045
0.21069369969145074,0.22136795030690257,0.7259122175033307
0.19003429546970418,0.26897220693288343,0.5206273803027051
0.1968548307645849,0.20346369783924856,0.7217741165827583
0.19040630969040645,0.199967771316734,0.7021446944468535
0.17269267709403055,0.20680647545603525,0.5932728983629608
0.1913907713142622,0.1988567165497839,0.7110183340418624
0.20015929368323257,0.20357229230550994,0.7376214708919319
0.16812305225138968,0.19787933576885136,0.5969448593125088
0.18102528012478153,0.1943161930637228,0.6742890443608781
0.17708356711021378,0.1942769349483494,0.6541361543715949
0.20319601253605862,0.20778802606094587,0.7372706475931632
0.2019411264940704,0.20936095032207705,0.7257376614900101
0.210579708616255,0.21337711340828341,0.7525629438476656
0.20255371093337282,0.2148979125536934,0.7098892172591786
0.17502159460874667,0.1948485526599327,0.6416347101481716
0.1883420259584137,0.19873015673317898,0.6961300098210853
0.19878154395997785,0.20882090770995976,0.7124839442160976
0.20404005681433043,0.206717929916073,0.7451702756353565
0.20592084928213342,0.21010257574140512,0.7421177428783227
0.19212333278866922,0.21347092740390014,0.6657737169041438
0.18794248851227163,0.2031338080594743,0.6790720354727181
0.18896500041539985,0.1996282975338338,0.6961187473526768
0.18128057226892594,0.1941874247548234,0.6760508433266355
0.18627149238092772,0.20246831899312548,0.6730509398142167
0.18823118141080045,0.21672818603130561,0.6378089714220809
0.1973763926929574,0.20311833595840398,0.7255691220468553
0.18360551720679202,0.19893694103792872,0.6715973238038239
0.18694513562158815,0.22211226375693097,0.6165581913633296
0.19560955195505264,0.2057849168123117,0.7075812659674051
0.1836467588722301,0.2014768888196821,0.6633354309527847
0.17762085706304762,0.1990802381182343,0.6410523629535405
0.19351263485602782,0.199199808468859,0.7204456468062479
0.21045146909899093,0.2136997990401969,0.7508264856571533
0.18239252829102442,0.19578875173904825,0.6762008905776172
0.1859992637713793,0.21069716972875388,0.6454726655629083
0.20268146968371606,0.2089754466971319,0.7306191808504532
0.1904083979598858,0.19979615631731698,0.7027582539520364
0.17168654361548175,0.19706877121925243,0.6174826323958613
0.19540380918922262,0.2010595196918916,0.7231878869105174
0.16315633034962962,0.1963887130714359,0.5761855077102587
0.19391064454230197,0.22326960238604446,0.6445599535465341
0.1944331558032371,0.1998372612589023,0.7227538792983881
0.18954217049127992,0.19894840574357264,0.7013987871364888
0.14821722218306554,0.22319480690516721,0.44005155650775
0.18631441575738028,0.19881197066691172,0.6856449101133884
0.16884426623554039,0.20046363826164265,0.592846998418867
0.1846344521865365,0.22908330758767495,0.5877095699563755
0.20813730117468443,0.216048487256315,0.7319528277329429
0.1914022266552301,0.19937885882756406,0.7092137425539388
0.17631508869181015,0.1945087313071571,0.64940575080067
0.18791474469511393,0.19761849820802188,0.6978837808489914
0.1887281913833752,0.20238323194600819,0.6854727540885657
0.20249406042030538,0.21499853611095812,0.7092795289620254
0.2071683595613647,0.2117528446233607,0.7422254933146991
0.16879053807966726,0.19563666174123742,0.6071997805645848
0.1899003941571199,0.19767666357281935,0.7077233681940608
0.18105057687785,0.1947739566811047,0.672834187439205
0.1848534112516405,0.197735165090974,0.6819900304004963
0.1755836119660891,0.19508756119377674,0.6437294679251707
0.18416644709324853,0.20704587265958185,0.6480034852655125
0.18469858828833036,0.2044282878763494,0.6589038615331173
0.19995476593563663,0.21305149384707733,0.7038428279844409
0.2033270753489476,0.21154833266189083,0.7247850806463413
0.19288250720896707,0.20410308235911606,0.7000507075026314
0.16998659717756034,0.20632474750723695,0.5815424403868554
0.17486405059191532,0.20652536540685665,0.6045942605932793
0.18021290706767706,0.19440461692264033,0.6698035732324858
0.18794776295003152,0.1993141588913434,0.692112209776497
0.1733008332312922,0.20827846430426467,0.591999915320902
0.1796140217274292,0.20641352459089768,0.627933765407661
0.2022979759309325,0.20680967439423484,0.7364161100152964
0.17391812684190514,0.19364414177674952,0.6399270626258818
0.17143586398037522,0.20044954068927254,0.6058176215460598
0.21365464949251942,0.21760666907970727,0.7520663322711596
0.18562413089561802,0.19640687005439544,0.6905264100897109
0.1883857881440157,0.20362906252820362,0.6795974328313209
0.19173199044725522,0.1999238786551571,0.7089297756758942
0.19376693993091634,0.20610629497839172,0.6975378405884639
0.1944539908355827,0.20060958200549736,0.720075229664873
0.15466634279986602,0.22129190181006336,0.47297864017501184
0.2071582992040043,0.21227103166117514,0.7403662100010838
0.19262378293731122,0.20757386812736717,0.6870989312093821
0.20227330855330297,0.21352046923542592,0.7131555541188309
0.18020937033267923,0.2157736007142402,0.6034536657944639
0.1886041588874495,0.19668834908611105,0.7046892178995714
0.206475195591056,0.21362317907282002,0.732482290874047
0.18782953056650875,0.19925486706414416,0.6917247874408943
0.1938652151928082,0.19983806914652144,0.7199089533202311
0.18507296634487147,0.1972080548423696,0.6849262138548887
0.1697152449693606,0.20491187125890717,0.5842279621667199
0.1940049482867635,0.20315782128942272,0.7088329032708575
0.1872949609129557,0.1981727596120907,0.6928044055182002
0.18926405699190818,0.20422490406261148,0.6819151544280441
0.2080366747810612,0.21337778272384297,0.7406425953239699
0.1752349034780364,0.1969468652282085,0.6358816797257615
0.18332174270036905,0.1987767651312213,0.6707108982901372
0.19400801975557003,0.2016445571742919,0.7141676511064785
0.20151667700463025,0.20798243187468485,0.728507093791091
0.18478537018741886,0.21282040609746597,0.6333291654640055
0.1845046284575619,0.1987475700743927,0.6767611216942969
0.16550765350853813,0.2056660075724949,0.5616273436329677
0.17673859852211135,0.1999723073158041,0.6337807480610842
0.16643978443697138,0.20214488392062308,0.5760214267044927
0.17854103044620423,0.2015194295071313,0.6378592414666173
0.19282309939050227,0.2044828526400861,0.6984600300049987
0.18929674525994133,0.2012513221311955,0.6921531932552173
0.19765636306534906,0.20169248663052697,0.7320865815682828
0.18577849874001454,0.19884642167115602,0.6828309888551044
0.18808162206244422,0.23614478549981743,0.5847328865220739
0.1916968009027411,0.2052904848377186,0.69022585734917
0.18773873616274156,0.19647194939978446,0.7010605665772087
0.17762790034176998,0.19991155124460694,0.6384218397945777
0.184389580098284,0.19537001320651814,0.6878720940466229
0.1896270371707512,0.19740899628999203,0.7072982477740799
0.19517644413012103,0.20023313032434778,0.7250370800024795
0.19045417068377177,0.20394081002084768,0.6887006610859981
0.19332174066664698,0.20799776583527863,0.6890542313812589
0.1618380666994497,0.19907641450357075,0.5617846141057744
0.1792708592548695,0.20763263854428812,0.6225941170000397
0.16661590928636774,0.2067830664826554,0.563952896482214
0.19931072980520503,0.21054325258469128,0.7091689140935287
0.16823024160784092,0.1984501169820046,0.5957680620493764
0.18464573956009078,0.19728471054524535,0.6824945490604103
0.18838841988496635,0.19989030482057263,0.692321821256853
0.1901173487668088,0.206158971104889,0.6796568105470427
0.1982143182086296,0.20378056265869082,0.7273231375696594
0.20585169896464497,0.2088395242741721,0.7462749185352348
0.1819830307764914,0.20562325487033567,0.641868211159865
0.2017357156258872,0.2046859762323516,0.7413097781239429
0.16805386860436522,0.19578152033029772,0.6029878019396301
0.16847159433003248,0.19431762726873708,0.609680120096304
0.18815758108807534,0.19935689490131897,0.6930163170752781
0.19778376133548659,0.20438135203430186,0.7230784994057758
0.17282420878275234,0.19463934226436322,0.6310348532514559
0.20458376919100524,0.2116576846923975,0.7303480117703363
0.18244094166152894,0.20490030814120397,0.6463677037042777
0.1879555084951395,0.20475449196527182,0.6737605957799352
0.19678715907871538,0.20362344873072513,0.7208755179902145
0.19791892962455954,0.20698397541517505,0.7146395237982025
0.1988932665816996,0.2085069712101038,0.7140925107567078
0.19009479100641102,0.2041933385106375,0.6860889391801229
0.17638495561335085,0.1950039345372608,0.64811490041603
0.18013614859615504,0.20003321514373817,0.6505726986522857
0.18694921873289638,0.20059688028571315,0.6827086170923374
0.18331542421482178,0.19936255382065654,0.6687084493046286
0.18613819355164868,0.19635257121084604,0.693335425719797
0.20317979912835085,0.21093992180016172,0.7261773770517886
0.19022061672914437,0.21221699154696969,0.6607417045496545
0.20991937218149231,0.21697992509642733,0.7370238150392165
0.18690593831786584,0.19771810654240163,0.6924299484352269
0.16699744749582543,0.20913252201573432,0.5594416706122015
0.15943017393918535,0.20036680402102502,0.5461492210441333
0.1917397505356756,0.20446737073246304,0.6932145213582079
0.1523559137305628,0.2172199603267671,0.47120860153269206
0.1800958420188321,0.19751064277197622,0.6586776296861445
0.1694883632320664,0.20707064957781787,0.5770415241159624
0.20052947507542596,0.21689611253847244,0.6940164732031583
0.2026206163912421,0.20696637177490781,0.737417461022262
0.20516211157303577,0.20860094883974886,0.7438226548635414
0.178402008388452,0.1941189136791615,0.6614605756586606
0.18027433060416478,0.20706157832098243,0.6291574306567695
0.21101440292796228,0.21660505584306,0.7433547767445666
0.1758380557165849,0.1972954200161979,0.6378153922997991
0.19221156778464482,0.2023032023366257,0.702962514394654
0.19484681204187576,0.20327790980102928,0.7125555953603295
0.18869630657569397,0.19823431850285425,0.6996584023552762
0.19157582382163796,0.20252683792267695,0.6990472239323187
0.175014871778126,0.19608076416236034,0.6375682607734544
0.21529291369347245,0.21829814723251878,0.757188807092402
0.16897114629443477,0.19789408033650457,0.6011859783381743
0.20615459611421444,0.20967757851792881,0.74473673922585
0.18328389944377424,0.1980588325196002,0.6729510506964351
0.17768120348537275,0.2031721568398721,0.6284384901519912
0.20048733558894133,0.20754663362343848,0.7250772174025116
0.1618575134135205,0.22282277377197415,0.5020021585764387
0.18418354656979138,0.19646294713850798,0.682996710189789
0.18691058403233846,0.19599109899217798,0.6985551116165871
0.1764538974173557,0.19439881539933943,0.6504869752297132
0.18792604791574563,0.19674253203572004,0.701048453979967
0.18750240152437583,0.20286329708339043,0.6778081767440323
0.205095494180485,0.20996626064612478,0.738668649444977
0.18706285623409025,0.20700099220632176,0.662136228301153
0.20355286335337286,0.20677006505880757,0.7426261790346723
0.18726061518424822,0.19787878210278942,0.6936600969827441
0.19212531670267122,0.20414075935996168,0.6962123446012143
0.20721152000575357,0.21622380224609203,0.7270777702208081
0.19897553728827072,0.20793795358816114,0.7164422594219115
0.20850977853181207,0.21914973492457096,0.7232944114049213
0.21215670886345406,0.2164583067580257,0.7491359943267307
0.1536379188722055,0.21668904017044777,0.4782794680833134
0.19952651242018507,0.2124996750078859,0.7036552522474968
0.17605715858366897,0.1984332787244422,0.6352621868367171
0.18354437048814207,0.2174126512181117,0.6142437882060887
0.1864313145657947,0.21654033034911244,0.6300503668108213
0.1857900509831506,0.19913079446818518,0.6819138714622343
0.20208972294070476,0.20935747211092887,0.7264594924996011
0.19146813766524318,0.20522514467540143,0.6893314066802056
0.18576674137615062,0.1960074852700497,0.6926610031708623
0.1907889250260415,0.19929674175722814,0.7064286339289104
0.19121003249081897,0.1998851926663463,0.706455693926916
0.20084650212165822,0.20489751566296338,0.736204641786805
0.17240760773687042,0.19598980280087194,0.6245611046470517
0.21551027862064193,0.22527191566030022,0.7347133269387378
0.18753725927560885,0.2029776778625498,0.6775979542378291
0.18908262536791728,0.19842716166519442,0.700925338047172
0.19638628170465938,0.20296190189644867,0.7212500490823436
0.1758812057583395,0.19398368685237313,0.6489267618371359
0.18570121414898888,0.19715574905511504,0.6882944818974237
0.1870434214059515,0.19967715919090268,0.6863249755818602
0.19198592255379912,0.21326345739208444,0.6657770829099815
0.21272129686056498,0.2161472129221205,0.7528262551282339
0.17058459815619548,0.19655323477382888,0.6134958719705149
0.20701893925653658,0.2093082769957366,0.7501802676429032
0.18405950358154965,0.19662066419364022,0.6818179774305019
0.17703441032146036,0.2050328830341406,0.6195806664841536
0.2125520747581687,0.2183077672850063,0.7446005095455575
0.1667974010264352,0.2005905522192926,0.5822677076971612
0.15692323343096337,0.21113602252022112,0.5064187160233304
0.18863991024052632,0.1966786608171892,0.7049057059087395
0.18516915252698066,0.20115464357743587,0.671966354457765
0.1854482588066152,0.2038562613850981,0.6644302112003535
0.18563405949673978,0.1961829215961052,0.6913652747815563
0.16641154422582677,0.1963857888050889,0.5927696954761027
0.2030470372938069,0.21266524290994623,0.7196617331522066
0.1800362646819182,0.20272248606115637,0.6414496349590418
0.18244248594915763,0.201880604697906,0.6560436360260783
0.18708160165332985,0.19667974665160123,0.6969787382132252
0.1944221996006089,0.19951855020277773,0.7238534935915861
0.19311881507131018,0.1994016578511919,0.7177413498643823
0.18231443500547795,0.19564891881719554,0.6762850303768143
0.17025278024170648,0.1974478110811533,0.6090357729632222
0.21104791341094456,0.22411047007492918,0.7186095025239103
0.17141596707273177,0.20893046272100838,0.5811309920605615
0.21091008191536975,0.2166313629161878,0.7427829458730039
0.19557362081083354,0.20960417069766304,0.6945168138892218
0.18814567970206258,0.19848516262909396,0.6960000328095718
0.20480428530952816,0.20805678239261666,0.7440482522574171
0.19443104967469996,0.2083439781922814,0.6932336174429962
0.19932891065844588,0.21475422188303217,0.6953479626574197
0.2003866498816065,0.209195466186339,0.7188810189014848
0.18399152295170734,0.23874516504044027,0.5612324041369003
0.19989718280896124,0.208617778064781,0.718525449745776
0.20332653819774876,0.21047795708810396,0.7284683884192578
0.1950428727981718,0.20276975368633715,0.7153082260115452
0.17129321454949514,0.19486499133889507,0.6224474376649358
0.1900891605505841,0.20132506449014637,0.6958356670857574
0.18385828880366606,0.19762701610912967,0.6773278848158569
0.19113605924277005,0.20200903924120076,0.6986620983541842
0.19827172016614036,0.2067355918745465,0.7172046130117556
0.16307027053809883,0.20749239895841953,0.5449369283197577
0.16088925308003807,0.19716068661505531,0.5624308526402265
0.1737637974769161,0.19851733132261234,0.6234407678782786
0.2116525373605186,0.22694592889467116,0.7122953830801867
0.17141591037502338,0.20462149443982913,0.5933683101445966
0.1994304333043346,0.20713648855145284,0.7214104784209276
0.18606424362619306,0.20828040892112232,0.6532743253722045
0.1893393399672274,0.20107798721715686,0.6929616806674419
0.1869902321837412,0.1983609244670889,0.6906109787085105
0.16572871361587543,0.20270148653911538,0.5709317459472267
0.19546191593388348,0.204196155497017,0.7123636367189511
0.1766032437569552,0.19866183909439614,0.6372801356016764
0.21150054146681224,0.21631484388774005,0.7465994407236587
0.20000659314036237,0.20392714078070281,0.7355891548622995
0.18494187392184197,0.20148094154339688,0.6697500661261151
0.17716406736118184,0.20396834112355652,0.6234500249435795
0.20327201715249174,0.20740712131966593,0.7389911020280805
0.1554938420464549,0.2042321904410335,0.516538758256688
0.1684506657747823,0.2214799027029988,0.534814510613285
0.16889814007465154,0.197604365092042,0.601697943359045
0.20204902312437953,0.20846407280638332,0.7293775904762216
0.18783843379451795,0.20259799542071702,0.6803543811392668
0.19767925105494705,0.21314358582804782,0.6928627501560677
0.20483935059698022,0.20996965677401738,0.7374367943251349
0.1994374454236582,0.20968294635421827,0.7126828768001615
0.19535477523747682,0.20676077499821452,0.7030094331902752
0.1810895827130348,0.20242239033057147,0.6476041632497044
0.18742989966927193,0.20065249463728954,0.6849149815839457
0.20123762642974471,0.20824281562282226,0.7262561542755566
0.17010114035403257,0.20537286668165042,0.5847955589002026
0.17822417909924326,0.19400719063622932,0.6609248795302045
0.18753202863430873,0.19710971682676862,0.6977435250195191
0.17797923925972436,0.2005222178522155,0.6382297215266431
0.1870275756384272,0.19653609795377242,0.6972132705649712
0.18602268845103231,0.20399549688847096,0.6667926033945694
0.19710199843735715,0.20258443004300988,0.7261268716758071
0.17595616027267394,0.1943764865385056,0.6480010134750649
0.1914652655159418,0.21099491179553975,0.6704676634715523
0.18650205686887872,0.2037701806760202,0.6698823960209718
0.1940971635789605,0.20429963040204652,0.7053226836259469
0.16983469586711075,0.2035901730591264,0.58860746600136
0.18290427729586556,0.19970299588854604,0.6655096820382167
0.21622690666805933,0.22007684856624488,0.7553130088466516
0.16196466598507547,0.21916784435173967,0.5108626510255072
0.14954004549176086,0.21118665129340666,0.47133682399967364
0.19624440232945942,0.20567036987855172,0.7110620864629974
0.16605526790440137,0.21681144813796518,0.5352820107107586
0.20588310230188767,0.21233434308864207,0.7341398477250192
0.181228045676656,0.2089604695230806,0.6280041673727256
0.18107181383721024,0.2010681217147594,0.6518776458416028
0.19481093515363018,0.20046649665876967,0.7223697603701065
0.19662709126278405,0.20403632814196868,0.7186322778792646
0.19528652011651382,0.2061095154598008,0.7048996248057758
0.18939667107751648,0.19941282644182798,0.6990356315830104
0.19833336673877966,0.20464514859210314,0.7248320703386739
0.18017629719328976,0.20121469424202124,0.6469522401615142
0.18500960217507756,0.19677282539903473,0.6861191422204372
0.21153360207805133,0.2152477018164773,0.7504544797220496
0.2075167192119828,0.21553758407528145,0.7308085960403382
0.20162633512231304,0.21245175508637687,0.7136977289769438
0.18856094308601207,0.207965909025873,0.666267580754179
0.17051235612133636,0.21849833335395047,0.5515481709698702
0.1825216725994428,0.20410530143804026,0.6492808940568948
0.1776168037721545,0.19391273697534137,0.6581146022831018
0.18132432740643062,0.19426019764045463,0.6760228240346564
0.1956460668162886,0.20382972899336604,0.7145477136018215
0.18348943939231885,0.19570219015791993,0.6821049845410563
0.17543038745743092,0.20099084585672283,0.6240601999697264
0.16824582580379757,0.20464132858113357,0.5778198696404425
0.18864039837350308,0.2106281497507541,0.6582235021176541
0.20321115707647952,0.21038553088270506,0.7282399908095315
0.17964516155944116,0.19403346882982744,0.6681587580807693
0.16051932287827964,0.20216335984310405,0.5466832514262329
0.20304823622243545,0.2071679723205444,0.7387639822319099
0.1976912807708173,0.2023100804517244,0.7300243291933228
0.18769774893369348,0.20124627066288822,0.6842250963465246
0.17358583911003678,0.20219930281353699,0.6112080377646231
0.1878534133376484,0.1992782525529301,0.6917634592416615
0.18450256606678264,0.19934741739894188,0.6747143646090524
0.18953497046295817,0.2002090648111005,0.6969463175636476
0.20852644312844537,0.22308286316839976,0.7106168572382795
0.20070896185495107,0.2124089176224823,0.7095227617646849
0.19198628508177087,0.2032931422188784,0.6984312580937893
0.17719909655751628,0.19496546127057268,0.6524186167568912
0.19722897222352448,0.20713682927820373,0.710781239321678
0.21072400822540058,0.21394291931493592,0.7512471491931259
0.20434471579988972,0.21191079948744546,0.7283475697001172
0.17212747760233957,0.20902020346452135,0.5842855167972757
0.19284377065024214,0.2070835686603433,0.6897880482470015
0.1804750943487184,0.20558936531326602,0.6346393168241338
0.18782617578516703,0.20129609766859222,0.6846937291952866
0.17104107564745838,0.2103158025572048,0.5755205941528613
0.18042377253810818,0.19528390938639353,0.6678674804694148
0.1912050717274133,0.198371812422351,0.7118202430231132
0.1976298497353619,0.20496243001004244,0.7202776124781921
0.17114612340166846,0.19402427163280828,0.6243864356874793
0.15924063903304073,0.19958767657538357,0.5473315833293991
0.17048535208946455,0.21158590210852452,0.5694394139155189
0.19397759668465236,0.20323285191847,0.7084366298338972
0.17866894427245247,0.19718851387287623,0.6525174400137878
0.18907650242311896,0.19764373889779577,0.7036726951165263
0.18555173289997634,0.20406126253737647,0.6642697943474122
0.17620046765086203,0.2022675259980608,0.6239284681420978
0.16243641557260458,0.21304537284348057,0.527758073653207
0.22253520226513035,0.2390649328890215,0.7217085340794188
0.18164609226332784,0.19430733886473237,0.6775147713539202
0.18537197774976208,0.19655831764967716,0.6887115201659054
0.18997966365870264,0.20423791134808417,0.6853755149313795
0.1954810172752158,0.20281565365253712,0.7173066509178488
0.18837080730368938,0.196849752390963,0.7029259911329293
0.18222001912253444,0.2020716129904571,0.6543225798310354
0.1914092598516338,0.20617721239739456,0.6858627013497285
0.17894868907792336,0.19523482045106713,0.6604799737055231
0.1801338532766266,0.19634190935023094,0.6627920330778504
0.18836295860724334,0.20249929471059722,0.6832762494555124
0.16241907639819464,0.21774770810345612,0.5162813302484092
0.17590399220381597,0.19877850143780942,0.6333883759718693
0.18077640295480177,0.19642504005063077,0.665782748070677
0.18706197301702293,0.19850883311742656,0.6904578041418684
0.17890185350533594,0.19397332836462147,0.6645339057286919
0.1675879406996308,0.20242648515644798,0.580892073528577
0.19586427668816497,0.20690024226131024,0.7049980951880267
0.19035990639361777,0.1992022991831408,0.7046098713176747
0.17342070299278062,0.19754036214412637,0.6247872670332167
0.17875200251294193,0.19396594635123343,0.6637866333495359
0.19892068067798824,0.2249338573871056,0.6620643170747721
0.18874805025335079,0.20074264162898178,0.691173779160428
0.17280177316168152,0.19612149054806197,0.6261515391225697
0.18808883266484666,0.19706971059501308,0.7007105873749685
0.1801950376032558,0.20485521322893904,0.6355466163204466
0.18968597852663943,0.19960738735867725,0.6998036514331797
0.18825427869044814,0.20281171351364563,0.6816878389085061
0.2032032459753448,0.20840657671152155,0.7351171368618096
0.17880237406713595,0.19756204700239743,0.6519590985285394
0.1924960206183239,0.1988245537230487,0.7166922693904937
0.19199596313695033,0.22732700209389148,0.6246330696707232
0.2018052525421861,0.20523443294806468,0.7396675614398532
0.210504631508111,0.21478834350076118,0.7472688177212103
0.19568118191406503,0.20073465536847224,0.7257400653945377
0.1967789736245933,0.20968893995479523,0.6999843370672575
0.20220082571105033,0.20773637811023046,0.7326633259692652
0.21410124050673704,0.2188619773680863,0.7497932828722843
0.18624292697313286,0.20301832987536284,0.6710868277597161
0.1919839849910414,0.20147848251274222,0.7047104148308336
0.18721640702585543,0.202392057921047,0.6779732783752979
0.2157765433527734,0.21925551928074394,0.756088347953997
0.18127758808336322,0.1978148732249284,0.663638612927209
0.19462685385833506,0.20254621833378514,0.714043713321756
0.19323602571994747,0.20554580702951977,0.6968569575314977
0.1817176369287448,0.20892634170581584,0.6304501187036206
0.2058529703974564,0.21791094577708556,0.7152140515093167
0.17720309292669845,0.20967746040745688,0.606660785949574
0.1687313320636391,0.20912167061826956,0.5677619718349092
0.19401682964415856,0.19979097993650377,0.7208374957164184
0.16977466478659986,0.1940595322868154,0.6172057789440394
0.19684627216825362,0.2052081759356927,0.7155965959868563
0.1858322261901867,0.1998036851095021,0.679828433173012
0.19981190671045485,0.2062651166353698,0.7263075267122773
0.20965886736498723,0.21232781781692678,0.7519451243202069
0.18745518645139686,0.19678676238916584,0.6984981346436568
0.18813100405710248,0.2003863557067182,0.6893234001384231
0.17746316045234828,0.19914298165114386,0.64005851170611
0.17234378717814058,0.20393826484708946,0.599905992481953
0.1727117649538425,0.19712148112342995,0.6225184807585992
0.1734704490279839,0.19832534437638166,0.6225651563405925
0.1770482809503268,0.19358965503503084,0.6562761885563403
0.19870043582886024,0.20670489343099313,0.7193851744903308
0.19872122906761158,0.20453491283831152,0.7271190380352247
0.19851181702254123,0.20960557148439496,0.7085299115419643
0.16469695701770065,0.19729612692903295,0.5813441895844055
0.1654120019435908,0.1986902864553448,0.5808638358852504
0.1909072552717187,0.20432471392852464,0.6896241407244053
0.2040983010774815,0.21560302525766145,0.7147316272270425
0.19047506621278493,0.1996376421243971,0.7036501970167174
0.18318680634662987,0.19938733778359138,0.667980263075615
0.16990464174864206,0.2127144989680066,0.5636881469310485
0.19273380324534892,0.20506620040275264,0.6960376842454675
0.17557192815207345,0.20468458151111793,0.6134899230074774
0.21177651109867618,0.22423813227246744,0.7214496011860492
0.20411032894802728,0.20978432092389632,0.7346131887708331
0.2013370618773604,0.20867306778050207,0.7252352375273844
0.21236128558720718,0.22686995194800888,0.7156579537884993
0.17673322954178064,0.19377144149841916,0.6540346119209448
0.21385685404233418,0.2188540185900368,0.7487038853477724
0.17829807218960503,0.1958202762825573,0.6551827758861823
0.20126113117094518,0.2241500771669635,0.6748207856215671
0.22335359098621305,0.22809158028706367,0.7600174928335349
0.19779919232978296,0.2059125438879238,0.717776535315054
0.17673881026036362,0.20897972688645358,0.6064646181168831
0.2184075405021751,0.22555873513427566,0.7466238911205176
0.18936414514029207,0.23851070656472986,0.584309807922479
0.19087235767382874,0.2042133199996359,0.6898294277478074
0.16950983962378816,0.2062334993501,0.5794880075273775
0.21192431786779242,0.22259014997463705,0.7274550014286024
0.18774223963883477,0.2168041367191578,0.635330311142828
0.18443013979026443,0.20540168908022952,0.6544743638293853
0.18558501827752627,0.19796595079043475,0.6848905972777892
0.1990110121805424,0.2042420386640069,0.7295805170926464
0.2044051361216854,0.2148223025471812,0.7187574767185708
0.19250441660104037,0.20683922512363048,0.6889622435776561
0.18667792443874787,0.20413114454586007,0.6695593891016559
0.18456052878166238,0.20037736107070478,0.6715355869677393
0.19252614419047281,0.20388637272724014,0.6990469362125774
0.180025510029041,0.1944239270859566,0.6687731905114515
0.18045954082928065,0.1966682728201095,0.6633481799507674
0.1801254706431566,0.19501102783610386,0.6672723696042461
0.18231985876814238,0.20252182409128378,0.6533609864609018
0.18196997643363982,0.1991104702033592,0.6627977740138618
0.19707933172631165,0.2152657468285695,0.6832454019888299
0.18296461448635853,0.19483948528898423,0.682431563033266
0.19466942692570186,0.20133674378866442,0.7185445845769507
0.18543733554712916,0.20012828898368826,0.676752578233296
0.18987737015186634,0.20135039910520505,0.6946962646882106
0.18894050542276888,0.1988063163071225,0.698873697796045
0.18712870551725952,0.19800568953700867,0.692549319354933
0.19075768417455263,0.1985581493489043,0.7088990536833354
0.1827125471574603,0.2015467870301788,0.6584701701922365
0.17908962880482002,0.1972357466606864,0.6544940812726951
0.18748609390882742,0.19673109156007051,0.6988529002638456
0.18133602870446347,0.19671919989213382,0.6676319788636716
0.1772320777463307,0.19696487571356464,0.6459632829731401
0.18971359915001013,0.19834331439461475,0.7044028661941303
0.19706919410810456,0.20402000558489577,0.7208567301352555
0.20668031744510526,0.21386531533900388,0.7326120983982227
0.20393348025742628,0.20981313843569965,0.7336694041426841
0.1901866510079882,0.19849014349246616,0.7062650494446799
0.21208239395736542,0.21581266876485913,0.7510328049089829
0.1890694171517927,0.19887764114255263,0.6992712521771604
0.19860673990757843,0.20392276940384607,0.7287402988004715
0.1821749082070928,0.20696185373432888,0.6386438168299461
0.1957685319937355,0.20349798494290255,0.7163143754697877
0.18371384454310624,0.2017311342813028,0.6628319670113477
0.19022394105293094,0.209432382258546,0.6695427877042593
0.1674251947079802,0.22262375158204475,0.5274603175695063
0.15281915721807682,0.20600186359620595,0.4991176071087276
0.17321559946548631,0.19726355326730366,0.6246242522992677
0.19365421698472018,0.2043281674192126,0.7030563568359625
0.2160868395004828,0.21899691466866933,0.7583980794969799
0.19788575726715923,0.21055234809925943,0.7023704964688513
0.19792468567214477,0.20411892603967366,0.7246985301274481
0.17379840542758923,0.19821664621452567,0.6245610940950178
0.20137653861726418,0.21823825746653183,0.6936297071583735
0.17830955150585107,0.19473890976388528,0.6588798903178738
0.1806204540498733,0.20372292514104692,0.641167183121088
0.19553188739494098,0.20385276987440565,0.713906843083877
0.20979767025554216,0.21302988551281077,0.7501185567033155
0.17854015985999017,0.20789822470296826,0.6182840668487678
0.1897059244178323,0.20315478498344003,0.6876821750923577
0.18063319188493565,0.20997717608164937,0.6221304349485065
0.2018645729991963,0.20526861424387535,0.7398333815357139
0.20826760854722756,0.21093307458965527,0.7503214413155357
0.18227422832597495,0.19571186934937373,0.675862065830287
0.1796752800955407,0.1984930029917421,0.6532989986600967
0.20029179702749306,0.20412999505526577,0.7362553307602019
0.16086334303525562,0.2234087183440612,0.49623552678244287
0.2120784415650427,0.2194417153232942,0.7385944888657991
0.1762099206084612,0.20122280642486648,0.6272147916572571
0.1772911199248903,0.20077022807132802,0.6340139230188419
0.19378556228993235,0.20539195859396328,0.7000544874017204
0.18869755761228924,0.21119499679198864,0.656727478013582
0.1966047466277971,0.2083271748811666,0.7037235862840409
0.19948486147468614,0.22147495866538955,0.6749515266894438
0.1936325429639202,0.2115761320726895,0.6788693108094703
0.20810891475182108,0.2126090315749913,0.743660387240196
0.20398827806811623,0.20712452116800203,0.7434574969673139
0.19889923071508095,0.20377532964704193,0.7307029313753948
0.2000689432868984,0.20583837923472975,0.7290620138228249
0.1822933614519367,0.19471505218658505,0.6794203117135856
0.1838874838799239,0.1977663152416173,0.6769984247132751
0.18768612986690197,0.1971724961554658,0.6983029202934052
0.19827867372816566,0.20559407520674827,0.7212205584185953
0.19190989617320509,0.20831472338230053,0.6812283542376941
0.1727546914742203,0.1957680846329654,0.6270413877949829
0.17159616035869313,0.19707380177360517,0.6170082439388904
0.18895557727190043,0.2089876223678913,0.6648985987662467
0.19986908511287693,0.21114298496812356,0.7097990261694123
0.19616713208059988,0.20174135449742386,0.7245273654711503
0.17854745198698424,0.19733764150556762,0.6514086770584894
0.23105032884113877,0.24954687864170844,0.7255163030954401
0.21461348769705607,0.22061499787262262,0.7461572843388447
0.20763554723955152,0.2138186465452966,0.7372394774099231
0.2041968791890996,0.21175727109227824,0.728177494891803
0.16145186061475253,0.19979012318792166,0.5578446964063455
0.1775036845310668,0.20525618176807897,0.6211929084559047
0.19274581765546567,0.20048020045903678,0.7120195277569682
0.2024385720432914,0.20581736652078225,0.740649706194249
0.17564479931126115,0.19939456358349916,0.6301315194014591
0.17585046400456547,0.19785109999782283,0.6360867541598219
0.1840939699013929,0.20043499817913746,0.6690147485198532
0.20448173827499064,0.21318534437746736,0.7246358267548835
0.18981515804499283,0.2016659656050416,0.693300714503397
0.1857061283277019,0.19675740140641493,0.6897129528936615
0.18665486172186466,0.20768750342768288,0.657983072965428
0.2102825154883715,0.21769603349182534,0.7362675052799722
0.18846882275514623,0.20582935288275236,0.6727360350494952
0.18147529987575708,0.20623759930535024,0.6374943284764386
0.19104181885405058,0.19837508502168416,0.7109855496149301
0.18138918097191253,0.21193885787974773,0.6199390818953154
0.20139915549296747,0.20535360579464815,0.7372607600782297
0.21133257604362551,0.22243395363341595,0.725305527363466
0.16347220231316517,0.19623912218655876,0.5782343553559646
0.19861010004142332,0.21286650131576804,0.6981375609728926
0.1880534480542157,0.19786005524323402,0.697732788381684
0.2020576227563129,0.20669921701466898,0.7356468251426502
0.19721804879347946,0.2054616592116044,0.7165232158563462
0.18651741696806942,0.196159776987376,0.6959501028432301
0.20538209008452085,0.21234240860321402,0.7317525081618058
0.19022555792595125,0.2018036608621759,0.6948613188029323
0.1984739583638734,0.21100716051942311,0.703644170171213
0.21254638880009866,0.2177293013117705,0.7465526588327472
0.2024550713950071,0.2065588841398742,0.738070754157299
0.19079545069878998,0.20413853558721784,0.6897054017448624
0.1751923963967767,0.1959693409086775,0.6388366456522241
0.18721930215952842,0.21075315357417243,0.6510901489843448
0.20501577615167654,0.21878945831444083,0.7085157454382024
0.20552653089051848,0.2079927808276347,0.7477496587701502
0.1714204872148809,0.2103333689021014,0.577276386760084
0.1765061178002206,0.19572988891892643,0.6463300955155648
0.21953261851307826,0.22398277497403452,0.7569002506229845
0.19572147512578333,0.2008956630356987,0.7253589894565765
0.19651719036400003,0.20269741462315008,0.7228369963988001
0.18079084774325951,0.19812393793429497,0.6601466188635643
0.19785598103237928,0.21017290572101235,0.7034968685670941
0.18440966277536877,0.1958024433415681,0.6864554930037183
0.21200148418003473,0.2147892115055455,0.7542347357416139
0.17581308154832365,0.20892853765570735,0.6021823680001562
0.16681582214820156,0.198333480134012,0.588986902611048
0.1443855202537118,0.23482319618535175,0.4019429161470529
0.18906724216625861,0.19669322883842938,0.7070260780583009
0.20640650576956632,0.21914321601528589,0.7137182186769429
0.18510910722931603,0.20137300372582054,0.670939523816578
0.1899254121984878,0.21196016515311267,0.6601495714886358
0.2055876389012056,0.21574921725760324,0.7211504212107287
0.19697293746308236,0.2235736911956406,0.6573802878017168
0.15468872014960197,0.20230161622816198,0.5174883033634828
0.19418739234232735,0.1999761229833809,0.7210230411073131
0.19585814873904966,0.20366966060345593,0.7161505955618739
0.1924785512735755,0.20069910108976854,0.709911257698398
0.18583669233440292,0.200867731052313,0.6762494484443909
0.21665129680479112,0.2270414311716038,0.7340127127670886
0.1856541764685486,0.20009370732727877,0.6779532364137214
0.1849090428846627,0.19707225816669383,0.6845663826034293
0.18184513153472548,0.1971885977431649,0.6686245200975146
0.18068738818342542,0.20414972795000363,0.6401546036614402
0.19189614488091927,0.20504804043757774,0.6920141474071603
0.1732041897912887,0.19778066337743364,0.622933443984727
0.18571985129256607,0.19816859143151014,0.6848706463126513
0.20094034489839427,0.21034373706032877,0.7175889665547921
0.1989470595473431,0.21110125762628215,0.7055716352530113
0.16744218956299803,0.20559219187653374,0.5712385693787764
0.18490551995838234,0.19528866598649053,0.6908005606823834
0.19667104980310623,0.2094341210561054,0.7003206978093817
0.19142334092702037,0.19853115938348,0.7123483354763924
0.21480731187784122,0.21885237098802438,0.7530524395683128
0.18822413559119913,0.1977999038690116,0.6988079007497134
0.17638881310168442,0.19548266783292814,0.6465474126315092
0.2090602914257052,0.21321362680262904,0.7460137225325971
0.18443333661719785,0.2020761667612347,0.6652607220921755
0.17132513905378863,0.2110402052412474,0.574891115724123
0.15659309471581018,0.20037363744800632,0.5319716509287272
0.19705092856038595,0.2067616428230058,0.7112099060185257
0.18672785688784183,0.20774036684900873,0.6581670137668492
0.21237303184246023,0.22385227564917176,0.7253579682028173
0.17161163085145403,0.20470325045724566,0.5940874440430727
0.21347577684929778,0.21940940122536787,0.74507188815206
0.17642840983875363,0.19607118696326503,0.6448087135946224
0.1981983377000067,0.2031134141238587,0.7296334333173841
0.1920072372253996,0.21658861740402358,0.6556542025498037
0.20024614341714095,0.20771342570576776,0.7233338091008573
0.18820905439933722,0.2024473697585428,0.6826912820066665
0.19330083559722766,0.20423725255311664,0.701639068318151
0.19142680829564782,0.20269111754619865,0.6977454661446272
0.18681983617480882,0.20107435601075685,0.6804439854453115
0.20701357748957605,0.20975661943695847,0.7485512395796685
0.15665409479424292,0.21737288844970062,0.4906504005853624
0.1749099957116844,0.20428328488685404,0.611454802975525
0.19307553304497344,0.20566403403637298,0.6956760024442078
0.1860836268837437,0.2028809639628999,0.6707560148848111
0.1775582317840958,0.20060168525478844,0.6358781663378421
0.2013843105968383,0.210065577206139,0.7206526295752098
0.18774571654469144,0.19785322682495923,0.6962015164228536
0.179305275349051,0.20546541068352747,0.6293286783351396
0.18428486959553628,0.20292873664352087,0.6617341231046575
0.1835981942694606,0.19603788163786462,0.6814917257484596
0.20033380223070196,0.2068803023254203,0.7266704492447457
0.19767300569996527,0.2089576353462705,0.70671265711469
0.18125811939541348,0.20949882567680808,0.6265339147910269
0.19565160694438835,0.20171462662222,0.722067652620804
0.19570263323230255,0.2073023718351436,0.702850777550061
0.18688925459929032,0.1998323894051486,0.6850203563435118
0.19650096932971928,0.20929558305644247,0.6999716247724691
0.19107513903631185,0.1981520056212772,0.711954131344727
0.1849593071794467,0.19806447100585753,0.6813907940887362
0.20237234642696458,0.21179258117469407,0.719441377888881
0.19358498943825686,0.21689212959441725,0.662011063779756
0.21120571650838177,0.22479808929597297,0.7171133749990891
0.18708996644503328,0.19839831969625332,0.6909835055806786
0.19401749393585546,0.20194864460999343,0.7131391954325043
0.1761729994872645,0.2111845896827531,0.5974536289641438
0.19188868234070958,0.20905502486402897,0.6787145271107216
0.19563165486095827,0.206470220080941,0.7053397570064455
0.18378372254270334,0.19518123719066363,0.6854333155600203
0.18438470921784064,0.2028984811028409,0.6623248655554328
0.21450283024552214,0.22708888597020835,0.7243984202164044
0.17736054937473694,0.2046367650113701,0.6223737428983521
0.1993714158532381,0.20512472627600056,0.7281980020890072
0.170596853287653,0.20810595275334118,0.579497374736758
0.16814506673608792,0.20677992018293295,0.5713565738470543
0.20474833080971283,0.20748982465565508,0.7458116612056968
0.1804593590261803,0.19493988309892488,0.6692286716924771
0.21411034952178673,0.21662870141583163,0.7575651261776581
0.18430904739817716,0.19635157465178432,0.6840232762908309
0.19656869641622177,0.20434602115419823,0.7172574028521063
0.19991192987707262,0.20485661530019803,0.7317895478131905
0.2189235136986016,0.23385317587948332,0.7223485978469527
0.17528950013533,0.19828935564275343,0.6318518698555707
0.1791152160473924,0.20092890354553955,0.642591552380263
0.18922688462359327,0.2014924894267909,0.6909780360531957
0.1835996224124634,0.19884029358022232,0.6718941116356906
0.16844369953015403,0.2129702116349478,0.5561514853221743
0.18629667748494716,0.2010822833583191,0.6778154455411318
0.18619622227351804,0.19908816998108886,0.684100026066115
0.1930496928344346,0.19883264538675313,0.7194477172306687
0.18816557289206015,0.19820009588764853,0.6971014432323006
0.18618496733768417,0.19967753969554497,0.6820244657728152
0.19637801573851826,0.20105567901018087,0.7280471581760499
0.19837682431447085,0.20232048980118691,0.7333751735193773
0.19868618091283044,0.2025586191818344,0.734040257153198
0.1767786108933082,0.20597608980078427,0.6155015905774589
0.1785142058691363,0.20574362040152144,0.62463276197013
0.21571917206555846,0.22106532722483072,0.7496389150932594
0.19802903656535442,0.2077956510161866,0.7123779340012436
0.18990862554844473,0.20509055554464684,0.6821797579946951
0.19688865162266253,0.20603680576618366,0.7129243295945671
0.19179915816864906,0.2071607268378694,0.6844886110079428
0.18493127618888686,0.19730996578039517,0.6838543388075216
0.19253546360844093,0.20221105621498806,0.7048846204378615
0.19412119140453965,0.20534337886820267,0.7018545823045126
0.22450987017239085,0.23166902650177512,0.75327234204549
0.20947665698576853,0.22885182796395775,0.6968555086694993
0.20566347722974923,0.21644352327822788,0.7191875038443687
0.18854769643577934,0.2067657520134353,0.6700708172733401
0.19101096246404795,0.20694946532196484,0.6813787232775302
0.182510785649466,0.20025454742686333,0.6617117431396228
0.18328039799005869,0.20234263790387513,0.6586866681721075
0.19532750632066917,0.20320499788804933,0.7151768304475152
0.20137797914269007,0.212091456969449,0.7137391637820448
0.21778608747914122,0.22239831833290466,0.7544395512379044
0.19390460901586556,0.20983198345956453,0.6858087439448741
0.2079136848558577,0.21565572070255323,0.7322489954887995
0.20626557254310354,0.2109549268724228,0.7407533678395991
0.18803301817666293,0.20619840797027766,0.6694184476756949
0.17839840904605542,0.20652126082739714,0.6217200521227018
0.20079110451731447,0.21321858262417248,0.707213708399445
0.18852677327074224,0.20150480500006074,0.6874613896710825
0.2073808386986663,0.22190837651836162,0.7092154030771523
0.17336757346959636,0.1956319878896565,0.6306104374872483
0.17686723848517014,0.20936867540794243,0.6059513833097374
0.17253778290317126,0.2052827628226741,0.5969219296265073
0.20835978424529036,0.21248413062257837,0.7452781710393914
0.1641397879090246,0.19857494723146565,0.5747945020273851
0.19439698949606712,0.20935188456548331,0.6897334112648079
0.17891466267060344,0.20511289056225812,0.6285059038328643
0.18392758099648882,0.19901113226989825,0.6729652731931431
0.21011886923272163,0.2273677562691483,0.7042285672343959
0.18611245241680283,0.2025531437292738,0.6719839046227121
0.17994242683456146,0.196405586414646,0.6616024992294803
0.1726789457121493,0.19594855028229757,0.6260773327253976
0.17859434525995072,0.22071616017065987,0.5826231534678763
0.190513427605683,0.19904286584167763,0.7059455610805461
0.19127778477792934,0.2081775029453354,0.6786409807933328
0.2072746370677006,0.2126334167047905,0.7396515538573731
0.1913972182533329,0.2093345406618178,0.6754605226939668
0.1901992246956659,0.21083185882279679,0.6649812105176321
0.19185212750205577,0.23548951514198985,0.6023713090433142
0.1824830423455553,0.20516182556115423,0.6457489934259969
0.15959366220762006,0.20484644155221463,0.5350039833603115
0.18548716695173645,0.1987744959920499,0.6816124285741132
0.18209172639678184,0.19526975082146517,0.6764576993676461
0.17734814917425962,0.19468146587487742,0.6541359682184991
0.1963697734626905,0.20183158502008236,0.7252074716062236
0.19438638969524127,0.20207317029420124,0.7145252854944921
0.17513496172618304,0.19743367109127852,0.6338076024951693
0.1949448041195223,0.2061102608977491,0.7032391472806352
0.19536026156578426,0.20880098121484766,0.6961665635862816
0.2046098920947264,0.2084939468855216,0.7415557832938839
0.18494846825771277,0.2044147834809382,0.6601698074850678
0.21248132515593582,0.21497557957264166,0.7558129415394009
0.20078042155275388,0.21181550913579328,0.7118478819985261
0.18505288074291998,0.20132422256155158,0.6708228102141549
0.1730004862744981,0.2130397462051574,0.5773593353610578
0.18658268245248505,0.19785560812190578,0.6903149410267496
0.18812330181651488,0.19633687885273254,0.7035015664077953
0.21462187401231275,0.220733654059166,0.7457941776662071
0.18338125920365533,0.19703145976377737,0.6769541237910293
0.1952960772928199,0.20558679779908914,0.706738364760228
0.17323321684846116,0.19626519231211864,0.6278913514755309
0.18928494712189287,0.20638812401201534,0.6748690012502081
0.19511653535278442,0.20030178262536757,0.7244894850696444
0.18247453772762792,0.19762722538939162,0.6703253434166716
0.19341440065037585,0.19956891193653084,0.7186209478156905
0.172914037480355,0.19802555377301156,0.6206978601420614
0.20111166749468032,0.20664270670986937,0.7312702678969658
0.19148246429780813,0.19787352210698586,0.7150146355676212
0.18761593672875815,0.1987631781852249,0.6923613215749428
0.17970865573967526,0.20438747457509948,0.634621353433356
0.16507252358842545,0.20570701991977713,0.559400080917521
0.20228126840742494,0.2086771737794646,0.7297456911524004
0.19111823518825222,0.19773596055268822,0.7136700618026949
0.16741029298931293,0.19922040809032052,0.5893487224264827
0.1716894564416916,0.19928207166072354,0.6106392583516851
0.18522586032410499,0.19562702910231758,0.6912432343558143
0.19870805882599665,0.20430453834686438,0.7278744761583461
0.186176588723932,0.1970884766578926,0.6909414037448176
0.18681553996468947,0.19699212503806712,0.6945228898782172
0.15835165872045506,0.19860588367189702,0.5455611722936432
0.16847777967053534,0.19867300380372807,0.5963456403346136
0.16659271555737493,0.19731083090509274,0.5909088468308993
0.1806770895644646,0.2006900358734568,0.6511389018180345
0.15188902597563508,0.2166429678938238,0.4703084848134588
0.17977631977519226,0.19599330899239592,0.6621466847127281
0.19904853760590763,0.21109295604341108,0.7060801099173387
0.17263459895473748,0.2006980448066739,0.6110403271385505
0.20438547659686135,0.21244143312820454,0.7267201803505653
0.17433883744455023,0.20033027360605848,0.6206692338925149
0.18634722316114724,0.20169086017061313,0.6760208323064774
0.18598574347970598,0.1967737516593144,0.6910766417420645
0.1917340405335984,0.20670609046131627,0.6856790732062296
0.19999147647317608,0.20558832966824928,0.7295719397847732
0.2006039590458133,0.20584817945079725,0.7316263833259276
0.16412283121770235,0.20758566515498328,0.5497625817876121
0.19574785981419973,0.20674453610891586,0.7049659572982271
0.18828842995135378,0.20364392326495076,0.6790697592848558
0.20561424756852753,0.21576686193539305,0.7212147693704839
0.17327720824204806,0.19868816287954902,0.6204557254715902
0.17669029651445148,0.20438035047759612,0.6198751309428793
0.2022546826297537,0.21761707341963726,0.6996449324366965
0.21641890906382422,0.21953485218445232,0.7580523429783246
0.1732471176261366,0.2035701929304523,0.605428112298556
0.20531794864908734,0.21179840020509444,0.7333291870886918
0.19487625433127215,0.20280699204768743,0.714355323100529
0.19030433794163598,0.1980508873684182,0.7084256970817762
0.20379335528076933,0.2138452914052887,0.7191804611180033
0.16926451496900954,0.19617795781693467,0.6079404449724284
0.20261940650674626,0.22343899097982006,0.6830473313430336
0.1872876586205241,0.19601399069943556,0.7003972427204883
0.17814587229461706,0.19551309147833787,0.6554337171268919
0.18409236634176662,0.1961360519389,0.68367016168725
0.19744014081403605,0.20218732283092122,0.7292254467276003
0.18575917232427158,0.19768944087169688,0.6867295072799621
0.18112777199432326,0.19732410139381001,0.6645299335868997
0.19721991917058762,0.23207573927471126,0.6343615219353944
0.19105527218422128,0.20190859691750526,0.6986095408401697
0.20835611938252768,0.2118319439631116,0.7475554272876984
0.1841151477645688,0.20582103118309608,0.6516105132388607
0.20696432082277638,0.21010410606007812,0.7470787875887266
0.21346056175464592,0.22129176105334203,0.7386653754146951
0.17140299829992453,0.19693209571320988,0.616471367250986
0.20045273621198673,0.20741746274217995,0.7253619546923086
0.18465427577377516,0.19699253822160337,0.6835501333674788
0.18131400365399084,0.19751378755660842,0.6648346187799957
0.19854349071038666,0.20243359149894122,0.7337887433132043
0.1717365551932339,0.194026657012297,0.6274218041365238
0.18997184215481563,0.20375462019136942,0.6869627889829047
0.1637654956040297,0.2118714312907994,0.53695533612497
0.20621984045962147,0.21047548637868838,0.7422234443898614
0.18478080566803104,0.19576106728943382,0.6884964795822085
0.180735331541758,0.19959695162904995,0.6549966343410345
0.19173477756318236,0.20206204004031122,0.7014418815869937
0.1861726829081484,0.19597860105618076,0.6948344470992119
0.1907813219702446,0.20392730335020698,0.6903505301027741
0.21177857620666768,0.2165247072500251,0.7471598888705988
0.20972124408123344,0.21232473017230583,0.7522498389689058
0.19212920042650117,0.19865403637259296,0.7154609240354194
0.19850800004245545,0.20998577358995454,0.7072288636679332
0.17492208421427996,0.2064121812371538,0.6052069382027063
0.19565767334136724,0.2036550794522911,0.7152174830752969
0.1750909604276092,0.2021517617635316,0.618797280500257
0.18634285311537147,0.20002182966356427,0.6816398657321527
0.18980426414401155,0.2061743258872524,0.6780876500620368
0.16618958787128202,0.1991421064312399,0.5834506320811673
0.20221628979690082,0.22773252792196225,0.6683994209604577
0.20062602301511342,0.2061598797574174,0.730627235485153
0.19007636903778985,0.21192022507704514,0.6609863168409909
0.19991781835405514,0.20842518824494846,0.719288391275754
0.18755233423162923,0.1988099632167426,0.6918784753341042
0.17485701612711543,0.1980747529529396,0.630353006961872
0.18180326687358483,0.19850810856534665,0.6639691840607946
0.17483807894710585,0.20410315766123616,0.6116420753975206
0.17853257669714978,0.1964029991323628,0.654432861335927
0.19967828976061178,0.2097592671971314,0.7135717613846561
0.157613145431623,0.2224554157758771,0.4837515196305348
0.19856784909266023,0.20926352171307727,0.7099557910353945
0.19656293739448222,0.20710251852402195,0.7076830278984865
0.1915303893760472,0.20618795045698146,0.6864144537174384
0.19327552887705013,0.20205261987149312,0.7091000798117558
0.17196226863711378,0.20966046529227067,0.5817132403436006
0.19720744000257023,0.20827684860803322,0.7067873409185647
0.1754487579680719,0.19848286194323628,0.632038236147304
0.17124539780708015,0.19701816595630708,0.6154021240557526
0.21651464444830504,0.2213710046534838,0.7521971755467866
0.20917156442216078,0.2160102454032898,0.736870439293231
0.22066555989489695,0.23672898174469598,0.7209322603303125
0.18679260527003805,0.2059256669273394,0.6642814725874125
0.1898137428610169,0.20512461515017377,0.6816039252951571
0.18991119834432357,0.19938609471504393,0.7017099088292996
0.21660152825497064,0.23499343515467283,0.7089624786552587
0.20095293962070174,0.2107476639216216,0.7162733707778706
0.19870786519167422,0.2033812117972447,0.7311779877677416
0.19023051848406458,0.20564868108700593,0.6818935951489803
0.1958413375924991,0.22190867800067005,0.65721331363192
0.20611130396616567,0.2191532503141787,0.71233852905382
0.18789280354123003,0.19696473176080403,0.7000888042671946
0.17409395555691534,0.21291602324175335,0.5828305153718474
0.1817518735581209,0.19742033925500788,0.6673672735813557
0.19191838832893532,0.20406757601911574,0.6954480035360509
0.18857915634149228,0.20290504874212953,0.6829753976088168
0.17180072174127672,0.19563466767183124,0.6225927295544172
0.18525466484165223,0.2065773910078052,0.6547408899967269
0.20230199339425875,0.20594526316828543,0.7395265666771234
0.16399226687662075,0.21321804774575048,0.5346276644111739
0.16902586255226107,0.20091822087566258,0.5924094989170731
0.18014453938816094,0.19884847752722618,0.6544910024284277
0.20020815583226537,0.2063073490040914,0.7280795209543723
0.18547475179554151,0.21191477236588455,0.6392888531698754
0.1999015660243444,0.20448707731825563,0.7330613160999093
0.17740927579966256,0.2054711151943317,0.620083634038588
0.18403590521457808,0.19943204804727044,0.6720880948021363
0.1873719870154455,0.20435308223561197,0.6722286031245686
0.18735771467796097,0.20062644587188527,0.6846441110045581
0.1766909123630688,0.1941397819585542,0.6525757425137899
0.18699314860986643,0.19817248236870397,0.6912823968919554
0.18280656815213178,0.2150776389793407,0.6174819882827917
0.18251508468575192,0.19464708144664888,0.6807966690323747
0.18784004574227578,0.20084271133321788,0.686308429254301
0.18258871954335698,0.2055901331871367,0.6449177180242849
0.17443145210194674,0.1946882155691996,0.6391319152941698
0.18786815909130403,0.20045289084104753,0.687783341576395
0.19424468282171153,0.21031167748183388,0.685861501124544
0.18749503852863214,0.20688644956414862,0.6645918029832084
0.18112876002596834,0.21339476203246832,0.6144891223057148
0.21347492906079668,0.21789008713319066,0.750263269025491
0.19891018823261714,0.2049655675348402,0.7265131896229609
0.2140980839547843,0.2169058838292888,0.7565404914692597
0.1980308338866982,0.20249424051920592,0.7310372557122579
0.20876225593996495,0.22433340740965466,0.7077067021500263
0.17643171756010928,0.19427235676433577,0.6507962309505447
0.17518410767465023,0.19436666250526813,0.6440616207589468
0.18101754251388252,0.19499804045361332,0.6718915852133875
0.1889046973804282,0.1969260434163067,0.7053647906121798
0.17780520597804575,0.19948345367562906,0.6406807362873511
0.19810688997937406,0.2057491047423458,0.7198422086202728
0.19733826063962157,0.2035844498482292,0.7237206021847996
0.19940875559139656,0.20337443311145648,0.7346486640703515
0.17767249938773957,0.20374095534978567,0.6266413111126794
0.18969968526059286,0.1998582314017497,0.6989939032321979
0.18986593910324848,0.19923735536860757,0.7020066033524863
0.19718176450112923,0.2029937260705553,0.7250557312789693
0.19709270575077484,0.20372766870674383,0.722006523141968
0.16906621265069802,0.213140946915298,0.5586266476427676
0.17198013895561018,0.21048075893542265,0.5795310676974267
0.17848551904568077,0.19975265116737465,0.6432230976399985
0.22009939347478108,0.2262515432093701,0.751815395651792
0.20056466136539577,0.2051115155998073,0.7340624485421978
0.19990225824054514,0.20604097104617852,0.7275361666148846
0.20970825691086856,0.22387359023095355,0.7133858743503847
0.1995111033038291,0.20408879880395406,0.7325786823188086
0.1935201869404324,0.21853948537033155,0.6567242834731979
0.17192608418722766,0.19540579742410855,0.6239634944023662
0.2017973685521947,0.21057918843552093,0.7208564610774673
0.19818893454106865,0.2022181678475296,0.7328171158824935
0.1653462374845489,0.21459934668129604,0.5374957532179766
0.2105700831036499,0.2218418925825668,0.723804152743097
0.19590857203859185,0.21206647733009873,0.6880322334560841
0.18838463760141547,0.19774566563368004,0.6998112305418126
0.18397158380810733,0.2073765693960035,0.6460304758551434
0.17864082216673888,0.21878406958769914,0.5879807538508808
0.21333323813510774,0.22363576723007159,0.7303538255894196
0.1903978176782616,0.20193235309734373,0.6952715378430779
0.19993311783515516,0.20557767031419835,0.7293258922819885
0.1660255643746372,0.19715337407691372,0.5885040766757212
0.16961912964337958,0.19872955874438997,0.601919162902365
0.17015679134607153,0.20750723743498142,0.5790486771996107
0.21542871975775119,0.2216398310097454,0.7463853360837356
0.18914037160211272,0.20133404271228578,0.6910921259399225
0.20436795720001738,0.20868096419919227,0.7397318571552531
0.1980724862293397,0.2049834877847683,0.7223629953297269
0.1908847931812247,0.20114006645729807,0.7004312748953699
0.18440791557133546,0.19521764788482984,0.6885028942190229
0.19743399154775312,0.2036872708350163,0.7238252589047278
0.1871088721451124,0.19932962260051046,0.6878499560494392
0.17744457975586356,0.1982362492455225,0.642892408633191
0.1773264557543967,0.2037948801275677,0.6247775001741717
0.18865953439769878,0.20974614859346155,0.6610826245322592
0.18702523157529105,0.19743591104445776,0.6940238523499219
0.17979100790552788,0.19689522628950057,0.6591881903459281
0.1954263558612394,0.20506254041055216,0.7091805044943061
0.18469410237232547,0.19944714642657008,0.6753373251289682
0.17810358062798193,0.21068935428771918,0.6080211364312342
0.1929461645681679,0.20243018081336628,0.7061504563885134
0.19056264482592444,0.2047318329410898,0.6865695617855891
0.18684461367285768,0.1961725944340251,0.6975725333483314
0.2102495933071218,0.2267936610286978,0.7065876205721829
0.15888409152882327,0.20985419000327823,0.5188559329080936
0.18635944230153953,0.2090541338333116,0.652268576570053
0.18881215551383257,0.203542270247498,0.6819819556156242
0.18405150295219477,0.19499148637807132,0.6874736197060455
0.18495734101025962,0.21064852438589,0.6406754635652201
0.2076859328975196,0.21064687317536793,0.748579509016698
0.18595641655157802,0.20985931896795124,0.6478455053613353
0.18906461614102776,0.19810641288127648,0.7019692806429646
0.20597872414762314,0.21004997266038372,0.742579121397055
0.20830311970100218,0.21405596944396144,0.7395407851143576
0.17123934644929772,0.19686723638535472,0.615843187903444
0.2002484379440703,0.20602328524576222,0.7292789150742892
0.1810457221879278,0.20258031654132125,0.6468827990067723
0.18186502104391247,0.19483298295200538,0.6768105638273563
0.20601353959984625,0.23860813665815805,0.6538483631987749
0.17309533225822474,0.19568725658022323,0.6290411261796244
0.18652274847294922,0.22740277589746755,0.6003565608825516
0.18124080282587274,0.19624182643091406,0.668770797809892
0.17526623259113774,0.19819769972812273,0.6320266721711272
0.17125382778208967,0.20481138589620948,0.5920267921214909
0.15451692487199487,0.21117028412548206,0.49494144171292864
0.19599721457617103,0.20418218337200386,0.7150340552004756
0.18192654917266485,0.19600006007651505,0.6730944323239645
0.18360909423206545,0.19973835835122714,0.6689205585495122
0.1913990046548688,0.19960687436903377,0.7083874495897868
0.17625296432088502,0.20334696387638798,0.620874597358791
0.2011185963602602,0.2166462463182318,0.6975361859641086
0.19353325475734287,0.20182173046613042,0.711188306758823
0.18713864840183794,0.19878829379889884,0.6898728581099054
0.19271240537581935,0.20419998131138334,0.6988854967532934
0.19890655521161277,0.21079734225819968,0.7063967392398209
0.16366339398656457,0.20882595844618193,0.5442972455737949
0.19332940296932702,0.20557022747673495,0.6972284105953429
0.20896552720495665,0.21335873720770882,0.7450621862755059
0.17590051142799207,0.1937083221016443,0.6499489028764004
0.20094999388704116,0.2081380930903374,0.7252396312746312
0.17428468141491266,0.1942108114517899,0.6399472845298553
0.17988900300407146,0.19634283301926908,0.6615418602589083
0.18835730432124576,0.20040496124731172,0.6903886184259909
0.20223022538761848,0.2161540907317947,0.7042671497552487
0.17248959223523896,0.20309955067304972,0.6031012467990295
0.18267009638632684,0.19499561624392373,0.6803747640170908
0.20162366177442695,0.20480280373184306,0.7403397756846833
0.15564299413326918,0.21551462055773857,0.49018945378216855
0.1934001225738018,0.20329799154227934,0.7053691061378699
0.20490632025500355,0.2110069047798723,0.7341291528663753
0.15069615887631438,0.22578147848703084,0.4459894564916603
0.1861307126580692,0.20117948949785,0.6766629789043381
0.19419040441967333,0.20044723709857615,0.7193434367407281
0.19804153273313854,0.20409361371101487,0.7253609264950204
0.21116116111804617,0.21385411658060025,0.7536032679422637
0.18514904862496795,0.19703099722021974,0.6859278516157187
0.19461032426210054,0.20311346886293485,0.7119681677027856
0.18594353310914155,0.1984147687125605,0.6851482578198612
0.17485085028522318,0.19430087872242868,0.6425645169808041
0.15602844179709463,0.20562129732163317,0.5156491237930707
0.1865212882276825,0.19759030509231199,0.6909311069887831
0.2017469175183557,0.20510267479070876,0.7398583059592058
0.21732111528437964,0.22107690734915142,0.7568457388456492
0.18720609054097212,0.198756247195765,0.6903234110967639
0.20383958839032384,0.21389215495238598,0.7192390409296204
0.19586881398268627,0.2054846932383583,0.7098767878222503
0.18214014602123485,0.20614045332047373,0.6410199642658435
0.16408328210426415,0.2004780000219832,0.5690563657446426
0.18834203769055755,0.202744883552379,0.6823453951912772
0.2042892071105068,0.21063858437406494,0.7324831182710123
0.1670723381529376,0.19495331191702298,0.6005147437698648
0.17381133873149412,0.19669550378127934,0.6294568831078586
0.18873732803860854,0.20831932412268078,0.6659839581512137
0.17426996652893112,0.1944348774413983,0.6391341315108728
0.1963405691616555,0.20078697762438813,0.7288349617743366
0.1925123651110224,0.2002543759515504,0.7116566838244867
0.1852497392445023,0.19656086862881275,0.6880806957559241
0.18488525554716523,0.1998729404809979,0.674855011501614
0.16290099334857086,0.202082650371407,0.5586872160527909
0.15843159394568396,0.2134747110013599,0.5079364831415241
0.19376810129835276,0.20297662749768827,0.7082987980967915
0.1690049412030916,0.19575825409499142,0.6079178717304283
0.19534314825964344,0.20930157066672617,0.6944197685504969
0.19213054879213234,0.19969860931089597,0.7117252808248644
0.18849884302660175,0.20044003128451898,0.6909739643275477
0.17063200987392535,0.19671508778214614,0.6132321177495055
0.2152429950934756,0.22529729727231665,0.7334441961536119
0.18691953443512538,0.20108496272977283,0.6809038954301327
0.187165746188005,0.2013389386909979,0.6812678515134034
0.18083006573508043,0.1990462946132734,0.6572846080318646
0.16432312598416812,0.21927585303118236,0.5213666913333621
0.2183228849792962,0.22244750985564346,0.7566858585584022
0.18888332119119222,0.20342641900814776,0.6827201789637244
0.17101415901362493,0.1964422749095135,0.6160291061044129
0.1751738276576298,0.21370878293484197,0.5857214941689798
0.19125073143649576,0.20316689653154593,0.6952448152131103
0.17460618135459224,0.20333735516960666,0.6128051643568218
0.1830323157489231,0.1946377709948965,0.6834866381223164
0.1739068118628304,0.20205664961380604,0.6132280828156628
0.1749623624995634,0.20843759704625728,0.5995193010780645
0.20204374722727725,0.22401526710751005,0.6787204693254589
0.18482716482078793,0.19649479328774122,0.6861615138236817
0.16929342392456176,0.19424552612968352,0.6141373049947018
0.17262195415973863,0.20606880968897787,0.5950534403766073
0.21204959357729672,0.21448065460949906,0.7555441019719815
0.17904823077522214,0.19785496291874152,0.6522365113895167
0.19547304793293188,0.21136370317290024,0.6882593640684449
0.16607769204669792,0.21967704902453059,0.5284015447318574
0.21492906968680073,0.22546876237928984,0.7314941012065894
0.172915890867179,0.2027753798741802,0.6061677258030383
0.17017433134918558,0.19768813742943178,0.6078985462245244
0.1809711899818314,0.19946954038264023,0.6565974420484991
0.180218444785421,0.2499546819644823,0.5209682161661792
0.19164430099468877,0.22765771602711538,0.6221809805814713
0.15927832759631053,0.21998709972248864,0.4967487990621448
0.22591432960800162,0.23365885739024403,0.7528682266651646
0.21363987461995662,0.22352091245693384,0.7321009601349286
0.1910153295021865,0.20163765639673248,0.6993501711046054
0.1882516095197555,0.1983813301264583,0.6968982889248042
0.1865640910637484,0.20014422565703394,0.6823284090032349
0.15429195445603489,0.20851651089565632,0.5001616131406668
0.1907738879950334,0.1997365828558038,0.7047977189870246
0.16024491780769912,0.1976940599799786,0.5576541744292374
0.18971565312479502,0.205671279129912,0.6793153313183012
0.19612488135026865,0.2015268967652702,0.7250887285803272
0.18451421023501435,0.19622733741938386,0.6855018877799169
0.17116798452773863,0.20098745464281706,0.6028634212173648
0.16970322777473035,0.19617187118313414,0.6101956771518108
0.16310458042531717,0.21145952540511367,0.5348757886816953
0.1784810440301206,0.20131698030384615,0.6382027181025921
0.17363081005255512,0.19645293661260052,0.6293151539717193
0.17968515908095595,0.19815926632589634,0.6544491281456069
0.19204210895289361,0.2041170174372184,0.6958856774231595
0.1873283114586088,0.19814155100866135,0.6930818435584254
0.19611604650028938,0.2168634082158549,0.6737699444198203
0.18569407181874262,0.20640845445336686,0.6574055901833201
0.1759312849185456,0.1945794080651687,0.6471973893371522
0.16818652801379647,0.22068519392664443,0.5355435310856493
0.2003778174740935,0.20687883571536864,0.7268883593341019
0.19196756159391865,0.20047792318815713,0.7081456119269353
0.19037258977918187,0.2028459474625879,0.6920157466052983
0.17797353234384072,0.20064899868854602,0.6377980113545718
0.1956700739816076,0.20263279443361093,0.7188869619489644
0.21348852465702084,0.2176636004040116,0.7511064061862671
0.17514142633265256,0.19855567857046547,0.6302586117588226
0.17903390100224154,0.19446409826681826,0.6635358513590414
0.19938869646204999,0.2039168906755729,0.7325959902935358
0.19732521138795936,0.20165936656295652,0.7305646838971178
0.20375533268964902,0.22066828994562718,0.6967713065050464
0.19221302391140044,0.20186780680370808,0.7044859017549309
0.18107281873995892,0.2029845179834142,0.6457281572118166
0.1781590556297031,0.21794756914098212,0.5880270017914345
0.17757490366559187,0.19547160429052368,0.6526518474569895
0.19557760559022114,0.2195717487542337,0.6630069961922376
0.1887092326863301,0.19958620301819086,0.694984074994842
0.1918726639112052,0.21371447706206795,0.6638420843619399
0.18142431395745084,0.19949726839128198,0.658777511177161
0.19344353118657143,0.1994408731747655,0.7192283552673535
0.17180530766583435,0.1937037705016601,0.6288225951946064
0.18313590822779843,0.20131962847527363,0.6613160834645111
0.2094690244804902,0.22606214720313747,0.7054211704765979
0.1926640847557607,0.20042124278315612,0.7118211761121288
0.20097174226441197,0.21019945402820864,0.7182308962807851
0.1952039805853094,0.21680116876860084,0.6697564473939276
0.1695512751805932,0.20028870671822943,0.5968947382978541
0.20784681605105693,0.21043576505464873,0.7500950040981161
0.18084216436832928,0.2085595930500312,0.6273610456122326
0.15835879266529118,0.21973403061224644,0.4931361444714336
0.2058440774333597,0.20874711454835287,0.7465687742345342
0.19645399870973196,0.20305480826965783,0.7212535371988843
0.1846938545214699,0.22924387072670135,0.5875570591898114
0.18033589923870547,0.1976854277418577,0.6593095946803988
0.2113007305432874,0.21537976347558266,0.748913119507506
0.19826266747825966,0.20712380737797467,0.715816638150626
0.17851646760036524,0.19964036004087227,0.6437399109781916
0.15116257676883396,0.21657366864545732,0.46710469191175086
0.190543018688817,0.19971652720529617,0.7037125102037627
0.1973667537146983,0.2069723516097734,0.7120117859632974
0.18877645825196496,0.20902753017091052,0.6639147395488763
0.20602935973444292,0.2096245383628322,0.7443277440371835
0.19060610160032215,0.19847970808355947,0.7084154997906755
0.17826372059284207,0.2087596840039238,0.6144084821973157
0.1945266124405835,0.20178659816678632,0.7162349420308147
0.18439049927409218,0.19668690591489313,0.6832712053147212
0.19217836147034817,0.19995320430054467,0.7110581796760977
0.18504535913038112,0.19615537027012048,0.6884611873965707
0.19247338576478362,0.20095746384357344,0.7089728494766724
0.16543848364613656,0.20050012539977438,0.5757526755455409
0.183926134258801,0.19929000957163195,0.6720162969868451
0.22261698122079848,0.2371791094074494,0.7277916746211414
0.16977594617879038,0.22236223424834475,0.5386523776560856
0.15912828194311623,0.2286945990544225,0.4771790955900404
0.2004339061769958,0.21594439417217476,0.6966326065267212
0.1804912482428481,0.2046311099268251,0.6376901747222649
0.1712370344782833,0.2132508240323136,0.5685184806597157
0.21140912810324014,0.219405394853579,0.7356661772649534
0.16861644758551209,0.2043564750236904,0.5804389000728323
0.2060694828273223,0.2235571416186651,0.6981189761924019
0.19982004408992782,0.21004102694560164,0.7132894285873473
0.20178245853149226,0.21519167158475325,0.7053361192545629
0.17417539725694076,0.20642135038345974,0.6015627599871121
0.18610622298132096,0.19779530151417085,0.6881165626250721
0.16987678278176116,0.19567896516436994,0.6126196685528508
0.17491611475415544,0.20633414279636644,0.6054069048448109
0.19407095919580086,0.20012559103912897,0.7199027293197691
0.18066832769644037,0.2019860277681092,0.646917656336381
0.19000283309901775,0.19791558842589876,0.7073865894673372
0.19149479905801153,0.20824681749508198,0.6794571977617527
0.2002710081151486,0.20481760507027166,0.7336820878439211
0.17754312976758255,0.2111790993363304,0.6039571632250093
0.18352133558327,0.19952935573121014,0.6691814098930845
0.18400561530950665,0.19822727558982126,0.6760200628837564
0.19114667639888375,0.20133387857298785,0.7010577524225017
0.20392452115193688,0.22088993279965288,0.6968381003200648
0.2331066505191345,0.2533455602760736,0.7227545267404768
0.19109959247465175,0.20279873347817784,0.6957617044972068
0.1936363519370741,0.20536696008369326,0.6994131474631455
0.19102030931041375,0.21209158874387862,0.6649028853318157
0.1785559727599219,0.19995082683410736,0.6429379402695873
0.20136645764708255,0.20667705462465077,0.7323815307992529
0.19346350013198996,0.20745280597146395,0.6915476484406963
0.1869033578668195,0.19619509125212348,0.6977919630562508
0.18879181448580823,0.20265650689987896,0.6848623644459507
0.20978983720946254,0.21358116740317537,0.7481457244206772
0.18736332053280125,0.20469808805224068,0.6710532660067884
0.18458470997719628,0.1960198979431324,0.6865869811657633
0.18107427958722985,0.20717673395319416,0.6326689155011124
0.17566305132981627,0.20678128325873182,0.6077099887835706
0.1805348688426608,0.1960850204447568,0.6657054605526916
0.2018655951795296,0.2080140051933668,0.7300738959300241
0.1861677244772427,0.1973263584546282,0.6900635350677294
0.19211524319770987,0.2041785379848137,0.6960341894909642
0.20072956140948858,0.20523676584562708,0.7344179332998397
0.18214582731147877,0.20411473259441423,0.6474095506572711
0.19708748326919812,0.20460149645845246,0.7188973972097342
0.16769599471855157,0.19501998337878518,0.6035073569355809
0.19456063944425395,0.20524675434839046,0.704326067923459
0.205558344619079,0.21347431188501745,0.728698189704748
0.18250766236047258,0.198832030818518,0.6664301612521256
0.18468551878245176,0.19755401663710884,0.681765529626555
0.18693897631923598,0.21786339767058263,0.628554304134615
0.1889255194712997,0.19909402678685018,0.6977884857391187
0.17149966195208616,0.19502769822031002,0.6229866991243261
0.1728580304820028,0.19716979473866816,0.6231077668100263
0.19175964194604989,0.2098190128415694,0.6756281998766722
0.17752886525763867,0.1966273645435368,0.6485814706090999
0.1927972192608454,0.20013150223161988,0.7135169509474858
0.18960286539884616,0.2054608337627349,0.6794621770106257
0.19528383139771788,0.20239627532183593,0.7178187007972259
0.18451150198426658,0.19941504933138945,0.6745303448022839
0.1894735098070925,0.19748253246141406,0.7062574500574834
0.19200301479659568,0.20186778044282636,0.7034456637165742
0.18194453975492256,0.2103861060499147,0.6271542462201298
0.17848294378018847,0.2051718146025782,0.6262212186847519
0.1752425361097568,0.19800527340606502,0.6325212149926535
0.16823680782763997,0.1961534730547332,0.6027770295693314
0.2113186690311614,0.21477652060747332,0.7511001136199064
0.1589612485034068,0.222936207587882,0.4887552797382812
0.18819864156504945,0.21084285579772327,0.6554580236649487
0.19045894814441164,0.19868088600063652,0.7069575285866283
0.19628284316125377,0.20091462806675894,0.7280845828340962
0.18835062455970494,0.20701214358608674,0.668321298272878
0.18716024296529066,0.21743597743336932,0.630807489102496
0.18125555328310955,0.20158079160946804,0.6511312523139463
0.18944419719892722,0.1971176592599417,0.7074160565951134
0.18106606100771672,0.20326222123220777,0.6448126966889052
0.2167656343752814,0.2300341966292243,0.7249601877414732
0.1697658340997339,0.20371021388668248,0.587922577933946
0.1935767374090181,0.20199280828289584,0.7108012341109461
0.19320740627450797,0.20244260716748871,0.7073975596255132
0.1828356084629552,0.19522200657768796,0.680433578117607
0.17750418826618883,0.20354943259903024,0.626404046614848
0.18454353428371692,0.1956279127199335,0.6877522354201737
0.19692741600508418,0.2019467874110551,0.72755510443461
0.18296094230602922,0.20709655883624534,0.6420239092971295
0.18953497199933986,0.2042326362921248,0.6832158392146276
0.2058814183733326,0.21212928091072555,0.7348415914299693
0.19082189897526255,0.1999714197194185,0.7042101274914728
0.1936800893528702,0.20509608986155872,0.7005501150697473
0.19606194090093304,0.2059009759745224,0.7093795462096613
0.1842112840471526,0.19807661660564035,0.6775725794749407
0.1850434381413809,0.19910958411810026,0.6782367545968103
0.16291218233121224,0.19659287300046377,0.5743452476578125
0.17556451581209545,0.1996880076931255,0.6288034883149277
0.18287427924377855,0.19916394944770882,0.6671602948839149
0.20834234452569522,0.2237585169755905,0.7076483463776647
0.19530790090839567,0.20403315517150025,0.7121778849435377
0.20794907623314146,0.21159456276458702,0.7464703921001519
0.1911176169001583,0.2004291624905991,0.7040772667339626
0.1793562754012984,0.19627528496004878,0.6590553437618417
0.186952284683453,0.19836703990815127,0.6903983884967241
0.16914946128074573,0.19439714110888842,0.6129177651537894
0.20254378659111055,0.21825948824623806,0.6989102183682034
0.20134550480226993,0.20630854175298713,0.7335881661335945
0.17206408210316446,0.20253171675084045,0.6026911935641701
0.1952391016237454,0.20226844697596205,0.7180512027217267
0.16871715142680815,0.20187868392830025,0.5880618454446238
0.16666151453502398,0.19573807953271,0.5960082719393829
0.19532386897190135,0.20231238122472814,0.718314262785904
0.1909815592409807,0.21951863551741366,0.642230482658941
0.19401063609574262,0.19949572593242088,0.7218732903807983
0.15282827297450896,0.22477087484241087,0.457480414429151
0.19177393457797096,0.23836046211261452,0.5947879666007242
0.1895020749212738,0.20242771304958598,0.6891451413428845
0.1803726856209155,0.1966207764055209,0.663066680969808
0.19663953921186456,0.20755563896143153,0.7065071319941997
0.1638269797541458,0.20620776057665957,0.5520014350373085
0.1591253340353067,0.2011927446607628,0.5423919943997296
0.18788586283779,0.205609822820497,0.6706190441016434
0.19752660022979374,0.21290763398743137,0.6929136239356393
0.188173406717084,0.19756276863906902,0.6993899086801901
0.16601681870884197,0.19767621279146855,0.5869032852790931
0.17850915461088485,0.19524588402683454,0.6581913634257335
0.19046077489185936,0.20127840666646676,0.6978432372262032
0.2130299918722866,0.22349591776838904,0.7294540030088431
0.15708761971101937,0.22381271421154927,0.4784697781279728
0.19653448615807315,0.20293613316410783,0.7220719340285028
0.19727638464365443,0.2031847926160667,0.7248396041230531
0.18081288312178126,0.1955388474421848,0.6689866736606332
0.18811834431052743,0.19725734192269712,0.7001936808245872
0.19555429960881437,0.20385568587986394,0.7140065727408375
0.17340012888731302,0.20053297689687632,0.6153607790441932
0.18462183376802935,0.1960977593391795,0.6865036817436622
0.19133672280458022,0.19890221090037344,0.7105839707099749
0.1794280549766729,0.19883927940334636,0.6509179442062226
0.18226211718745952,0.21512448588935204,0.6148166566937792
0.1768859321828871,0.2030972963408459,0.6247544131259242
0.1978961215927694,0.23621133762368357,0.626117793839294
0.1798909803738673,0.19549749016200804,0.6644125214406954
0.19470471615516072,0.20860281018339638,0.6936853632409906
0.18605656088392852,0.20373686692175166,0.6678053066173005
0.18872919718113712,0.19663624554760528,0.7055118286803896
0.2065876659797306,0.21166757320130147,0.739781080358547
0.18931028709069983,0.20291984403249053,0.6865286525077071
0.19449847768362977,0.20473599410378626,0.7057795494932834
0.19452770823134746,0.2008262695347841,0.7196653533730784
0.18711186767331472,0.19804984686702642,0.6923098898701682
0.192108602561736,0.19932694252039362,0.7129422684401862
0.19702059165188057,0.2038549816747386,0.7212018585175403
0.20296833659758104,0.20605899509466208,0.7423521430224796
0.18832185927314174,0.20012342858139584,0.6911827378416232
0.17201527275918288,0.19730919678713987,0.6183962772440597
0.18577894805803044,0.20926905958888564,0.6488247633203476
0.19261259605767259,0.19870536077108686,0.7177088504520296
0.19206239512275186,0.20778361350522168,0.6837035545114427
0.18593368866846416,0.20004836342824842,0.6795041275967232
0.18509042420428573,0.19593785707631833,0.6894554539895149
0.18684413935527455,0.20341666858993296,0.6727282493802819
0.20303076857440078,0.20780606257013617,0.7364114727054785
0.17047319607255243,0.19556042025700132,0.6160407914558024
0.16365135433666986,0.21351621196417542,0.5322844260450758
0.16989833475585073,0.23062139832014222,0.5198924975270993
0.18604361183490237,0.19806421605774607,0.6868661818005457
0.19000743598385536,0.197439473129586,0.709115729314998
0.1657176602778005,0.19829656612645075,0.5835585685533711
0.20851846834317614,0.2142164210716863,0.7399921422929983
0.187543653260554,0.2004672685927359,0.6861152657294101
0.18916032009579736,0.20847425494118615,0.6675180114448984
0.203827834129849,0.21274169849658592,0.7230732631022857
0.17989992295794943,0.19435898603180554,0.66835048695249
0.17801713053493426,0.20092112966374745,0.6371511585126858
0.16813327114180388,0.19449687654999448,0.60737875711561
0.1849763242302762,0.20910395758697864,0.6454986590778973
0.19525099569207102,0.20012637124166338,0.7257963795119865
0.19701078889775409,0.20307191994110368,0.7239345988376491
0.19323197338464393,0.1997224316520306,0.7171551647948688
0.18773788101166441,0.19865918010341338,0.6933376093667759
0.19448129647219065,0.20616957274223358,0.700788649607527
0.19144475642634295,0.19912222337305666,0.7103413874670603
0.16602333305164083,0.2225657630025835,0.5212991049764202
0.1875948245221596,0.19734527927951614,0.6972288621471044
0.18151576520817897,0.19552735274283647,0.6726208040117667
0.1959100113361949,0.2025476763579145,0.7203736619439797
0.17342263612843156,0.19491256298284426,0.6332205284237883
0.1830194240792831,0.19502606468247305,0.6820597251749679
0.1852493262613878,0.19940475201325628,0.6782653116130178
0.18670383839667587,0.19589328503017306,0.6978485167351176
0.18072423749659408,0.1976017482638322,0.6615540532670531
0.16102456099822504,0.21349746853028004,0.520027528956291
0.18499391947554986,0.20946863906294788,0.6444588558909886
0.17903491707021882,0.20159108694488198,0.6400824511923926
0.19284084613153318,0.19888190681670906,0.7182194117998693
0.19084861566018252,0.20308612815014476,0.6935412917816373
0.16966763061474122,0.19726836902732295,0.6066235109297552
0.16584887322365255,0.19537523752775227,0.5929557639421765
0.16502626661406808,0.20434830927788888,0.5628931652066977
0.19136145768435767,0.19885201209130993,0.7108877410777545
0.1758344124208332,0.19657822253595128,0.6401238692542351
0.1863248943784398,0.20045486735981502,0.6800777460481298
0.21865636981148576,0.22477468944322307,0.7503352367175107
0.18977866055695164,0.20549551845789654,0.6802029630908498
0.18676690426766562,0.20085864122617936,0.6809112290750666
0.18499792026225498,0.19590942246545973,0.689083345575459
0.20408115763759704,0.21611334578209043,0.7129645653302635
0.1732349460804123,0.19450188803616592,0.6335925441376581
0.17395980459206756,0.1937653856741544,0.6397417379826786
0.18966052800886135,0.2025321030801197,0.689572299328828
0.18440997424445496,0.20328361752142676,0.6611943248711997
0.18325512615465966,0.19718344601575563,0.6757926633659305
0.184572922779949,0.20173016727120224,0.6670936955057974
0.21188798075498996,0.21739435770372773,0.7446742521975491
0.18755461662600417,0.19973403038155527,0.6886889347960949
0.2107612944309946,0.21522548203380687,0.7469435910276774
0.18971150108487483,0.2046714259401559,0.6826136107818257
0.1763833411694738,0.1996828774979243,0.6329202721489606
0.1964347735704364,0.20341313947273587,0.7198884691028699
0.18991183227225994,0.19849723308666553,0.7048553276869773
0.18945046321046144,0.21097874259814262,0.6609692592399076
0.18445359519513477,0.20195217008201644,0.665769499483619
0.162790572383067,0.2030424261604442,0.5555024854457749
0.1827618735364122,0.20262764002636144,0.6552012031484953
0.20640175188920873,0.21148846226077359,0.7395285313312233
0.19723016238048127,0.21681452424352843,0.679060422239567
0.18635146912650263,0.19908055077713607,0.6849060272047544
0.2020387077762249,0.20577746280361595,0.7388501427939331
0.19547260884197537,0.20426317944069067,0.7121822407753837
0.17831425981047438,0.20191838789024566,0.6354758531462753
0.19574103835786483,0.2030036476444696,0.7179232494044067
0.19117866406315667,0.1986332261311456,0.7107504963441759
0.17393758582554983,0.19882612252244117,0.6233465917516005
0.18457816292492854,0.20386884398464086,0.660121283343655
0.20028447640926783,0.20512614335114168,0.7326441864214545
0.17715200898641925,0.1976727019926283,0.6432451608374387
0.18770985170813861,0.20826105098134748,0.6612367077724597
0.21034855155096566,0.2166980775940375,0.7399629628988351
0.1919122650649688,0.20440175954632872,0.6942810344683146
0.1837964860666943,0.19991530626095158,0.6692658434669746
0.17839559160724552,0.1993209583426597,0.6441650324925496
0.1898535543337305,0.20441945245627938,0.6841499311991452
0.1814091603182546,0.1987416751011375,0.6612058605794779
0.2021745706973717,0.20711755684033198,0.7347255974764317
0.2028734846158699,0.21232442249169903,0.7199995310094232
0.18630002705241608,0.1981571839064803,0.6878379292912361
0.18225294524490263,0.1974104509557083,0.6699389247359318
0.1785592106503045,0.19386385245332494,0.6631417307734391
0.1671654328456918,0.19587996428961466,0.5981491433828272
0.17906652380645088,0.1941619118475776,0.6647365725764569
0.1841768236161619,0.20001016594898424,0.6708500189454661
0.19903202804875558,0.21414488349226923,0.6959401766614506
0.1817754640092038,0.19616870226505184,0.6717456071619233
0.1810378112844778,0.1981282040256825,0.6613788881238328
0.19676442337528827,0.2018070394420424,0.7272512583360008
0.20792795301222594,0.21033192791695846,0.7508510694323963
0.2035903240776799,0.21324525597198335,0.7202520092538844
0.21398865850176446,0.21990601373812382,0.7457215731128263
0.19460317703378952,0.2112233998393087,0.6845982838255538
0.18682204947845,0.20258452320380116,0.6753825381853393
0.200312403552818,0.2104979984075261,0.714079966032797
0.1783493244250282,0.19979964773884187,0.6423901437143354
0.18949520172705903,0.19862158135940866,0.7023164389907883
0.20302090114600652,0.2060324195032989,0.7427030246740195
0.19390240156392427,0.2015353760901828,0.7140304811773145
0.20061842021983614,0.20861654364738566,0.7219869411431677
0.18481021782596307,0.21303903483934197,0.632795853246457
0.19203039711310171,0.2130446462857615,0.6666696375115346
0.190723532136554,0.19831888980607762,0.7095820890998221
0.2060930244549238,0.21572116217680656,0.723586980896148
0.19601057308224146,0.2059206906665038,0.7090621763633798
0.18240013018249215,0.20219897749599208,0.6548011855555329
0.18271687604398648,0.20879107844766526,0.6356443820814535
0.17636197775329843,0.19534533698693593,0.6468645717494097
0.2083664191979701,0.21415692661804525,0.7394877284563435
0.1718099928798547,0.20263002783218728,0.6011448262778429
0.1883555618579612,0.20018494898396544,0.691138682304449
0.18742101473633785,0.20064649316588581,0.6848911863250164
0.19724205079491677,0.20205773869309984,0.7287127518464355
0.19090432100425758,0.20370108686025326,0.6917210073646949
0.188951494355297,0.20158327982130456,0.6893006923911146
0.1899478615066541,0.24369198661260127,0.5742817539959988
0.19041239890575287,0.1983719770572068,0.7078237611417288
0.18714389551584845,0.19783115434709225,0.6932370989213924
0.20655261546477868,0.2179344663651,0.71834720811214
0.20075804221387905,0.20426456088326428,0.7380528544059887
0.17544096882591964,0.1940452460154504,0.6464521620691068
0.20240572699740164,0.20609891013421647,0.7394785683153366
0.17793407410898204,0.19955571387940274,0.6410945175255482
0.16379564082693832,0.19825282595863963,0.5739925283621372
0.18979714925511862,0.20614580289946982,0.6781469585548285
0.19217916832914006,0.20185467546908,0.7043640084072217
0.19549500228044486,0.20029230437180684,0.7264133424235782
0.19050812225239724,0.20492900777433942,0.6856429149704361
0.18889421930482164,0.19854315755964427,0.6995668902016756
0.1776499792141344,0.19639065010531026,0.6499799208653001
0.198264549730127,0.20311651420320387,0.7299482777741975
0.1857298756940633,0.20279538924207716,0.669294682691441
0.1866794593936742,0.19699557919621521,0.6938199321596764
0.19558680207199508,0.20920745396434148,0.6958968206592187
0.16962125838305225,0.2120315084535438,0.5641673695363127
0.1753008102561472,0.1974952293575308,0.6344498075409803
0.17807066693684653,0.19829494730339295,0.6458594567258304
0.21321678441268724,0.22206421503734683,0.7349981372966256
0.18028962560588965,0.20288763236093305,0.6421762829491104
0.19486391550660512,0.20934318256463783,0.6919925155044216
0.20703346161462918,0.21090914922845852,0.7445550000513692
0.21295237826952257,0.21593056003906197,0.7546517650861666
0.19771646119997302,0.20355923235685264,0.7256681973579876
0.19140834821133149,0.2002720422280054,0.7060813213775546
0.1967643796076201,0.20883627782059094,0.7027724356096016
0.19262356967649208,0.19876589742019715,0.7175454719728985
0.19916867659213552,0.21519753033336844,0.6931709502476826
0.20616778056400872,0.21397239971313317,0.729850115124093
0.19512861274017612,0.20454016046496765,0.7095360266182682
0.22918792284754172,0.23878747265045075,0.7504075521995498
0.19184098434402597,0.2030304010387644,0.698619436391422
0.1905351547637612,0.21133865286661507,0.6649761075767764
0.20143363368061112,0.2135593121626689,0.709094031756684
0.18543045099656216,0.19990769056923938,0.6774649369962827
0.1963694532320706,0.20611666238111886,0.7101291644312918
0.20571190179175153,0.2167035095560613,0.718548131088153
0.1964123380382566,0.2113118075081309,0.6928734355396724
0.21082678762463536,0.21374572697755234,0.7524210654350318
0.21072938670543123,0.22142369817497623,0.7258906252140077
0.19452600042843776,0.206913271584242,0.6984858889034381
0.19089190029697573,0.21362256476298505,0.6595366011698988
0.19163382198517737,0.19834780465655966,0.7140680091237568
0.18999297147539404,0.2043231980941961,0.6851545628747213
0.20732917899557568,0.21903119104558297,0.7182957744261804
0.18887100967251183,0.20628475118607423,0.6732005583255475
0.19876570408613595,0.21021521253859207,0.7076828660001235
0.19244402087878615,0.2026785775946095,0.7028074825140013
0.1746309341644683,0.1948237831716398,0.6397110872991744
0.18964959710051377,0.20165017825338985,0.6925339630745712
0.188974654893882,0.20105594368701674,0.6912238073907603
0.1964681136873067,0.20274575130569542,0.7224226043901923
0.2054399181537112,0.21659327132331865,0.7176581119257346
0.18235614054002558,0.19875499437285743,0.6659261114803993
0.1988208180683418,0.20909241749361085,0.7117466039766327
0.1897662946448744,0.1989201935434975,0.7026249681096955
0.18054547631447654,0.19425667122278992,0.6720257044081436
0.19398640759580446,0.20523008819137858,0.7015852737028307
0.18752615328848474,0.21504854059555048,0.6395121441309155
0.19705994231525698,0.20928135187567096,0.7026901393613979
0.20311301646983976,0.20945000647100004,0.7310241668149075
0.16143980579592515,0.19760578879619609,0.5639501073061194
0.15577946534605983,0.20766675385448674,0.5093712083551905
0.19510092070371685,0.2054749287054012,0.7061733595330973
0.20554429345058467,0.2097888319650919,0.7414326682388255
0.19461138114567372,0.26313147946153936,0.5495784139609601
0.17581780368271085,0.19775627245415797,0.636226614313216
0.19257263542628492,0.2023447114696489,0.7046027266577232
0.1796635970424909,0.19399008757911995,0.6684032089505959
0.18358359008290193,0.20191984393262513,0.6615674194334012
0.19832454282115528,0.21221935479372156,0.6989209017496428
0.18578434225869203,0.21471886695776884,0.6323819801331116
0.1930327335211893,0.20458453575903937,0.699137561842181
0.1749575384298108,0.19549974032709608,0.6391698435033256
0.20051392162704162,0.20768994418425646,0.7247049067214832
0.19005635026494097,0.199256760185407,0.7028938447790656
0.20375774225034832,0.2197607758095481,0.6996596261727791
0.18258908542741295,0.19577515604880855,0.6772518439181183
0.19083384459017702,0.21212314762740844,0.6639249236370461
0.19401951173794782,0.2241046105325742,0.6426441267571075
0.18931186205843797,0.20072335661905516,0.6940490852932099
0.19876592823139702,0.20718888352732728,0.7180208015927431
0.16530499527666448,0.19507024596624165,0.5910947346455844
0.15610583353692464,0.20153727054907902,0.5264824379522665
0.14447121130755414,0.22383798824730822,0.42205173503961835
0.19427550169983854,0.205074966538467,0.7035256625180335
0.18134932207397841,0.1942567175764376,0.676163603054263
0.18234254156288146,0.20870750990388556,0.6341053162094077
0.1732923699652887,0.1947210528537192,0.6331743186388271
0.1850987799489636,0.2121189369696823,0.6369010795498798
0.17199314625884363,0.23048193597286296,0.5292959109524624
0.16299160976194443,0.20142502553894423,0.5609611291328754
0.18857814953139673,0.19973797596842024,0.6937997086408183
0.18599847420686025,0.19552937748861476,0.695539851625514
0.18393854252842834,0.19735885099997783,0.6786548556083932
0.21406349064612326,0.2208552665231084,0.7428552337870423
0.1892632186296453,0.21581341111393185,0.6452945528770948
0.18165327202413833,0.20109894502469408,0.6546691331870085
0.19068281732351414,0.20724113454226545,0.6788363595588346
0.19375048901299916,0.20172410633605298,0.7126093733860673
0.17908448060041923,0.195400699479441,0.6606142196231022
0.18866334126952808,0.19715667623679958,0.7033154743539257
0.1984540514818392,0.20560819906665362,0.7220239861821546
0.1756538600312431,0.19403505206356159,0.6475833036088843
0.20618724026356974,0.20939128460383888,0.7459108938515308
0.1734887350582472,0.20999667160978186,0.5880509158150626
0.17769674699088986,0.2029949253723428,0.6290637401731225
0.18676421949866776,0.19815239097848406,0.6901971700836957
0.16966381461324814,0.19774434871768864,0.6051440427462591
0.19123994977823627,0.20091433470692696,0.7029859267347076
0.2025498909858914,0.20935258145845462,0.7286745160874191
0.20946375389252897,0.2212410981687669,0.720769130204222
0.19983712788772698,0.20477761799294122,0.7317065671351443
0.184534990692797,0.19570628661625125,0.687433158223469
0.21249072827075516,0.21952655018263453,0.7401871351577813
0.19463128832762056,0.21408615605794626,0.6755751562397782
0.19493092461285377,0.2093205670142422,0.6923874069335607
0.17015483743721083,0.20484459713748138,0.5865658119192129
0.18801502825418237,0.2052554546863635,0.6724061412403071
0.16554263631424532,0.19666672320240647,0.5875047615215033
0.18124963896667295,0.19785860546386733,0.6633506723600233
0.1645945769734334,0.1953659599419928,0.5865636828824138
0.19279515731216543,0.2011639659893467,0.7098446116325208
0.19250808069916178,0.2006951530363047,0.7100723587150249
0.17381313988907848,0.19453678959311396,0.6364510288672981
0.18195955388646015,0.19608835138859862,0.6729596783898139
0.18201276011616258,0.2610918157361135,0.5056181471792605
0.21179416429022427,0.21572546145335061,0.7500003161435411
0.1821392595256609,0.20419052573144555,0.6471370748094966
0.1776990044841964,0.19375365584073273,0.6590791999773473
0.18771045990004837,0.2084510717419537,0.6606368523282206
0.21101528164203653,0.21642673118549272,0.7439713235054837
0.1791500013336421,0.19705683002731217,0.6553946966250387
0.1996324513612968,0.20598914660139228,0.7264093950097729
0.18619439397553514,0.19608018705000416,0.6945851899906795
0.19765117170267485,0.21528787041035824,0.6858313541828357
0.19882932576153067,0.20737043694993948,0.7176978934439869
0.17360774522537198,0.1948035818845148,0.6345250124746178
0.18620873855389475,0.20002743825987676,0.6809502723167989
0.18181287857303416,0.21498267324617815,0.6131325682330422
0.18862854718662944,0.19788465400199545,0.7005522883307136
0.18785668106993772,0.2136030555486322,0.6453872146906209
0.18020583028794068,0.19897025872620722,0.6543984569428051
0.176752805401663,0.20181963066898911,0.6280499324149214
0.19144683699708637,0.21534275411280424,0.6568451192139554
0.1879274892642045,0.19747964932667975,0.6984390023705107
0.20717660971227966,0.21213017206041057,0.7409441485180089
0.19851569994699794,0.21441288970759112,0.692662181595232
0.20280256191259072,0.20958416891688814,0.7290749234651664
0.17858185160774223,0.2150786992809114,0.597836289868032
0.19913932698316675,0.20395048251253808,0.7312526312557178
0.18780557483768967,0.20270197022146885,0.6798432925300408
0.20053139553168858,0.21365424515869133,0.7045560710477887
0.19501508032458115,0.20204057696556804,0.7177522579996135
0.17330672817298606,0.19543633285400527,0.630930423081048
0.20516583515259984,0.21300809523467115,0.7284504139697299
0.1839055634305694,0.20235621981936736,0.6617318882023977
0.2029375426180436,0.20828031643490633,0.7342870667562148
0.18799134095526981,0.20073562431017142,0.687428260078287
0.172659997202822,0.1958650511329099,0.6262474928188567
0.21178085310538425,0.21718709142527812,0.7448916601981567
0.19054366760775396,0.20204222404313277,0.6956153263178796
0.1862310229154231,0.20089438964726933,0.678122585476965
0.1738482603618836,0.2126737572573539,0.5823391750775172
0.19142110792659614,0.20074488479812258,0.7044817508989835
0.18080570989180217,0.19850613119288887,0.6589504772761803
0.18896191131842954,0.20163956476215028,0.6891599447873539
0.19699369727186838,0.22236063981941243,0.6610598772842514
0.1867926177958431,0.19834809000529402,0.689659364968889
0.1956792385045315,0.20648748544719497,0.7055112235447608
0.17349182809797703,0.1974557005762541,0.6254153601925843
0.211510781822844,0.2162527932492437,0.7468610203646877
0.18987332738532886,0.20348995675269832,0.6873721416891211
0.204665706028283,0.20950761298740037,0.7382343000470559
0.17493219469002957,0.19551122540788068,0.639002668155717
0.17934426438189158,0.195466467642892,0.6617209894957401
0.1916437098710308,0.20207316490899857,0.7009525977129051
0.1702956404423726,0.21202737338808028,0.5673590089813156
0.1722439382888455,0.1939460723163565,0.6302986022292136
0.18953330160298365,0.19779858435919379,0.705431244895045
0.20242928784263617,0.2141439555518257,0.711807566316044
0.1994016827237344,0.20640600312443771,0.723824309672153
0.2004025597363917,0.20612306405893166,0.7296736074784471
0.17150678401778593,0.20008927083159292,0.6072628657838096
0.20528286113038718,0.21168429279443493,0.7335587306951549
0.1775233449450243,0.21807092778737439,0.5847792103189626
0.1928468451017256,0.22055332278206569,0.6476748719985332
0.21272111219908962,0.2154878557092898,0.7551289220614517
0.1981415102923053,0.2019406661693001,0.7335892918571864
0.18918823536556367,0.2095090270052189,0.6643543591183615
0.18525795486603813,0.19749987044728642,0.6848508536218968
0.17763241238579852,0.19517095813512847,0.6539518666369973
0.19147868824143557,0.20452767428938612,0.6917337163931049
0.19740944230910643,0.2099420174715087,0.7021435922378492
0.18373912037443993,0.19603079918538055,0.6822352453298258
0.16728655387273764,0.19739667502712982,0.5941668159132771
0.17074905135638374,0.19891856495470336,0.607027561172483
0.18860615197834768,0.1967665210420566,0.7044193862060619
0.19749582712332278,0.20855770980332275,0.7072182911023357
0.2060002721302851,0.21404727761254333,0.7288122225626633
0.18909366800745864,0.203785446424492,0.6825495659671487
0.1899201000651649,0.2004217089733493,0.698128465134336
0.18831105715701416,0.19731028992572808,0.7009824840310024
0.18975194887163657,0.19842492018189278,0.7043064386445427
0.20513050105867997,0.20962176965212967,0.7400495726952466
0.1763163531149427,0.200376706202043,0.6303943981770812
0.1856705938685379,0.19698841259464384,0.6887237278657417
0.15518600930497825,0.21689575723906263,0.48496111977442774
0.1900823960850386,0.1975051798748701,0.7092593529637458
0.1613550869957819,0.20729278571919155,0.537187469450233
0.20768625200434943,0.2132860723948349,0.7393180915837807
0.1881965159312935,0.19854827746473913,0.6960348268739642
0.16480944093321626,0.1971332759788198,0.5823950338326012
0.21458758719658927,0.22336628720230298,0.7368506199304921
0.1890843951169888,0.1968680173629261,0.7064854768186483
0.19524800683795127,0.2086193969514927,0.6962344295900909
0.17376197783971079,0.22102092119942068,0.559955940677869
0.21052312253473437,0.21448181274087058,0.7484230037195405
0.20328694301875522,0.21391577816777016,0.7165761419362677
0.19809979260922572,0.20690251126730902,0.7157950461891072
0.20313361492647894,0.20691878823202117,0.7400662657794413
0.198400444486853,0.20542178268797284,0.7224182486638583
0.18508934950624278,0.20529701832695654,0.6580190526250077
0.14369146899368015,0.23043398139105087,0.406587033857146
0.18191866948391594,0.1998590473463704,0.6600585324280628
0.19541059387137763,0.21247726850341261,0.684358354639909
0.20101014295651778,0.20686364669226437,0.7299984572986103
0.1829627078647188,0.19800233695343583,0.6715209017759605
0.18565928217519845,0.21425848087586163,0.6331571176115897
0.22137526269078528,0.22569630421001488,0.7593179839192989
0.18589481914152212,0.202090378160806,0.6724457659898524
0.1805671764408618,0.20299883058356474,0.6431917665018945
0.20201073799018274,0.20726144260891272,0.7334250696933339
0.20219674135547563,0.23469230350232514,0.6484948125023102
0.19090342843938252,0.20174492693313087,0.6984236510000844
0.17102660901257138,0.2138355180293904,0.565979918246963
0.19789520086983192,0.20518339632504848,0.7207951691936055
0.17201832925901375,0.21180062358614077,0.5760999528379012
0.18206280801447527,0.2011231179681044,0.6566266938812017
0.18114497060916676,0.19812440586438537,0.6619324360217108
0.17789698456770425,0.1943551037221061,0.658058276414365
0.18521668713183748,0.20261900026709556,0.6673445577837849
0.16237379630894963,0.19866506521637428,0.5656444739620361
0.15647272059607964,0.21678984448343883,0.49113334090801186
0.18375632351168736,0.1966224930522364,0.6802696956759293
0.19023574120058545,0.20046433583782267,0.6995545647283483
0.1731926369477127,0.21296319789239299,0.5784691353571805
0.19668150817065877,0.2094495699145494,0.7003189752573923
0.19088644958028067,0.2161479200923444,0.6518057149015826
0.18810470612741192,0.19897637587827136,0.6940758947780858
0.2078940812648343,0.21281158054318416,0.7419430881619438
0.18614532406370093,0.20271267737633342,0.6716172161790797
0.18667478042336572,0.20266633218964006,0.674383253235548
0.1630287043199551,0.2088694820934801,0.5411451361255771
0.21182121679615823,0.22193960419196335,0.7291227601550258
0.18966867188742084,0.20135385391024543,0.6936478700312282
0.17170833642387162,0.1983924067781263,0.6134727553357678
0.19145669495753914,0.20229434662000678,0.6992617308443813
0.1584819807416298,0.2119213050493301,0.5118974740004449
0.16210775980501874,0.1973385437224525,0.5680986475844937
0.17937575925489513,0.2025790455587158,0.6386433448636062
0.2029102510030961,0.20989364699445887,0.7285130026214317
0.18962182706614392,0.20385564922791752,0.6849053611952739
0.1871090194045635,0.1984155292474036,0.6910195987411991
0.20525351190845523,0.21028107042092326,0.738314255285469
0.18756100486157412,0.19835690451165094,0.6935024782739245
0.18624596626639514,0.20216050317759232,0.6739494813519873
0.18407125533071517,0.19859573311556322,0.6750963539216569
0.18722686972583896,0.20641103965759272,0.6648233057373254
0.1898747732959758,0.20058438385412816,0.6973363060890001
0.18705546514710003,0.20122479739333857,0.6811062399988143
0.16952804193604673,0.19862560298195436,0.6017756026493027
0.20513266139580996,0.20917853048585114,0.7416280295854891
0.18679919555589206,0.19605480595180633,0.6977599701867021
0.1774410417329898,0.2084815149809513,0.6112822124524274
0.17968352193323595,0.19637761331008582,0.6603783381788126
0.15093660986452606,0.2235201658227234,0.4515771965943338
0.18861598714517178,0.1966243010344765,0.7049789187597242
0.1895597816995277,0.20033454825537983,0.6966336206854423
0.1881929117697887,0.19845957574024503,0.6963277597179957
0.192379256483928,0.21681204174274055,0.6566944130016028
0.22086263634844341,0.22649042322438276,0.7543923222712634
0.20968900216807076,0.21649927307970168,0.737596020053532
0.18950710699659887,0.2041500468492038,0.6833557432374546
0.21215837031607077,0.21772408127124465,0.7447884008478185
0.18955255947287075,0.20238589291148382,0.6895369902778054
0.1672096408638627,0.1954368807966721,0.5997314344461158
0.20383923115969457,0.20860427426869801,0.7374692186869481
0.1756243829877569,0.22558289780615673,0.5568878856042796
0.1957800185330634,0.20343184261137492,0.7166037364738104
0.17585987829046257,0.19828771016505473,0.6347336311751081
0.20435008085719414,0.20733398011320475,0.7444514438632718
0.17614174011218384,0.1976275919242173,0.6382800037383161
0.16068333699331971,0.23004437965439115,0.48113906177410476
0.18654769630688553,0.20479664086520338,0.666747734386722
0.19887480226113244,0.20272274403567148,0.7343764162689912
0.19717379893724868,0.20239515397181518,0.7271606856641616
0.20900955837330581,0.21373328249123566,0.743962552392027
0.18263962149402896,0.19548986821866216,0.6784987002276096
0.1945679821020807,0.20692075856138695,0.6986635033970837
0.18671442760952348,0.1986766117645119,0.6881254234976023
0.21056936645137952,0.2202547443942951,0.7290166070789915
0.14723462766745612,0.23098443823341733,0.42095748272529665
0.1887720835011758,0.20223907096493682,0.6861784067690629
0.17895746332787998,0.1961283970323558,0.6575155116706816
0.1863661133543248,0.20401715251236313,0.6684051398377459
0.16557166082638786,0.21518895685907696,0.5370705937390341
0.20836676293140102,0.22820895415087303,0.6939550795482894
0.20798844479887907,0.21311052348685866,0.7413451115126248
0.19081344969200167,0.19981555254411615,0.7047171649009266
0.19771792495809692,0.2057329500251149,0.7180081019596726
0.19815621798698815,0.21329660093093947,0.694601870542502
0.17335604251717596,0.19784920509212903,0.6234851560800301
0.15927269448543668,0.19921262581361934,0.5485229364311013
0.18438773716258894,0.20083579868832108,0.6691423443444289
0.18701031828766393,0.2038603467457874,0.672079295825563
0.19729968316920726,0.204365011555012,0.7207676208779819
0.1768676883598636,0.20385534082498016,0.6223417441330897
0.16846874036713802,0.19759392370041096,0.5995565964202351
0.18093330921337195,0.20851364005831932,0.6279364226568157
0.18964159809226938,0.2006979110995473,0.6957800274413737
0.20693495379570942,0.21221421684713712,0.7395119710983047
0.17301436191044187,0.19605907348462961,0.6274351894256288
0.18307114517322515,0.19485961283648806,0.6829077777388829
0.1890409575010833,0.2005101362188758,0.6934360532741692
0.17851202311986794,0.22426882075520505,0.5730267037884057
0.20222572841949424,0.2092071765124387,0.7276314845272215
0.19277910590837705,0.20201322269070718,0.7067809918907108
0.18731568667218723,0.198942128450178,0.6902293030738125
0.20124357886539776,0.20792348477645942,0.7274001733281895
0.18258523035021867,0.20514580700167728,0.646297539725658
0.1986413141208921,0.20416510762684922,0.7280446490032103
0.18750419126652573,0.19640613832864734,0.7001012923355752
0.19146676111325445,0.20096126302085077,0.7039503981350702
0.18668876710073848,0.20047307008248483,0.6818310661102648
0.18653115072002485,0.21184882268116648,0.6444744369691633
0.16324316318716708,0.20377831721066478,0.5557174322432793
0.18401194585953437,0.2023446633330326,0.6622954302430422
0.20356114353749613,0.20729656731109544,0.7407799633606226
0.17788686329429043,0.19566574903331801,0.6535986186959775
0.18856618323055663,0.1967700292724552,0.7042037028855277
0.1803884434100016,0.20185307338627273,0.6459571866933429
0.18736943994749736,0.20137844998699983,0.6821456812105037
0.18475340899726336,0.19579421690467058,0.6882399854683802
0.17386816903760766,0.19525368113741093,0.6343960754851772
0.16458387488030393,0.196855205783712,0.5820718554235192
0.19048218477569362,0.21401693984095757,0.656406847421004
0.21518677305864384,0.22427938765814945,0.7365223116732617
0.20218432464070665,0.21420021857114796,0.7104769810968127
0.18818693125058059,0.20120572228672828,0.6867942406412142
0.16438552870949275,0.20627378956813447,0.5545325411870128
0.20816464246763014,0.22106883214806478,0.7154542815049412
0.2048257477620974,0.20762697604460142,0.7456918687138153
0.18903941972490795,0.2011184684759485,0.6913309393141859
0.1965727663985066,0.20909757707005072,0.7009778327053622
0.19786182609832764,0.20829410996120168,0.7098704141267818
0.1912454926546659,0.20083959579723706,0.7032751290600288
0.18243630219436152,0.1987173148692819,0.6664557755396371
0.22028570753180324,0.23531456728205227,0.7236513637835932
0.18559587054093904,0.20015881902153249,0.6774413998033832
0.16675898941662673,0.20635126561581277,0.5658263789571807
0.19919435344328945,0.22089328518384616,0.6754137108292687
0.18420147085637573,0.20605235564611088,0.6512979210335406
0.19673242235200736,0.20117779970705377,0.7293668713231412
0.19622436410101696,0.20808634043867524,0.7027100567618012
0.18774109705491612,0.1978594090955681,0.6961564157324748
0.18855942429884928,0.21533266532386935,0.6434668148952231
0.2027760427036935,0.2094895727012163,0.7292775517833995
0.20226479110417583,0.22220766478728887,0.6852364487513662
0.20806293955334532,0.21112155765222346,0.74868213985859
0.17571696681526477,0.19647920743166553,0.6398487069375446
0.17049209287830297,0.2090067200111556,0.576498654549824
0.16425280595927028,0.20050141468030813,0.5698354105951922
0.19590240653359997,0.20566099155009496,0.7094316011700306
0.20313787177987566,0.2090641554749887,0.7324922411111083
0.17932392405406467,0.20786372984601353,0.6221572380610532
0.18811858870618262,0.19771603611194608,0.6985704924206572
0.1973486086865117,0.20348131964333763,0.7241382596927548
0.1875316322453945,0.20205385788136065,0.6806681826691402
0.1830877717682954,0.19516461414513903,0.6819257289608933
0.1859156724748886,0.22361382531199206,0.6078142632069167
0.19377846469652804,0.214173131896858,0.6713188690996461
0.1716204096188904,0.20374019627594722,0.5969387084233827
0.16759526375387113,0.19556005630135187,0.6013255773083872
0.17894214023909,0.19492691333540785,0.6614896733999024
0.18601055723786247,0.20992701820493412,0.6478944844778712
0.19539395662744502,0.20681578534139874,0.7030118923825744
0.17528335718342594,0.19364552272438318,0.6469726509594672
0.2209680685469357,0.23144190737545647,0.7387083458035232
0.17680816414311104,0.19500272214100467,0.6502891998164888
0.18392688987216582,0.2099886325548222,0.6377816181892667
0.17796094270835017,0.19767309323413457,0.6473361680883215
0.17232872686188072,0.20368896941816986,0.6005662810868369
0.20545526823478621,0.21224113766160863,0.7324464519344963
0.1826582733211156,0.1980467215703031,0.6698332205111723
0.18354867278532783,0.20561990680248934,0.6494929156524208
0.16637900527372063,0.19889748596390977,0.5851205444338183
0.18029499550027905,0.20011856739390602,0.6510889878789268
0.18524811970932123,0.19673900991700466,0.6874494273727224
0.1852510032352805,0.19691184846611198,0.6868606652613738
0.1872971141210772,0.19975775361501852,0.6873180721969968
0.1973589826399494,0.2070545795477064,0.7116914919816935
0.18382310843929858,0.20564026990718368,0.6507631433264507
0.18923030309749905,0.2074943335313124,0.6710077365871208
0.17204131763641617,0.20015455076205507,0.6097354128185655
0.21240326176365332,0.22968379976831685,0.7070732107683271
0.18276876714543,0.20707587338503258,0.6411600008010712
0.18650671549941789,0.19786246339020666,0.6899070857629603
0.20345488937714085,0.21033663788028045,0.7295680435116797
0.20411514444153842,0.20772900084895277,0.7419048077624995
0.18564309930263104,0.20342752607554632,0.6667883246648618
0.1748306640683751,0.20497605525978552,0.6090012021656159
0.18595075594211607,0.1962115234525163,0.6928785504028591
0.17760516846854318,0.2009724544654064,0.6349385979684494
0.1773883772257045,0.19407702840093582,0.656380501470468
0.18625128114473288,0.19559736009733686,0.6965905934360717
0.20918603734662303,0.22909476094606032,0.6948480038969678
0.19528478970085633,0.2020660895280019,0.7189963939037038
0.17758629851350646,0.20815807297849542,0.6129298599275909
0.19797250998390853,0.21144199610711154,0.6998255441598704
0.2002191373882311,0.21340664623778416,0.7039103047467997
0.20349984654148515,0.20860108158937996,0.7358535505757412
0.16830378012582253,0.19427962899797316,0.6089355880284121
0.18053245457620504,0.1985601898645571,0.6573948920236454
0.16652884655107789,0.21945893207237488,0.5309824733524543
0.1636941901269593,0.2055694800753861,0.5530694054645929
0.16673300255642404,0.194725726241631,0.5994739617074147
0.20618632258903247,0.2094253573500754,0.7457851549846061
0.1873881766742881,0.1998626082534581,0.6874131078088287
0.21504380532373352,0.21976440720041918,0.751003346839591
0.18544222117555034,0.20141585410296353,0.6724506458479302
0.18923705809919628,0.2002278414726335,0.6953930935634981
0.17610717839211587,0.19360627652281734,0.651358936585166
0.18316849939289864,0.19796278919312355,0.6726946005139657
0.20059568955155554,0.20448545687918562,0.7364616137006296
0.18982249525531247,0.24632375297786152,0.5676370774842778
0.19001318611174012,0.19934840645334187,0.7023541778073389
0.1762481410777909,0.2190607508275455,0.5763156594728334
0.1867171154622073,0.1979103021322491,0.6908034295801799
0.188672946422181,0.22028400864704586,0.6295188982345618
0.2087269208894538,0.2136592793783842,0.7428973894850275
0.2073354287511092,0.21522147492032462,0.7310396363065305
0.1775709775979884,0.1980661885366258,0.6440825591713669
0.191852782295915,0.19993881129562596,0.709480972587028
0.19546524903326185,0.20096344861927606,0.7238393351262836
0.17345996623653898,0.20035755648296336,0.6161982028715594
0.17870361684308403,0.20146292031949475,0.6388451861959329
0.1780073024748828,0.20855599144792655,0.6137790700050177
0.17494753421833326,0.19960661901959834,0.6259688923745825
0.1879151822400159,0.21678134141387992,0.6361948926993105
0.18226524223812418,0.20674477196602198,0.639751327109068
0.18734601074623877,0.19829842248793283,0.6926228107265793
0.17716352601236612,0.19893138483232684,0.6392331009988613
0.1913422538772832,0.2020668985947471,0.6994824726871793
0.17068321052184254,0.20288896639552573,0.5948239210138928
0.1663714660123029,0.21295565599945632,0.5464586768834165
0.21310343180238278,0.21804262453704953,0.7480346200596593
0.20044365473565515,0.2077038325136568,0.7243181452887407
0.18267790045150623,0.19493782964023013,0.680616485247484
0.1881853353586259,0.19778737887078557,0.6986559817292605
0.20024651368585183,0.2147845358393234,0.6995220261027018
0.19939394786369974,0.21107560336418013,0.7077745863691424
0.17052459430431993,0.1954236915911639,0.6167348151239685
0.165369807835009,0.19903437808311983,0.5796476415085878
0.17571627403582535,0.2048874005414732,0.6135871395878144
0.18033233196879425,0.20382491502705333,0.6394327796064355
0.2035724731015573,0.22381136422142878,0.6861692373655329
0.18211756265584117,0.20723022006914296,0.6375400393425233
0.21360410405994884,0.2203800005797363,0.7423727363171269
0.20393164013870563,0.20976785774597773,0.733819002552393
0.1979145973083613,0.20936579439656977,0.7064888404272438
0.199513012241765,0.20560169171835938,0.7271973834075904
0.1959636976871386,0.2146436399320782,0.6800280582892058
0.16935007503907845,0.21094675735206717,0.5657829327989378
0.18589168850861834,0.20493587496792315,0.6630937044570078
0.20040984431481687,0.2107536455561054,0.7136761213213546
0.1822618282334506,0.19981340728546582,0.6619266946611504
0.16684837898008645,0.2042536133205514,0.5720749664129908
0.18889474190886224,0.20712655367754948,0.6705791191074942
0.18476612189399966,0.20135870725216423,0.6692838056674164
0.18286196726975915,0.19623072119211216,0.6770701675181926
0.20298554120417261,0.2152369482998136,0.7107773196592246
0.20646507215363324,0.2102505691952087,0.7441838219632219
0.19730750129115499,0.20494609338800365,0.7187621820742522
0.19650332967377496,0.20357579904988188,0.7196500289205665
0.1969024000098525,0.2245600944179841,0.6541785636071931
0.19566241591824826,0.20648685388468863,0.7054319109321728
0.2024636132571193,0.20710077189570858,0.7361808063849065
0.17618009481934283,0.19572437165165227,0.644682589881635
0.1602612965035182,0.19868882488509437,0.5549446304656764
0.21605009014192253,0.2241410382164497,0.7408285937427058
0.14492036220132137,0.2347343928144769,0.40437347532767387
0.1932669591331244,0.23385640877383015,0.6126278936904497
0.20767719209116578,0.2123131763387493,0.7426632430932554
0.17484314560989642,0.19750731509874025,0.6320937811720204
0.189286684975762,0.1969087898448478,0.7073665176933518
0.19016721393504538,0.21163894104455636,0.6622940619681894
0.19781209986890902,0.21345435779318261,0.6924763747954267
0.1794993066812859,0.19688375184970433,0.6577450168673245
0.18232101152310637,0.20685443089426708,0.6396817846785298
0.18608601796917676,0.1983857586725828,0.6859666685740988
0.16284973102704295,0.19958943733151843,0.5654093349619466
0.20695744922179748,0.21286656860311234,0.7373513382199679
0.2083715915148673,0.21530314405527404,0.735574913268378
0.20537619762164094,0.21712897846255497,0.7155940156943924
0.1779472577115609,0.19488349447387593,0.6565320375487838
0.17561463759648105,0.19648139363862147,0.6393207787782585
0.16599038213284256,0.19679902952779124,0.5893849294437847
0.18839094861105465,0.20014973598483626,0.6914370779961431
0.19452438369863786,0.2097935501412156,0.688888593578573
0.1749437028154004,0.20663865508728763,0.6046482579100317
0.19400617901479647,0.19938375189020083,0.7222563405974003
0.20376749389607382,0.20926390365294575,0.734801803903505
0.18655088203151007,0.20095991574080085,0.679493129404145
0.19907201152797965,0.2080534349966981,0.716508292835182
0.1808532848069765,0.19785594317285682,0.6613563520437521
0.17374022593801078,0.19394531747159316,0.6380160529327283
0.18519205558869256,0.19550473644523572,0.691502712654546
0.20028296864553863,0.21015542874920284,0.7151039092351246
0.19726676858942443,0.22487307438044268,0.6548884031365931
0.17564825663678715,0.1947312874419084,0.6452391820922465
0.17494354378687865,0.19632578556604435,0.6364092389934557
0.18515744150615948,0.20655395780236835,0.6543444770759546
0.18301422641667092,0.1971365762719826,0.6747313407388984
0.1939232559361008,0.24001692894801077,0.599637936236054
0.20433399469524882,0.21073985918137234,0.7323436358682481
0.1906219979268155,0.20091055381869571,0.6999234000107064
0.18180110373651784,0.20521343381161045,0.6422635267509512
0.18157870646898788,0.19975445679652337,0.658702231625392
0.2061132933652806,0.20909658269985604,0.7466085353932858
0.1801153579512442,0.19431865243743196,0.669597881207722
0.16638088397458495,0.1970650103582816,0.5905710189900998
0.18146741840476108,0.1985074620703165,0.6622794782303543
0.18144243015980016,0.21691100209033426,0.6059740118901851
0.18738883068474138,0.1970349544268919,0.697281510706357
0.17616458125604106,0.1954104884400353,0.6456387385509075
0.21038774311071118,0.21349275719787736,0.7512561326005763
0.17019929899299913,0.1951198847627885,0.6160279314388076
0.19120387380455542,0.19811304027988655,0.7127439647842866
0.19826583381686436,0.20527280588104005,0.722286779198544
0.1854193778903857,0.19790865815024586,0.684251912756539
0.19874928068000575,0.20747767791144728,0.7169411291729072
0.1982218034098241,0.2077512380561356,0.7134580991992631
0.203872392892894,0.2070519101018326,0.7431585287825465
0.20029820852446736,0.20777726355670662,0.7233621521030761
0.2032785542389815,0.21005003628371402,0.7297240074357739
0.19134087702012473,0.19799331658884448,0.7138669095262192
0.20234026568218905,0.20651156498246434,0.7376839437303419
0.2026449516491513,0.2123397228980259,0.7188713895160237
0.18204248419685123,0.2114816928999432,0.6243683904087316
0.19126056443060718,0.24160768824191545,0.5846691612278774
0.19999668213857205,0.20462014924430938,0.7330494220267681
0.21064379327013022,0.2219986890559571,0.7236249635223669
0.1829458569823475,0.20472965087397985,0.6493727528709633
0.19407504640903572,0.19942732501247265,0.7224438596868555
0.19537224469994002,0.20792023470720308,0.6991731463974912
0.18814046649001226,0.19929635025217463,0.6931409748107263
0.1876109667826821,0.2003515901021699,0.686847390192945
0.1773409803955905,0.19824451879058172,0.6423430073751943
0.16740168026145139,0.21010364481757102,0.5587798363202553
0.1877943934179594,0.19875708326907343,0.6932804162325932
0.18867463440519608,0.19741856557323123,0.702439681914088
0.1849307168651376,0.20138198871490412,0.6700237579645645
0.1901140245960119,0.21626655672719133,0.6478765219939125
0.18325233510677408,0.19981701648219716,0.6668718082808843
0.1946223990008521,0.20673251474039664,0.6995629070853271
0.18504673440587238,0.20613463852486028,0.6551384831404038
0.20161579643366787,0.20524114782372016,0.7387202714530194
0.19999664573625106,0.2084357441053644,0.7196301497138018
0.1967300362047471,0.2102028768503722,0.6980400953750663
0.16472606412278995,0.21542251211566468,0.5325630222954192
0.19491831400768583,0.20590738698739047,0.7038033755270785
0.1985025464204736,0.22871218878145974,0.6492987855683177
0.18073395542136095,0.21757615930987176,0.6008652594844722
0.18321303363099442,0.20771290599989445,0.6413324823979021
0.18110504043331882,0.19904984771440684,0.6586543116648147
0.20308453833517093,0.2074443065131597,0.7379548800750513
0.1895036533704404,0.20039349886648886,0.6961485984302515
0.1744755537229232,0.19513139609481653,0.6379063349828089
0.1992846665655873,0.21239345254924813,0.702868496056734
0.17485027453681684,0.2131469807991081,0.5857473282930934
0.18180608416360258,0.19929842933389155,0.6613503408136914
0.1981508916551016,0.20935390770976756,0.7076576371360921
0.19453214349311912,0.20017618096944262,0.7220246824230415
0.19722381612401602,0.20255569857608668,0.7268312723806871
0.20138116865341896,0.20621169292443753,0.7341056489405272
0.1852111469773095,0.2168110002034718,0.6236360094756132
0.16726469233784863,0.2071825375003727,0.5659969887068194
0.19107842201299713,0.19998878370132175,0.7054316717266216
0.20597794176491502,0.20930956543962118,0.7452021671217385
0.20419763480057657,0.20879681493466573,0.7385056848152894
0.18537207536956626,0.2141148796012665,0.6322403918011755
0.19481860977419274,0.20071833098484823,0.7215016638670874
0.1923784824258759,0.20193639330523394,0.7050659868459959
0.17658525961454855,0.1973232905499196,0.6415120042939103
0.1687578847324654,0.2020320167793087,0.5878171520813531
0.18569204693779923,0.20527595768590548,0.6610225983961688
0.1901757711645818,0.19748328708664664,0.7098108059295117
0.18193486958539842,0.19927978385109107,0.6620584739492934
0.18500861634573285,0.21091602646946078,0.6401060109354999
0.177509619157038,0.20265245354452877,0.6292034314256174
0.20002614399805446,0.21153575398454444,0.7092235764976919
0.19861561485436469,0.2023887239869344,0.7343077812178849
0.18140933487416128,0.20244189650841518,0.6491212399242605
0.1757196738784075,0.2145084840859312,0.5860825244937385
0.16997325832493135,0.19667650226339478,0.6100030097355491
0.20578187045592775,0.2110196113916173,0.7382340884270823
0.18489342681355672,0.19729282023143974,0.6837219248795586
0.20578843853421414,0.2085457069233446,0.7470229947791612
0.1771333247394207,0.1971990597298795,0.6446953900975295
0.19667454672507242,0.20101505123959862,0.7296694741044272
0.1881030795009274,0.20058149922472768,0.6885135470355584
0.1968459827521215,0.20423190488937412,0.7190158796768962
0.19505822548750062,0.20138646131468835,0.7202978022481428
0.1894602876753188,0.202207747689787,0.6896881512634672
0.17049839880397513,0.197961482271924,0.6086961838286098
0.19763869218326305,0.2063288837284431,0.7155502880419575
0.15391352942064498,0.22691062134773413,0.4579491643161138
0.20503097894995626,0.20902483451765547,0.7416868876260798
0.1896817938151213,0.19723012571462975,0.7082173339848977
0.1670669783699096,0.19623090781943403,0.5965776730627533
0.19731106549488742,0.2232463971695521,0.6598586466011678
0.18641654473442443,0.2068725426012599,0.6594231550455824
0.18035126045286737,0.19410477234505652,0.6715510333828594
0.19753883673643247,0.20568612964088137,0.717300855405411
0.19637659772597088,0.20431197226175388,0.716436712472438
0.18810356223927116,0.21285418630827013,0.6488176936264719
0.18820512420850366,0.2363582786418781,0.5847272412146278
0.18656077607917337,0.20108667553418552,0.6791139975654803
0.1938385576879594,0.1999641274979348,0.7193218078049771
0.1779494645680785,0.1975723094055562,0.6476082855590706
0.20694405695240614,0.2129537962472883,0.7369864248400533
0.18128735962609116,0.19654143434641977,0.6679882034171322
0.1751316572845305,0.19642182136629543,0.6370557833855939
0.18038769963386833,0.19757056510574922,0.6599550877635977
0.20088002564540866,0.20873005789867324,0.7228476203396276
0.16933901096178827,0.22240832198404367,0.5365761941693443
0.19132972196973652,0.19946231104415638,0.7085535168518596
0.17972945565230664,0.19576643071308988,0.6626746739967626
0.1997711249418789,0.20482413467250346,0.7312181505433932
0.20833924201186768,0.21462638911447074,0.7377435862624405
0.1965531189849053,0.21624291242613417,0.6777244966813236
0.2106970025378888,0.21473250328078164,0.7483590051933747
0.1997653111169967,0.20555929128420442,0.7285747590457127
0.19672990944209717,0.20146578716220143,0.7283117968013297
0.17505859022393017,0.1978083318647608,0.6322210447102463
0.18004330769984628,0.1991561109309183,0.6529717169710885
0.18695477505542263,0.19665077286210217,0.6964364953269709
0.19680022716786327,0.2079902591022836,0.7058033765690497
0.20039017936295206,0.2065949376196493,0.7279470692540746
0.1743037319282307,0.20806189689115034,0.597436309990298
0.188950508909928,0.2086847836772031,0.6658391975758943
0.19536506062468056,0.20741967535980946,0.7008258033984328
0.19745414993060761,0.20320329455352892,0.7256484214716531
0.17456979726602356,0.20040104725036584,0.621602526409932
0.18466119528391928,0.19847146324611267,0.678491472181741
0.19268078981134934,0.20523920148493502,0.6951926765405118
0.17271398804164215,0.20783230167257022,0.590447139612456
0.20085583204925977,0.20637852723767486,0.7309667050561292
0.17369249123557076,0.20135040309869037,0.6143145945178159
0.17602504370855876,0.19500486491303162,0.6462661522047847
0.19113622259640692,0.1991868057519968,0.7085621061273134
0.19547055036697994,0.22160336424044588,0.6564455863095123
0.19980713279026102,0.21463705678388337,0.697955586211289
0.1974576641786003,0.20336550613571014,0.7250868988578557
0.2036934281053831,0.21223440164543111,0.7241683106688361
0.17534097451182454,0.1978442595123224,0.6335335420940927
0.1713298508614028,0.2034903266408197,0.5962438257596481
0.17767942723778357,0.19628119115422468,0.6504924210362143
0.18280076958279448,0.2000411914132374,0.6638671197896424
0.20656623528105378,0.21328854379974796,0.7340583441183343
0.1736285985721789,0.19853873776028225,0.6226925786213539
0.17688235135315208,0.20390456490813302,0.6222634172526619
0.17634655210289363,0.1958621518739103,0.6450789542240476
0.2036520145630194,0.20995348452306695,0.7318383636835432
0.19919088786152309,0.2035268901948302,0.7330278948334891
0.19464344985272408,0.20009048306828273,0.7228902026457859
0.1868331460018062,0.21340708230880084,0.6411837157485154
0.18911122055494659,0.20018368252561397,0.694917881416968
0.18221699205692946,0.19437636696178115,0.6802112526515445
0.20107189223524938,0.2067931407074274,0.7305459538862901
0.1780570190676123,0.20240211067391128,0.6326861841570621
0.18774448008041966,0.19629342448289136,0.7017274289410814
0.17684712474372435,0.20420215768760766,0.6211840569176428
0.16465664536712976,0.21415348747642768,0.535394714875938
0.18833090629061155,0.21275670629813795,0.650183529805012
0.1736282216542704,0.20076194753224666,0.6157950905233824
0.1719535840120557,0.2201485647004961,0.55396038660515
0.16527856113767422,0.2116739995999012,0.544604256335543
0.18228666755966788,0.19514261248498835,0.6778973893764195
0.17173913359505802,0.21463562888263926,0.5671897728667584
0.21601386780472848,0.21900434246986514,0.7580391600115047
0.18941188117069063,0.21652623306198426,0.6438567706056275
0.18243057497627232,0.19619062044330293,0.6750097159438027
0.1884754812842828,0.2042208436648606,0.6780673255445455
0.1850018460530255,0.1954721953297815,0.6906447529545757
0.20125130264470345,0.208605675719567,0.7250584248150264
0.18036518344344524,0.19444390077915719,0.6704513894293326
0.18270043197403305,0.2056890070030673,0.645150822144103
0.19523093966660865,0.20098009433719727,0.7226135510860361
0.16929512840293076,0.19421050467883583,0.6142568271485007
0.19541972158106705,0.20509391280766875,0.7090396764600103
0.16450050116534276,0.21385923875186286,0.5354012379058156
0.1781850109149878,0.24002003402494015,0.5340596314625481
0.1792165521504695,0.19774342324949035,0.6534556246021828
0.19603456250591936,0.20712163647733717,0.7050666699512012
0.1929076235147949,0.20391910643444802,0.7008054616046197
0.19418985704535596,0.20183339162774858,0.7144004066051297
0.19338375218932796,0.2066977066366028,0.6936881619175984
0.20828629604211843,0.21282254161634082,0.7437477949467594
0.19484634213038768,0.20131103867015282,0.719515149726676
0.18344464955205272,0.20093291725860882,0.6641253776269223
0.1879731863300071,0.19672891149137298,0.7013366021498958
0.19418726492511815,0.2037133547533569,0.7077948576306686
0.17894060484110375,0.19485497825146467,0.6617259974477175
0.1872047794907125,0.20686472724096924,0.6632584555166217
0.1977702449639423,0.20625613549900326,0.7164404811834382
0.2090132234173185,0.21626775026687287,0.7352609125544484
0.20030297115467582,0.21012041141427276,0.7153182793761952
0.1893590430057492,0.20016317536135642,0.6962271794208053
0.18694578664519107,0.20290566736887158,0.6749234184584456
0.1690169940989663,0.19922900363710883,0.5973878899467524
0.2043386417809921,0.2138334920509713,0.7217701974590703
0.20203408292208874,0.21232953950331168,0.7160288826403144
0.18686968931954284,0.1985096552555543,0.6894863080757541
0.1980175068334801,0.20753917093444654,0.7132027470623027
0.18942748604201265,0.20788366070475456,0.670699590190658
0.19369014505225599,0.2106002692126394,0.6822885155344912
0.19827453722522767,0.20621540402156105,0.7190274554355051
0.18594631208052848,0.19911119909500485,0.6827657745944387
0.19814694856663415,0.20236002647419304,0.7320959141380983
0.19191199358286312,0.20623347914431053,0.6881132693473163
0.18839142348167967,0.2026899828864231,0.6827738673165067
0.21533855641550406,0.2208989053563065,0.7484806506796199
0.1956323988904859,0.20650718158094217,0.7052171153350622
0.17962638658307162,0.21019955637325505,0.6166824936247334
0.19000860318679574,0.20001907491852383,0.6999762559837213
0.1888219570074205,0.19751215142136927,0.7028527410005269
0.16961486493519146,0.19755857150920667,0.6054653261633709
0.18120295364696243,0.2007808787414738,0.6534633898873401
0.16881213247217774,0.2104253043981143,0.5646285403365322
0.17614429280307087,0.1995303029319423,0.6322061909869269
0.17514597879926225,0.1951850550342401,0.6411657838112076
0.17522279584277622,0.20134372975848192,0.6219354135983519
0.18861144152807002,0.2417938437589256,0.573262906007934
0.18681448656674743,0.20134596589514903,0.6794995169557737
0.18574716845787595,0.19829904791651753,0.6845578427336904
0.18068106407375215,0.19560912540451164,0.668072431710479
0.1940258599391681,0.2002960320206298,0.7190649684180161
0.19471427608591213,0.2014182885901715,0.7184763464074716
0.17303173726207002,0.20616266475510386,0.5967702125320157
0.1865261057477135,0.19589580275391877,0.6969322661762971
0.20073538799009874,0.20731734928052356,0.7270756090274765
0.1837498324978486,0.20134143371914687,0.664293633095002
0.16079728620073658,0.1987808117616348,0.5573842123836257
0.19149308750527727,0.20311634802830092,0.696611025546612
0.19369820699730886,0.20600795894376486,0.6975371618362325
0.1911152707491789,0.19859482929087222,0.7105687054041785
0.1658524868631497,0.1999970595230917,0.5792709509800236
0.1723749651282178,0.2027445307943476,0.6035919422770911
0.1879527840986091,0.21369372661208377,0.6455630976431681
0.2271343392509827,0.23726095197807137,0.7465802432899038
0.18880763179991494,0.1971929191027194,0.7039179318990096
0.18582859572761712,0.196890996220901,0.6898669737808875
0.21290604322329731,0.219566077919398,0.7419454078106711
0.18397123823716935,0.20199723254488755,0.6632330381427302
0.18024483143003023,0.1952632141627503,0.6670218555424998
0.21402373721645496,0.21928650850926643,0.7479882749354085
0.18648678621382947,0.19598863200122904,0.6964015454374597
0.18171191899904032,0.20129363914476736,0.6543272780930505
0.1982033866049629,0.21276539172840944,0.6965577691043918
0.19198503021699675,0.20502074048930377,0.692539837082504
0.1799388822970852,0.20532073576336743,0.6328580589485129
0.19291277293026507,0.1997712480000216,0.7153820900705871
0.195436279644566,0.20178276019623173,0.720756716297917
0.17305443368606688,0.1949457954864196,0.6312238403450929
0.20833261083149945,0.22258891845868614,0.7113229711877457
0.20792769989230644,0.21534430960635914,0.7333729884991714
0.18018499591424894,0.19746794035198287,0.6592715540669368
0.16415342441244976,0.21248888314021327,0.5372206899742811
0.17666797252206962,0.20254856228910348,0.6253708794105027
0.1771383705971784,0.19458570452489676,0.6533798097224114
0.18836660063663457,0.20613326154740474,0.6712482963590727
0.18650760950773376,0.20535237509298387,0.6647481405848017
0.19771042629533966,0.204833573530785,0.7211240996737278
0.16243401539326643,0.20527836226945226,0.5477148889452041
0.2028012084426009,0.20998220041051027,0.7276864807773142
0.1782597589280143,0.19639323812461482,0.6530762471905031
0.1802570506196497,0.19550754097034967,0.6662507746409857
0.19867120549124118,0.21916448002834082,0.6783544736447077
0.1645290309710732,0.20188459758789928,0.5672994985227041
0.18382483980880904,0.19784324575077644,0.6764185418661625
0.19512230934751784,0.20224291826775093,0.7175643557288336
0.18311678732125342,0.1990331250623881,0.6688172497895875
0.21056253459828536,0.21288219913468612,0.7542318486511913
0.16288332042463988,0.19644880528667744,0.5746195313323968
0.20090560784601702,0.20656831348910226,0.730536088992072
0.18915581603041465,0.19679046960154406,0.7071268050336662
0.19348542490326873,0.20684678760199351,0.6936797354540393
0.1849295888349553,0.19834374929316445,0.6802815279826184
0.17377415803055607,0.19652541019689096,0.6298124904385224
0.19414980893007927,0.20650718688615058,0.6980377346845099
0.2070182937594696,0.21056396048245238,0.7457035543960283
0.19220040021445473,0.2004172159902613,0.7095218816998464
0.16720692743396687,0.19710627685082655,0.5946382292161659
0.1835019297300091,0.20728823327237267,0.644040077058258
0.20301124438315854,0.21417383823633337,0.7144254669158796
0.18948483429440113,0.2026926211687395,0.6881594085177942
0.18867021172808357,0.2028813343933517,0.6835040401460791
0.1686682795071014,0.19755330479585254,0.6006899233081963
0.17438376862321014,0.20092106835904275,0.6190678241912309
0.1854295838709536,0.19697243780932472,0.6875560122886509
0.19327221654765575,0.20343938730203348,0.7042501378307271
0.19147409664463133,0.20092641423522942,0.7041090002183794
0.1946753405935764,0.20122548993072814,0.7189712428747514
0.18094052632345425,0.19421163244881415,0.6742156722150233
0.21262792442886147,0.21903796116439614,0.7424645644268172
0.1583680211567563,0.21877225487426724,0.4953462733153139
0.16155936206982896,0.21439168963813524,0.5203530148865676
0.18888123802744727,0.2031266302558322,0.6837175305499349
0.19835264605068703,0.20243398106026808,0.7328445811008375
0.2085496394894453,0.21283931404826814,0.744926472810794
0.1897308415667748,0.19932616274821074,0.701016061515633
0.18945338994886457,0.2068242834872168,0.6742602348117589
0.1828569493934524,0.20006621588075665,0.664064888759818
0.18582355435065032,0.20132736701720158,0.6746402953705019
0.19617880782945996,0.20792803466003199,0.7030259679435066
0.19265878616138798,0.20195046256449978,0.7064048497330133
0.1694186248656417,0.19968262983235024,0.5980421279803021
0.1924863890817796,0.20480756449072393,0.6957086250016562
0.17841346466080468,0.2003311160194395,0.6410060863852215
0.20263257603047435,0.21483337666023633,0.7104695667092088
0.18373697922155846,0.195279493125595,0.6848490698178167
0.21271470438945358,0.21634382694516252,0.7521116118126979
0.1712312868557471,0.19523456479879508,0.6209519660654643
0.17895730073812693,0.19680754076711868,0.6552457300948719
0.1833867989757272,0.20340465674142727,0.6557706254743794
0.18867689401259055,0.19841137224596395,0.6989362174295001
0.17917124519474786,0.19612138768405094,0.6586290598904038
0.19344655023348445,0.20594843681083178,0.6965168197185362
0.18355240323467548,0.20004710111023014,0.6676047915389952
0.19607145814103133,0.20756448544441675,0.7037401308238134
0.20181564520114323,0.2077168538176612,0.7308778388026742
0.2005670664522782,0.21589114139599536,0.6974212349737066
0.1769280801094037,0.20567716170466882,0.617122868953527
0.16477199997972103,0.19973407483968714,0.5746240348415295
0.17850667972183096,0.20339473471182545,0.631809274236633
0.19500402705029574,0.20062107692624617,0.7227756388906397
0.15981324050954776,0.19944611686793268,0.5505910179352493
0.18700479832894595,0.19640390427333437,0.6975665724968331
0.19283999019717968,0.1997103651273899,0.7152357370438228
0.1728655753532806,0.19540050179045546,0.6287884331281799
0.18938208484523494,0.19904785764506486,0.7002440844843263
0.1877020156648867,0.20174692731781574,0.6825482672554518
0.15536502284298886,0.22062352618569356,0.4775783646677174
0.20810642423609998,0.2114217573586856,0.7478247565971464
0.2094076870714413,0.2131938813169415,0.7477122987148973
0.19435539714723987,0.20098195221599252,0.7182505471541203
0.19662092211991178,0.2009885079502983,0.7294990326321003
0.19653089826250858,0.2084265322252185,0.7030338061959039
0.1779912323322633,0.1943728401099552,0.6584831103968005
0.17023374133519875,0.196593676374908,0.6115849886540127
0.19009627023778292,0.2091640209214509,0.669791437459478
0.19186574787782537,0.20438522367488096,0.6941096099172688
0.18784213014201376,0.20304288316429864,0.6788818598013818
0.1874075887824312,0.1995143668263487,0.688710246626132
0.20405091743764633,0.21255567071674153,0.7247556224596778
0.1881519655570334,0.19981970073815894,0.6913831071044686
0.17895396987982123,0.20009443921741304,0.6444655352950913
0.19469463995451025,0.21151854167546646,0.6840754423151976
0.18216393431534667,0.19916695846905055,0.6635836352136905
0.1849684642772793,0.19581658837551336,0.6892596045972016
0.18523464520621813,0.19888029137457963,0.6799801240813321
0.17712930752261813,0.19607590371077963,0.6483678265236473
0.1856209677267169,0.20858950079204328,0.6501811798376489
0.20358892228721992,0.21045244470633928,0.7298034598815639
0.20672167519117007,0.2132509732270243,0.7349165765556726
0.2083351885466811,0.22012034981950243,0.719311906766072
0.18113678722944682,0.2103446846793183,0.6234376087485731
0.19974091294343307,0.207314608830861,0.7222882834349613
0.20977479127344964,0.2152222782866547,0.7423710618872154
0.18244374908312805,0.19591287140488686,0.6760339335204312
0.19210007866529094,0.2051903696329524,0.6925280115216016
0.17878048122170198,0.20058778762709506,0.6420155620895165
0.1767513077422006,0.1996133929776101,0.6349839850496296
0.1866211297059368,0.203389693854697,0.6717210057041528
0.19132560609304392,0.2099220153216737,0.6732290840314381
0.19062752019487117,0.20044535236473554,0.7015753597468387
0.16587918376935493,0.19689131793347497,0.5885438981545535
0.18063666235625453,0.2006159277495031,0.6511779190303005
0.19078274371222922,0.20062023757912395,0.7017374987242001
0.16573330682205614,0.19559893283204133,0.5916868008755194
0.18900907104183584,0.2006269230066374,0.6928734636339758
0.16834477726361471,0.20906860793865079,0.5660571351694362
0.21976586716475885,0.22350453310387397,0.75956341827689
0.19343220674647388,0.20008426607239282,0.7168589992707295
0.19239957059944526,0.2033489998845486,0.7002718020757054
0.15879607140217444,0.20513979292630666,0.5303508882903951
0.1877042737751506,0.19688953972338122,0.6993986271115133
0.18734611223469588,0.2018434007533114,0.6804587701262392
0.20208572594714583,0.20607271040726016,0.7380197292818625
0.20564735782981475,0.2215038842314022,0.7026845527783703
0.2130883251241881,0.2174745274873548,0.7499192066697143
0.18857402470424264,0.20437080176637185,0.6780519697850707
0.17960455270441456,0.1997112993488159,0.6489595387291891
0.18622150428032613,0.19580624738843616,0.695695393263387
0.21465434139893744,0.21735372670504968,0.7575409168041289
0.19545000080574232,0.20039165601420247,0.7258286282909592
0.2143997892362446,0.21839613953076226,0.7527595935966076
0.1579111607466762,0.21632052560672918,0.4988484585270411
0.16337103436636474,0.19816766548939208,0.5720965329353063
0.19186071490934542,0.21329486795949104,0.665092021512152
0.17525514654000096,0.19924986161655778,0.6286335434503117
0.20189264067236123,0.2072122507076343,0.7330292497361744
0.18871980957096218,0.20711837322940427,0.6697610038551054
0.1729337485485277,0.1939930394196592,0.6337018529958123
0.20455527069978194,0.21641886583157013,0.7141487878421187
0.19077860084873158,0.20083064800504677,0.7009816591598802
0.18563040064936542,0.19845975994367768,0.6834151199611295
0.1778748296950999,0.19580054280356407,0.6530872073393059
0.17268804083156047,0.20145201533863266,0.6090186818202183
0.1879686632551208,0.19868245707272744,0.6944179435259227
0.18475268946971823,0.1990784470735893,0.6768823619560733
0.18605747022619445,0.20164431332062427,0.6747399318415515
0.20794389550122525,0.21041531793390428,0.7506292652649871
0.17493151229622472,0.20781453927062332,0.6011682952246886
0.18919614916247804,0.20065318972031293,0.6937151079257756
0.18037341006162358,0.20648203833819198,0.6314031530824394
0.1779021049815973,0.19370718332918216,0.6602858127581309
0.17934680142410575,0.19588009235907305,0.6603366369002761
0.19379861259423706,0.2073049631112423,0.693657355984637
0.18192805420711497,0.2253571497581883,0.5854176552582236
0.16057500779888045,0.2300920934900684,0.48056848074031394
0.19609390728139148,0.2038530532445209,0.7166628360780667
0.18769619719422326,0.19780321119380032,0.696127208265156
0.19519058780898674,0.20701040709582982,0.7013685439581534
0.17435502269820977,0.21268978324796808,0.5846779323350398
0.19377138581739822,0.20218929146403114,0.71107319668794
0.1799794437977848,0.2110068099913389,0.6159964401296812
0.1718603719803965,0.20063303231230092,0.6073794059530105
0.18015176320984577,0.19841501462619357,0.6559572291192116
0.19156815028856516,0.19906022656917405,0.7111825035493456
0.19363719807486096,0.2053260101254584,0.6995567584793358
0.1900979839619072,0.20245498751868019,0.6919957155858193
0.1917875081302093,0.20850989664808545,0.6800037332017507
0.20466988359059746,0.21106470496762134,0.7328079017963937
0.19146322334500163,0.20112690898802268,0.7033530423988462
0.1938808355966815,0.20403210938476984,0.70518721798512
0.1864619961955769,0.19737021137549463,0.6914011757121722
0.1849783662315752,0.20246789042634653,0.6666655435948124
0.18985864521481222,0.1974537177683158,0.7083110249608807
0.18916666885583058,0.19777678567887672,0.7036552261588003
0.20480017616877996,0.21571274113149216,0.7176218491165447
0.19269599020183178,0.20169984497441304,0.7074670296347213
0.19397828682952994,0.21462286590567856,0.6708431844946328
0.19863847942885518,0.2088356180348454,0.7117486989410685
0.20521390090176816,0.20963914506701908,0.7403860612584934
0.22433884031969578,0.23008817584030952,0.7577044743085536
0.17557697031544522,0.19431735212361748,0.6462468170910328
0.1840774123923236,0.1953425912433332,0.6863706042749627
0.20195591118599784,0.2077523192212373,0.7314282302869438
0.18709455484900972,0.19654285977843997,0.6975300705584243
0.1768860957513606,0.19705045203089644,0.643926945833474
0.17886035173696857,0.19822155469298589,0.6500824389988923
0.1894534997485599,0.19843776986581665,0.7027568382917132
0.1907918767880936,0.20618687727472162,0.6828362631463868
0.19501519538972148,0.20488272629287704,0.7077961037204485
0.1813502893532247,0.21510751254800936,0.6106262296343969
0.16620167728081578,0.19939825062317956,0.5827617690609148
0.15971965169145808,0.21587176556533139,0.5082630950097665
0.18551321991304354,0.19646738450591658,0.6897491929962685
0.18937571595982092,0.20967181321828815,0.6647327259707418
0.1761207309712587,0.19661206327376202,0.6414699529176324
0.18054225667776913,0.20070667978215692,0.6504131143988687
0.21745807877937393,0.2283165270057918,0.7334470306441107
0.1692356193616284,0.20154768814905452,0.5916000349924517
0.19937887293185752,0.20338847700204338,0.7344510128287984
0.2071241396794253,0.21231664713809045,0.7400462554273098
0.18093626874397262,0.1941860955095238,0.6742824114178191
0.16069593372200863,0.1975017283379863,0.5604808355528605
0.17447956317617624,0.196047085453113,0.6349472775301575
0.18107639914910928,0.19530589805698378,0.6711338492750769
0.17890526133326715,0.19464122037653048,0.6622711319005392
0.17192981566455423,0.19465344263149906,0.6263943448222549
0.19328859560087347,0.19926924157714868,0.7190703114378952
0.19728341876460914,0.20172745684970883,0.7301109182888197
0.1999574167852716,0.2424038876020505,0.618626286355001
0.19270380781148702,0.20287344100109955,0.7034129608454444
0.1726777088984937,0.20681596030075322,0.5931733156381883
0.17016702236692458,0.2100032332661685,0.5722151059199119
0.18052843119468598,0.1989378156152763,0.6561267941491502
0.17962580311168833,0.1985834573039274,0.6527522728809128
0.188671128918037,0.19910525502736376,0.6964714663054922
0.19406034427499985,0.20074931352020964,0.7176131352523761
0.1806999463410375,0.1971897268904289,0.6628131617305939
0.20274425795183348,0.210692910379271,0.7249615455825097
0.19317001795138344,0.1994825555532837,0.7177069571536614
0.19077079632511867,0.22267787984069282,0.6321723398203193
0.1837793271087751,0.20975296579879796,0.6377946867130388
0.20323085910537195,0.2115710215253074,0.7242525843126535
0.18487364716033544,0.21328669667012326,0.6323584605416614
0.2011306457298891,0.21224849020876058,0.7120457986826761
0.2097351377131703,0.2199716761410298,0.7261622974166899
0.1930608753799566,0.20184866702708237,0.7087531341525376
0.19039628705953443,0.21694791809684297,0.6471428179221486
0.18113175196708642,0.1967093330893625,0.6666269968365709
0.20742693799997924,0.21979302214372315,0.7162508457481304
0.1824778943604184,0.19581319464602115,0.6765524386643283
0.178294940006215,0.20197143529821254,0.6352132905169804
0.17591426418365877,0.2029160066347571,0.6205240595449957
0.20074246204870075,0.21073262226369482,0.7153257071896209
0.17241006443040188,0.20113508011440653,0.608596294394665
0.19169314306322893,0.21098927294220568,0.6715656255284677
0.20460535653715295,0.20841684607539737,0.7418083492215527
0.19939740194436656,0.20292207614111513,0.7362304032434269
0.18830161232054712,0.1990822603077707,0.6946958112025656
0.20554284177901486,0.21003186279921174,0.7405678343562194
0.2113148092870938,0.21506404795659284,0.7500779922065475
0.1647436636947459,0.20122530667911376,0.5702248170888525
0.1996747005146072,0.20555674543293587,0.7281429767695922
0.18548039518868722,0.1972801076859217,0.686741287694235
0.17603185494206308,0.1999002971523367,0.6304735747642177
0.18896247799022384,0.19767711787038494,0.7029770541340057
0.18363240352544463,0.19821657374644272,0.6741737131244449
0.2028082825619531,0.20744408098750017,0.7366239703467885
0.19246614642435542,0.20440517668518973,0.6969791506003372
0.17951922468625456,0.20089382888682494,0.6447147998718277
0.1812428236078,0.19742915339799516,0.6647590862289172
0.16578094934855464,0.1951322443140728,0.593346065154669
0.19581039289177254,0.20248135584243207,0.7201176240899928
0.19699821267757683,0.20413648909881116,0.7200976823228461
0.18570193379059122,0.19900553901392123,0.6819002851026087
0.1820337872889063,0.19631692695242584,0.6725542689495262
0.18374275251179445,0.1966748154584404,0.6800197178273484
0.19334069138085042,0.2007409029351438,0.7140582177572526
0.20414231919358716,0.20746622366374376,0.7429754900412961
0.1914894726833692,0.24978238872461947,0.5664509551926767
0.20080664196623138,0.20734948971565373,0.7273065497920361
0.1944344179599489,0.20095639040233482,0.7187351328851832
0.1851090779282984,0.20529487381294828,0.658122024281041
0.1906089978383839,0.21029656760501864,0.6686224099600012
0.1891660857740008,0.20626281402191818,0.6747027399675278
0.19884485687225337,0.20663883097183253,0.7203140676523803
0.1940017993597003,0.20020179585931666,0.7192832548859426
0.19053653657009553,0.200817161700917,0.6998233387015038
0.16925792266013057,0.20796668898974074,0.5734472344559648
0.19725109812654124,0.20714873785094606,0.7108471895807341
0.1921542851274307,0.20302611028873008,0.7001773561305413
0.18717167450807165,0.19738640592652845,0.6949398255882422
0.19388497415676167,0.2120850866416462,0.6784304188246851
0.1838228835965927,0.19977568804669132,0.6698657124149952
0.18115811408554944,0.19848508788120056,0.6607958083181121
0.18848125519350045,0.19801815640225806,0.6993361503284924
0.19853595902369509,0.20517708536493903,0.7239402916729274
0.20167314131863795,0.20623732474978054,0.7354301240217157
0.19243229260527694,0.19954475200606575,0.7137862117313278
0.1799082848887867,0.1981090282302584,0.655741366505502
0.1840285064523497,0.19545355971457945,0.6857307006742233
0.20467304719479973,0.2144547538967317,0.7212386034085345
0.18540179558600595,0.20738778129852767,0.6528918663298667
0.20003962131682784,0.20912349761272156,0.7174689742167957
0.1684520381287853,0.22800055793148427,0.5195252117075123
0.20450071534156725,0.2086299595071842,0.7405490357498103
0.17726801597251682,0.19420735481906123,0.6553202688491877
0.19218031399912022,0.20000854348181588,0.710871203419602
0.19634969982797496,0.21718317249670843,0.6738537711994838
0.17610617526603822,0.2022625832173278,0.6234775273810245
0.17751850072915182,0.19559859357456122,0.6519397629540848
0.18250112197008816,0.1947899089316874,0.6802258017203353
0.1739843072995415,0.2116794441076291,0.5857172755825137
0.17749453578135738,0.1960663880131486,0.6502620723181137
0.18219649953897504,0.19490608493661477,0.6782574262982428
0.181216115053538,0.20402324040479858,0.6431429811289862
0.19869293556467799,0.20704283640644944,0.7181747417369045
0.18376499505442148,0.19684551692741856,0.6795430098809092
0.19772585569479334,0.20532916223786496,0.7194587173333875
0.17418431449947783,0.21778156203510968,0.5702241885814807
0.17833927782582387,0.20173332057743912,0.6361828450474469
0.1853002614790994,0.19578487788199872,0.6910659441259098
0.18918403353028698,0.19758614819318543,0.7044220194737685
0.19140682317811117,0.20490077420255753,0.6901234206090479
0.1968580014449174,0.2106164384057477,0.6972770148263492
0.19039909919706322,0.21755944642857256,0.6453367183169313
0.18790520377859515,0.196721437861981,0.7010176688284929
0.20824565619421667,0.21655070615485267,0.7307556692105968
0.16630241478641938,0.19815127521477763,0.5869375034824194
0.17280334482405446,0.19748562585321786,0.621834345125091
0.17130082260137786,0.20600187379189083,0.5888335885911383
0.19968188578216473,0.20732999590818588,0.7219499770233437
0.18724393721144367,0.19664985154282993,0.6979101999553365
0.1830707469897086,0.1959141872988611,0.679229762909989
0.17974188940985442,0.19730798575939199,0.6575602549005224
0.18880811792211577,0.2001824413969655,0.6934080579367933
0.19170752270547078,0.1985997460814494,0.7135332521893252
0.1837205990456127,0.20242912062845478,0.6605798544718671
0.17770443665321148,0.19598281771505818,0.6516103714708424
0.1941058610155545,0.2062709651099045,0.6986240692613843
0.18325385077458797,0.2043858548258568,0.6519719815645972
0.18416456634425424,0.19691028090412369,0.6813487123589013
0.1643533599136312,0.19698962995622213,0.5805044658393665
0.14792443881220346,0.2223873988551468,0.4403326776441459
0.18975666328880106,0.20919023533100756,0.6680840674406249
0.18635002394289096,0.21600983558522505,0.631221368108005
0.1736778696409961,0.1953946859530452,0.6329643461783644
0.1880265170969611,0.20023725940985942,0.6893148533082893
0.205383708948881,0.209329788833597,0.7422914331242195
0.1963144278971316,0.20822861969008483,0.7026624299526999
0.17905940035368229,0.19424070239608823,0.6644302597841172
0.19505367333055068,0.20253555168478268,0.716188699336627
0.16695148872041843,0.22097153543889647,0.5292604248240748
0.19066536644404813,0.20564881534401108,0.6840076671909923
0.20828076324289174,0.21711885387483207,0.7290051527912902
0.19128757325836226,0.19937696169621752,0.7086454325331547
0.17832505918573544,0.19649895257428518,0.6530572173773953
0.2174495450607884,0.2260118402196527,0.740888375131366
0.18345420430768322,0.1988553549756835,0.6711119462888104
0.19808343518692306,0.20513733958484828,0.7218746011165522
0.21133046681612677,0.21648096657031507,0.7452408836308716
0.17711197488110275,0.20597169382895889,0.6171332211631853
0.1951347521995935,0.20520530016682936,0.7072660992752172
0.16624435353431724,0.22890132128130367,0.5078360967233609
0.18770348168036677,0.1979874244425658,0.6955163039676452
0.1691414969884656,0.1993852001515185,0.5975443357778139
0.18158027660362172,0.19756198704844544,0.6660202125389438
0.20318017812960168,0.20899425093299018,0.7329396739181875
0.2083572772985381,0.2183268606318107,0.725322009578995
0.18490117771513478,0.1992341045801613,0.6770988230122903
0.2027922735290252,0.21820478301280768,0.7002242179084449
0.1856271626026272,0.19991962346448108,0.6784084536189792
0.1845920425635939,0.19768438834600893,0.6808430533624948
0.18912507279486862,0.19710406308469586,0.7058457883493067
0.1827148828757833,0.19620185457718817,0.6764201243753875
0.1785843376737996,0.20139089577732097,0.6384813830709409
0.17679605408025842,0.1992212286489706,0.6364585488209897
0.17881798911172808,0.19890954373845102,0.6476209571980754
0.18791647112035326,0.20672605010889566,0.6671460662442104
0.18436252589537655,0.19921914969059712,0.6744458356741911
0.18287448035494058,0.19559827585281594,0.6793233722311856
0.19591111053321375,0.2029738351848669,0.7188665987432278
0.1833087880377501,0.20354764444240492,0.6549267047670043
0.18351269007699794,0.19699182444931054,0.6777575183652006
0.16913411698276112,0.2093029622624738,0.5691946052505575
0.17962062202542464,0.21018458530466727,0.6166989926380025
0.16715644930516488,0.206976124680746,0.5660384717603295
0.16251098277416154,0.19820693932247083,0.5676440146785825
0.19086554017525642,0.20182343700582112,0.6979642318309816
0.19048508458917762,0.20671319371359792,0.6796135363465012
0.18466096261704545,0.20405411870919707,0.6599276871688847
0.16967999839082523,0.2036132526308927,0.5877809859841465
0.20740491832381647,0.21351661527680824,0.737202199087658
0.17319748824239684,0.20011600372518262,0.6156303641341087
0.20537965650559578,0.21236461935170575,0.7316645163395374
0.1923989427464364,0.201031519360869,0.7083413745225591
0.20596382539557972,0.21416573896489768,0.7282389151009004
0.1933847153242545,0.2161436725101967,0.663376881030326
0.16814331120213993,0.21825792598580215,0.5413013555797522
0.198191793141678,0.20599210788121508,0.7194051979269638
0.20547541499830996,0.20873673529333922,0.7448397369050506
0.1680405682752557,0.19635265671486016,0.601166137755254
0.1653303107864109,0.20805480282983468,0.5543265967320065
0.1941451809582115,0.2119561183225249,0.6800708660783819
0.18938831621381136,0.22448586077875016,0.6209224747174182
0.17388857041187736,0.21345875114999868,0.5803864669142571
0.17914239294696271,0.1998079752185226,0.6463325240432694
0.21147013994328004,0.2148691485859749,0.7514812666494627
0.18734548411979418,0.20250544150291477,0.6782310791279024
0.1721189493759979,0.21920641809694252,0.557095683767761
0.18602576091127718,0.21264751667034668,0.6396771664263019
0.17766075136379678,0.23863177193182328,0.5349696326282539
0.20635572568233773,0.2132820328867769,0.7330937518086246
0.17391800984007016,0.201304958236568,0.6155735602619642
0.16648204667716376,0.2048663687801073,0.568575737300198
0.20555768496512417,0.20862452763921263,0.745634689868009
0.17209181292730258,0.1994764710958148,0.6120612233442713
0.1907255381940649,0.21586372784295701,0.6519184098240169
0.19010053929822662,0.20029678486745528,0.6994647437348382
0.181501604709932,0.196010242931412,0.6708914939508906
0.20035902850689222,0.2086131425253905,0.7207553018314359
0.18456109863263326,0.19626612091423187,0.6856053301804256
0.18527207431641712,0.19718675349087952,0.6860099470255433
0.20216196103093234,0.21907132071062868,0.6945772752788717
0.19011865691855956,0.1981352470124867,0.7071869292884024
0.2282973286546091,0.23970548951341072,0.7438182955949116
0.1919793335644702,0.20019826506259478,0.7091936262288705
0.20629429181954761,0.21549246374570621,0.725288899216374
0.1935218761562975,0.20908805287383314,0.6864183495118239
0.16523887360815906,0.19947053205126436,0.5777237992153268
0.1984177734725003,0.2066080710663528,0.7183541896813677
0.188692570459361,0.19785318750460806,0.7009872937029675
0.16675461329868094,0.1983915759951739,0.5885059015888917
0.15885954183251197,0.2066237718460283,0.526849069010471
0.17646039507111727,0.20374464967013095,0.6206808143225389
0.2098935262712185,0.22959687157128972,0.6964098647205288
0.17800183434038147,0.2079239962317619,0.61561838296771
0.18266409002089445,0.19930144027015287,0.6656454155126448
0.17985232226390813,0.19760962807895033,0.6571153618690516
0.19830574029330533,0.20396340881131553,0.7271193453650379
0.17759730219489517,0.20131421743444716,0.6338216138979056
0.16001978271512382,0.2057593636866222,0.5347012196377479
0.1802654926730609,0.195406122784444,0.6666397696082386
0.2106376946758388,0.21803886285523402,0.7367388206500302
0.18660554211956923,0.19655968977793367,0.6949824873752163
0.20422782975921716,0.21197122539882718,0.7275885180596333
0.16521356295862566,0.19954394842342152,0.5773844001229678
0.18047568205507092,0.20776279704789535,0.6280031069517826
0.18726045515659037,0.1959804601396977,0.7003782676025412
0.18871193769959632,0.19876849187835463,0.6978567698973506
0.2181749856907765,0.22366474764324118,0.7519065362907604
0.20698084180088894,0.21435435847683762,0.7323426634119583
0.183857925325927,0.19926930276060828,0.6717438334530478
0.1736797417044398,0.19655163268454504,0.6292481014540299
0.1920555390004311,0.19894048279249105,0.7140604918939754
0.19204400226911522,0.2028264311602511,0.700322938467954
0.190599580736098,0.1976081348051659,0.7115070484052889
0.17683840281178825,0.19804183670791606,0.6404626664761605
0.17968353154286426,0.19563861202179333,0.6628728869146652
0.18921604814814874,0.21273738628209307,0.6544033024996655
0.18917156370750177,0.20096855964283142,0.6925041606251371
0.20817173710941717,0.21300300199982566,0.7425798492245975
0.18299897516841987,0.19674083330604952,0.6760110391599643
0.1785374066618465,0.21495762589330328,0.5979662555709818
0.1943202531713807,0.20102655760802396,0.7179163533844454
0.16247956170718583,0.2035435800721842,0.5526067767271086
0.1947552767615,0.20077545532872174,0.7209809412435295
0.20741410523535972,0.21082645511394418,0.7466525258904675
0.18277816040528205,0.2060379523071545,0.6444354494813694
0.20573372591168843,0.23330073395054074,0.6675235147125754
0.1704412024361774,0.19754703530603007,0.6096836748250657
0.2125599893385042,0.2251698697181534,0.7219437908898806
0.18859298235153976,0.20795750022060783,0.6664485878341295
0.1759918709138643,0.1999954118962659,0.6299738064951914
0.18333644743131952,0.21423770028246275,0.6223762076213543
0.19152654994242685,0.20596636077639124,0.687134294206791
0.1799857494268148,0.2012386906353312,0.6459282209421878
0.2108299091693323,0.21375724190500411,0.75239513635195
0.18343093804445854,0.1967360040986926,0.6782232802569423
0.19712911112043013,0.21051757999104193,0.6988922783868733
0.16646447593076605,0.2014471259674402,0.5781391785633623
0.1952949769513897,0.20619035098570426,0.7046642883956457
0.19995263852837944,0.21010070042290233,0.7137179372869602
0.18612004606107282,0.2039910994362384,0.667284241504958
0.19232197420318903,0.20107315470014486,0.707811912611756
0.2120682548386231,0.21495537718390367,0.7539623198165759
0.18231848414660726,0.20568141258379444,0.6433176556131478
0.19419791932848246,0.2027952522897368,0.7110517514604563
0.1780122102903576,0.2142717324540467,0.5974292960823072
0.18480495264134583,0.1959167238536687,0.6880727177840745
0.18781606292889005,0.2009424799028099,0.6858483233388366
0.16747548462826045,0.19764484536362217,0.5943766679678992
0.18392520789753924,0.19591816194269954,0.683577298651406
0.189428156122994,0.22034799697306742,0.6327634380086329
0.17804189097694062,0.1962205828862774,0.6525405698705382
0.17739424346156826,0.19867845772075252,0.6412081356128907
0.16709320998142124,0.19496576629673787,0.600583436802979
0.20365767185454026,0.208141510380249,0.7382365563400907
0.20480307336016904,0.20757630706935312,0.7457646566014295
0.18092655111305608,0.1962296051032178,0.6672110003186726
0.1799328410275447,0.19820172833594754,0.6555585671145684
0.18219338352488224,0.24902018650074226,0.53085408609831
0.186360228587271,0.19967542089035625,0.6829094336160069
0.17035179479310653,0.19618063524228185,0.6134743862179507
0.18584255592370177,0.1968103494884343,0.6902205919393718
0.180538325554838,0.1962085324693453,0.6653040207373893
0.1916581178241508,0.21166714748700893,0.6692494300885546
0.20740368289386318,0.22353426566760662,0.7041590801471171
0.18621204775296052,0.19898117115021965,0.6845474220780822
0.18112531988267155,0.1959257587615854,0.6692602377119435
0.18656644522162597,0.20157430883643304,0.6774992607438007
0.19427951845809047,0.20855274622066905,0.6918130836092118
0.18380446748682122,0.20077020954499783,0.6664557844017799
0.17686825216807922,0.19470097400742487,0.6516056368739128
0.15302576646022925,0.20533405550826647,0.5017470979434367
0.18558260702639584,0.19553314005926403,0.6933996302892809
0.1908011595974837,0.2031292331909558,0.6931604938670776
0.2145279552883296,0.2214086889569965,0.7430961994462888
0.19412625301317993,0.20056492565391434,0.7186014830024547
0.1814162500732351,0.20171637878183654,0.6514902303266432
0.19018436496513544,0.25227407339878205,0.5556828059121997
0.17070957468302664,0.1953538061974939,0.617902343612362
0.19520447818687087,0.21270359657298216,0.6826611327987057
0.1844234700496305,0.1956768169646429,0.6869667655822491
0.1649622279686787,0.19806080603738174,0.5804390594420831
0.1941668368061818,0.21337592689645463,0.6756471496249994
0.16839443569188853,0.21725857939780904,0.5449471133432371
0.1797067199157868,0.2102589340343167,0.6168904094920274
0.19701837437098313,0.20468624224665974,0.7182621203911536
0.19897543627020292,0.20785164590182179,0.716739266719933
0.17180951908062006,0.20722984111534842,0.5877991240306861
0.18965576016668959,0.20227175086843832,0.6904363044621319
0.19208823647787693,0.20657800468657672,0.6878188057506672
0.17331448186244774,0.20787596314961151,0.5932118364916315
0.18934067598479792,0.20728186848226376,0.6722280004761764
0.19389631113277703,0.20217585042063776,0.7117383744566572
0.17411219345734388,0.1935471941981188,0.6412502850870581
0.1830213385716456,0.201890106083799,0.6588799280556726
0.1794616206795847,0.19548911879097872,0.662244637861445
0.17569031937426347,0.2018911250017656,0.6225648570394774
0.17500392347562405,0.19697341381470784,0.6346233283706744
0.18388975606799413,0.19931340302468833,0.6717549047687958
0.18383440199995832,0.19796196865303042,0.6760611793800202
0.18906068416840535,0.1967856814314729,0.7066605819937704
0.2031671807329614,0.2292505489289651,0.6681213259839186
0.1662897579709592,0.19775204027788018,0.5880584483859151
0.18145070702462218,0.2157141385095603,0.609374554365598
0.21308557078779494,0.22097887995013496,0.738014288173585
0.20632999139484798,0.20981378584047464,0.7450892264710796
0.18030900932195948,0.21052161566909855,0.6189816133977492
0.20062819659363815,0.20476513132209395,0.735614484854363
0.18589182109600524,0.19953193713701414,0.6810529835265987
0.18807825535984848,0.2005903814936973,0.6883593038292666
0.17096218136795696,0.19631148111153282,0.6161747681952093
0.19565210999336752,0.20312181571772878,0.7170677825949288
0.1899802721582916,0.2089673943192265,0.6698665723153558
0.1540141415766257,0.2032453472173613,0.5117664094193876
0.18950734097265454,0.20098997458658197,0.6941009931446005
0.2014808783283496,0.21087005307396564,0.7183612661927654
0.18440299520115788,0.2020071751186259,0.66533772932685
0.14935182817521084,0.22231548212920713,0.44689567826620696
0.19233510478491833,0.20342940010477245,0.6996781424494756
0.16635373371193984,0.20200764714966465,0.5759867774992448
0.19046767439297935,0.20149449417382667,0.6971290951096645
0.19712432932168025,0.20250278397223906,0.726529909543611
0.16677454682767962,0.19514906524433906,0.598386401090215
0.1712831365011407,0.20816625538549807,0.5826263064421242
0.2028490625023055,0.207109852413913,0.7380096152878026
0.19197931849114652,0.20026721284598487,0.7089493905342132
0.176462623823821,0.21199770281373473,0.5965282743414135
0.1568949898467057,0.2196044935310701,0.486761396034831
0.19761365684347257,0.208562339702374,0.7077675531168406
0.18254199146688385,0.20462434705865298,0.6477332407999931
0.1725417240229634,0.19674008728153794,0.6228609823050673
0.19033707893569335,0.20246470341144052,0.69314342979826
0.19887475134793114,0.20329415858358157,0.7323119974778979
0.20691240897074406,0.21106137071502906,0.7434444703886819
0.17814107726365136,0.2087854477632998,0.613745252058587
0.2111781769886658,0.22824699333450335,0.706156846291745
0.18042274053594357,0.19467018748180137,0.6699677142301825
0.17563867073604,0.19733771612188836,0.6366683126019232
0.16830674914619756,0.19504375808453178,0.6065651641870207
0.1564810735198122,0.20733432893944356,0.5135718434302902
0.19594474266384831,0.20914450308550328,0.6978177313327839
0.19727709769422797,0.2033428063052807,0.7242798521877352
0.1954890505062298,0.20130569725071765,0.7227269396406073
0.1680399041910126,0.20052458640960336,0.5886555175328841
0.17699480079408972,0.2046767993471967,0.6204650512375185
0.18316603079579763,0.20303537888991718,0.6558759932573047
0.1880748389211215,0.2054703990614144,0.6719938227201836
0.1871931734039433,0.19850828763242132,0.6911206329983791
0.18570829458955482,0.20381101462468976,0.6658535842111206
0.17088424028191102,0.20230816789893347,0.5975252583093966
0.20892092092551043,0.21294029191171066,0.7463168172578736
0.21173143565211672,0.21592107467509933,0.7490303384951061
0.19571001445531896,0.20700073233909963,0.7039106229664112
0.1925495721733989,0.19939537926946216,0.7149091051942481
0.19251402901158113,0.22681464856731934,0.628328152135564
0.19286519304269545,0.1991786247279636,0.7172717114490547
0.1892028730486191,0.1995473166377115,0.6975933096677474
0.18560011664087084,0.1959598151664108,0.6919792026019111
0.2171843312855566,0.23143391781081263,0.7223847432000986
0.19209337666689666,0.2025396632552671,0.7015582744788703
0.18879892555392463,0.19960202111209835,0.6953783572961613
0.18105282404300446,0.21431279705967907,0.6115025600011675
0.18432315664972695,0.20899572058663254,0.6427076892899706
0.17818636638715715,0.20166181843378933,0.6356501562007086
0.20421437196946765,0.22258907296507174,0.6928209454094212
0.1899924476855496,0.20208265074783358,0.692748472803029
0.16520958537411048,0.19859192631963535,0.5801322717857105
0.19259028812787723,0.20229983763657206,0.7048462806185641
0.1858871034267804,0.24472241807865938,0.5552703528088839
0.21008438928009893,0.21555908184105685,0.7426473888868095
0.20589481395614526,0.22878795022899115,0.6813943382949669
0.2059604176587522,0.21930385215028309,0.7111613231119929
0.20822375023308626,0.21279448752306127,0.7435519222082246
0.19202969632275482,0.19865108417838406,0.7149706577750939
0.17308091442399415,0.19398241808397562,0.6344952065228511
0.19391441750290003,0.20591853374186228,0.6988900653464729
0.17308676044226842,0.1940735639675804,0.6342273410449133
0.17135383236990026,0.1984306530691911,0.6115679734601548
0.18781578147684297,0.2058869785969084,0.6693758994184026
0.22991389315962213,0.24128744369474925,0.745641341317494
0.19861976999358413,0.20732971389691793,0.7168281246337718
0.19236336746293153,0.210379531955045,0.6766978048670271
0.2020422371324404,0.21576882529277386,0.7046534035958917
0.16893775290294255,0.21128398842917714,0.5629283779959064
0.16249475826793264,0.2058964922608001,0.5463655890040149
0.19881199224382415,0.20720223640074525,0.7181968439568874
0.16805281548712034,0.19564079719079722,0.6034161441899576
0.17085901455828761,0.1950455627164227,0.619645035114205
0.1859376895895725,0.19880048717970927,0.683789519422501
0.1967736399462816,0.20371386988865703,0.7204891842980697
0.18387181491316074,0.1999108085194482,0.6696577133804004
0.1974900236798512,0.23259029631850894,0.6341194194872106
0.1932969170045258,0.20264686982838978,0.7071262296125072
0.1870829583043429,0.19949021118378002,0.687166340097036
0.20362756663981119,0.2095846184877461,0.7330097396856126
0.1945301287944225,0.20450654861798548,0.7067261648642957
0.18319425148933222,0.19640785904862074,0.6781513333250072
0.19308044905102445,0.20283649101741966,0.7053979702238917
0.1718059198088421,0.19769074042572224,0.6161437786440376
0.1899707369960651,0.19742325379595366,0.7089880969175573
0.1837172128694755,0.1956511304836497,0.6834471773248971
0.16930811680823193,0.1950055944473591,0.6118189436890162
0.18858756686719919,0.20143458937375006,0.6880028266151356
0.20129409889461447,0.2047334345880304,0.7389809055812118
0.19970578304981665,0.20582067797789197,0.7273602658421772
0.18778915598216356,0.19853859750575456,0.6940169705700163
0.18737564848514662,0.19651223605766088,0.6990691838895857
0.17175801984731473,0.20774229294567503,0.5861012609461986
0.1943971936077809,0.2042011482302532,0.7071321334832137
0.17081979393842736,0.20007286302675895,0.6038789674453161
0.1891662033248105,0.20252987201017125,0.6871391461592462
0.1748715328534483,0.20342740233030748,0.6138383099966686
0.1619361188243652,0.19744273212814872,0.566929547711657
0.17742528445310088,0.19770264178844468,0.6445300037490375
0.1910288450190583,0.20278948809277797,0.695444553588184
0.17314195196358068,0.19439304416202277,0.6334689211458836
0.20153085383343675,0.20649157484183067,0.733835527912008
0.18326548826472072,0.19558190473158882,0.6813794376714482
0.20421996420962082,0.2401404521261145,0.6422073534226093
0.18709861694870303,0.20887949695534036,0.6563526767685365
0.18458799844123452,0.2098277560754358,0.6414213303260432
0.19933893686459597,0.21051679888999492,0.7093920183663476
0.19653588649533432,0.2028544763163938,0.7223694993389306
0.1840296941748416,0.2076336378021727,0.6455105039509119
0.18796278537037675,0.19999502697011068,0.6898310796047711
0.1789989480776115,0.1946274076601707,0.662799497914755
0.17950441704576625,0.20025308302419734,0.6467037365418127
0.17947538405325517,0.20186874650863143,0.641383999715474
0.18241454837946966,0.20335574342585855,0.6511473251196697
0.1810492318778438,0.21265030946375638,0.6162663586444463
0.19053673361088908,0.19967545271987644,0.703825791786471
0.20469550714563978,0.20960414720895437,0.7380364806972252
0.2012714360946212,0.21044762181045304,0.7188080092958667
0.16636924761982919,0.19556030698505808,0.595055558123666
0.18507485519098593,0.19887385788375325,0.6791986469631447
0.1827808050820244,0.20175960717665717,0.6581139155656853
0.20069882047241444,0.210464767650236,0.7160287308650896
0.20093699909270168,0.20695692170561256,0.7293160231065051
0.20354522993832475,0.21182369895953898,0.7248727630219216
0.1951264994395398,0.20764623179804284,0.6989122710432335
0.20254281750096517,0.2086893503166073,0.7309564061105132
0.1897676354168837,0.19877918810301412,0.70313012519425
0.21162115914886656,0.21537676485635687,0.7504113048436677
0.1824293069668611,0.20413735740143849,0.648726468553413
0.19767857674083902,0.21544050423218508,0.6854726657234448
0.19687103819576263,0.20808990264415927,0.705805694219181
0.21777206637742513,0.22866343603481215,0.7337074491956956
0.19577904166669927,0.20148459220441597,0.7235245140670572
0.16813379519790508,0.21703099031352624,0.5443176342108895
0.1979483687132072,0.2040768835770579,0.7249638769466167
0.18826657660778387,0.19886046969717072,0.6952944283916224
0.19370338179295482,0.20128935524602465,0.7139144621796532
0.18702996135498057,0.19996121244391743,0.6852827089824383
0.19784691556376813,0.2038160638717939,0.7253938318461887
0.1908753498066373,0.21669296053968679,0.6501150266062119
0.18027955323712264,0.19804033106892893,0.6578435439586202
0.2048985797070652,0.21472200355112947,0.721391274044166
0.17596272781565775,0.20696336933735535,0.6086232951220244
0.18162585927234767,0.20232356874530213,0.6505710634140045
0.21182641897620852,0.2178380891106262,0.7428747637151147
0.18277163941707286,0.19475030298475046,0.6817531853979673
0.18065569786410518,0.19849068602351186,0.6582459886738897
0.19474206097087315,0.21375059641772565,0.6771539513649291
0.1710879016492418,0.205305758079602,0.5897930130254462
0.19403069495194653,0.20054381925826845,0.718200618122556
0.19174531775089612,0.20895086365063684,0.6783667474468661
0.18757653686394302,0.1972296966632145,0.6975447368803998
0.1891328572761331,0.19718545312378846,0.7055939222290841
0.19935296651800966,0.20394097909401354,0.7323342624983689
0.18756925202416772,0.20545383057095398,0.6695871848281643
0.19553308080728474,0.2143065663609485,0.6790882952329553
0.19625882112145854,0.21258462911225326,0.6880028049639845
0.1871246184607614,0.19611638971556375,0.6992001976970884
0.17588282122478424,0.2028394767453765,0.620603164850422
0.18251351926419598,0.19720338403954812,0.6719637186227041
0.18484444434818958,0.20380251843403077,0.661642679316731
0.18591148625378065,0.20481185779298436,0.6635918824151018
0.21195916448156338,0.22157788624361946,0.7309355966303119
0.1749342010190718,0.1965694740553032,0.6355727491234097
0.18423112751601087,0.2032523427076388,0.6604161395034491
0.17145897363303156,0.20539971655290507,0.5913298015761731
0.1855636077714882,0.20005193806328825,0.6776420617759844
0.19367418562117145,0.20467877195157122,0.7019496172039082
0.18353527636290834,0.20671389705448112,0.6459908030649436
0.18750462618803707,0.19840325058592134,0.6930563172829103
0.19576744548350355,0.20695856997577838,0.7043315263560412
0.18321527286537595,0.20361047925393227,0.6542653077263123
0.18686992772105238,0.20266221129133682,0.675359885046824
0.1757048116745773,0.19472015491925854,0.6455665142968959
0.18173272245619213,0.20045933668746213,0.6571543367998754
0.21254436466796833,0.2235087333082488,0.7272394338336554
0.19919279739044676,0.20937060925403383,0.7125775576715639
0.19190275327260561,0.24480111115251665,0.5796654786595187
0.20488574074820665,0.2145363999527569,0.7219555319391678
0.19947965267123066,0.20517630495696662,0.7285424732772251
0.1747571808709197,0.19609452917966513,0.6362093904038244
0.1680401892688813,0.20196328789487128,0.5844635948406882
0.18744254804080585,0.20579718861703628,0.6678543519686746
0.19770201657036285,0.20474290014084137,0.7214023854734868
0.18775077469010298,0.19748898666177647,0.6975111727420916
0.20154909659502776,0.21021108332436372,0.7209377079379858
0.17445019534050193,0.21446860055003159,0.5802723336718467
0.20121825289006465,0.2069065895973833,0.7308527639661847
0.1737329509812749,0.2041394418787347,0.6061197671676607
0.18979630320791602,0.19704894497464015,0.7094496406763688
0.19273793474506992,0.20115202027947085,0.7096022925683607
0.1797493609955535,0.21460483191680543,0.6045966432193506
0.21014516703763905,0.21785333000750814,0.7351054355337132
0.17861410900682032,0.1972026759008047,0.6521925142208249
0.18646889448359005,0.2122231506869717,0.6430443334849982
0.1927211888170614,0.20097143993514527,0.7101565718149725
0.16269519707693308,0.20597969060356336,0.5471180034629274
0.18142723076811632,0.20849136502719967,0.6303725372557774
0.18575749773308986,0.2099745130014707,0.6465427436526023
0.20933663828784088,0.2171778439864367,0.7336689386132402
0.18683088027996736,0.2094200706896401,0.6533799737024744
0.18849822518224144,0.1967378100626048,0.7039736039461316
0.19500978209410064,0.2003609705235234,0.7237426616331736
0.18955036096694144,0.21341493863127445,0.653892187032175
0.18386806909290737,0.19877064863368282,0.6734800636466941
0.1938183699624041,0.20757051851000982,0.6928651091434676
0.2008023582908816,0.20718763522266648,0.7278540446142595
0.1787993022654431,0.19863605550898292,0.6484185458446059
0.1873505527291384,0.20776570512343165,0.6610838523496441
0.19474911770511122,0.20307419643798677,0.7127893166343937
0.18527685075848893,0.19721260300835977,0.6859442484654726
0.1928895210038353,0.2004891278476674,0.7127045867165597
0.1737202816452691,0.22307526209403164,0.5546122886235498
0.20387144706973206,0.20782858537708918,0.7403767233970437
0.19206033619876742,0.2068458530634867,0.6867932525346068
0.17998286286211151,0.19906487630344094,0.6529673404763505
0.18758240100022466,0.2051642662798888,0.6705963153083017
0.1979431610533765,0.20741948376827715,0.7132558541060404
0.19803693995401164,0.2064902107000163,0.7169198939366472
0.18640613503271328,0.22155415818717558,0.615678514674833
0.18479633094405165,0.19769984863971687,0.6818231367981521
0.1788922805022433,0.20671836539149469,0.623516349203613
0.18997130413292118,0.20332090007040673,0.6884255582404534
0.17967778241252352,0.21484422109802023,0.6035898091639129
0.18726869555025566,0.20275385513615704,0.6770213836776343
0.1799123578369646,0.2017234541158788,0.644012162127351
0.19186306213137705,0.2014505751369536,0.7042077791782588
0.18561435307498064,0.20045997403233068,0.6765158667191508
0.1798085164187431,0.19751852732755643,0.6571966598529468
0.21607394756727702,0.22197657549377645,0.7481597875715188
0.1811872152937502,0.2004367794619083,0.6545067010452614
0.2028427983446865,0.2102818849217016,0.7268471956183837
0.18828520414430938,0.2127197058029876,0.6500817760268226
0.1910902769722126,0.20668474119759203,0.682635187071354
0.20263669930706474,0.20612317680581346,0.740512065030233
0.17959712751703952,0.2042790780119899,0.6344121423410427
0.1959559688300462,0.20597410483399067,0.7086131965359558
0.17518170062308125,0.19774223578134484,0.6330549471560643
0.18156949675930434,0.20335227630134653,0.6470028226501497
0.17092736694076444,0.19962960367965035,0.6057586886503017
0.19232865805176064,0.20620468312816007,0.6902299981387946
0.19609321319220308,0.2015390707290412,0.7248877980022931
0.19617111400668233,0.20409172345548413,0.7162030460219261
0.17412609169604568,0.1995581796844485,0.6220045296680905
0.19103638747195537,0.20254040043067317,0.6963370624925281
0.184289909861093,0.1975978014650811,0.679612368484901
0.1747866681283869,0.198316921586517,0.6292285455527703
0.19474049998458143,0.20105226167239287,0.7199148061334951
0.18219326033377506,0.19482508311461194,0.678522797067194
0.17810613609711298,0.20890209365906132,0.6132352905289145
0.18262419341998437,0.20034607885237213,0.6619754885131064
0.16905088591962764,0.19526904276975166,0.6096761894818349
0.1990987971023943,0.21739604814542285,0.6858395006456492
0.1573005578188863,0.20113711372667636,0.5334697104418838
0.17736913007389715,0.19934230011241663,0.6389468266497824
0.17668655330277946,0.19890113213922556,0.6369322886211738
0.1824038119350005,0.208843030133895,0.6339872192532008
0.20555804804378092,0.20799139103375464,0.7479061862639095
0.18797545903654853,0.196303353767015,0.7028685775807292
0.1889923506067948,0.19734788039867135,0.7043012082319309
0.16930489172374708,0.22008047427654973,0.5420966676663482
0.19810786944130673,0.21233162872581224,0.6975308875559051
0.18531293014059413,0.20054671741914304,0.6747202441503436
0.2176464800683505,0.2229186741574645,0.7520522033516535
0.1900542572284743,0.19808510051748146,0.7070408469016285
0.18629859762564316,0.19702514889992093,0.6917827413741793
0.184639361556283,0.19538730832727702,0.6890895970108754
0.1873363763682479,0.20718668289095565,0.6628629526374018
0.18684565607349068,0.20191430102129124,0.6777412762806768
0.18182216635945853,0.20029130626806593,0.6581522124731183
0.21015349852185455,0.21540802357134858,0.7434890115353928
0.15007780284217134,0.2229786652148631,0.4488223245292817
0.1711114787538986,0.19416815035654295,0.6237453389317794
0.20797392704741882,0.21782035432742966,0.7252486919103569
0.19121956074660013,0.1993100394080062,0.7085421344858126
0.2036293148357122,0.2074623187439582,0.7405167153526102
0.19067009557616071,0.23207920289641737,0.6061296911595531
0.19394041513940377,0.20952565075671745,0.6869823079873622
0.1923859622735563,0.20274332107285004,0.7022966848924902
0.18582694878570372,0.1954047740851854,0.6951055797976097
0.2132167532197639,0.22469388797371456,0.7263960523877604
0.19195626061438625,0.19961908233304426,0.71113572387607
0.17763265869781175,0.21395044397278054,0.5965524367598396
0.16061976180966508,0.20861811522272256,0.5302500297808099
0.188469833202227,0.1976429357200667,0.7006060332879793
0.17538664586139627,0.20106822372607452,0.6236024944061617
0.20289343931138784,0.2075857356115541,0.7365315293026226
0.17615876946919606,0.213144070577084,0.5918943422991938
0.16307907034142766,0.2153605111770551,0.5250687311401372
0.17322800812965375,0.20285464994792482,0.6074694770925282
0.20813236191010948,0.21797704910821705,0.7254541822501825
0.19801221356179083,0.2036497282315672,0.7267979920576582
0.18765561591312077,0.20364182393958197,0.6759692741406671
0.16686259165909698,0.2138570160048809,0.5464519885399962
0.1987295761633402,0.2085287737462073,0.7132328718546703
0.17834697346772502,0.209058011007708,0.6139299462817182
0.18058480705864977,0.1986283654596334,0.6574328231341566
0.20319394273603647,0.21517174039744874,0.711961256868901
0.1767247306423096,0.20495556293243805,0.6183034450452237
0.17684337358251587,0.19633178074731644,0.6460664345818072
0.2069393415383609,0.22106825875720768,0.709913501018355
0.17621054669562297,0.199061965942256,0.6340264253806988
0.18136324150761632,0.19969735815672865,0.6578116141352174
0.19436862394492865,0.20158305663176931,0.7161743965845605
0.1855790289796564,0.21021512004419554,0.64495374524512
0.1729032901949089,0.20066185120528504,0.6124895661865193
0.20383465197005496,0.20826954494956237,0.7386324870845127
0.19227428007648498,0.20163841095591037,0.7055911589562874
0.18952740644537514,0.2096453709324973,0.6655401253305082
0.1865991829854771,0.1997708007306478,0.6837795237636085
0.18935936123474453,0.19941980925826924,0.6988240624293234
0.2092614513255942,0.21479110306926116,0.741471360078816
0.18633578817174695,0.20211015210310593,0.6745618008450939
0.19905447671939044,0.21488988231286035,0.6936318970214731
0.20129643760879531,0.22403857799397536,0.6753142202717597
0.17728604238841572,0.20071745664921084,0.6341553171973006
0.18355790384266013,0.1965216817110462,0.6796090013062057
0.19731165298939687,0.20166350102995265,0.7304824732142133
0.17178127918490504,0.19509520092674346,0.6242146326840343
0.1723039614247229,0.198324898495703,0.6166848557715147
0.18539853535845716,0.19844393584057365,0.6823011990007793
0.17904524352321416,0.19399544890931716,0.6651972726614641
0.1813191753139344,0.20049067704100088,0.6549889364036576
0.1941561467280885,0.20459911658993135,0.7045785393932765
0.17958331292278173,0.2206644634430184,0.5872414203034722
0.17897318758040404,0.21114094313517587,0.6108393079301219
0.17434951249158215,0.20035433350874252,0.6206479805746559
0.17205256537906838,0.21781293457770398,0.560354992763419
0.19695462764770477,0.20187036106772532,0.7279653480106626
0.18065043361497987,0.19707708576794986,0.6629407630312504
0.21129505795494896,0.2168439041201865,0.7438302617238924
0.190199130863934,0.2021296366843515,0.6936099681555898
0.203388135312341,0.21122328714271135,0.7261895096287633
0.1828221291444794,0.1965076265075098,0.675913355146058
0.21209553741552944,0.21994728916002088,0.7369744725410012
0.18645507309792797,0.20026581770162105,0.6813697647655197
0.15986368657833794,0.19802388462386764,0.5548001787108471
0.19303497669135583,0.20947597523008252,0.6828228226852757
0.17725211709759586,0.19565676074785668,0.650384462112127
0.20822332069191343,0.21078104635502634,0.750652506133839
0.17215187133955373,0.196033423208735,0.6231175752590274
0.19387941933026998,0.19941534134402042,0.721506271085017
0.18811010288024937,0.20177798669604682,0.6844656602124537
0.18172277040305507,0.2108684595410895,0.6246679597779666
0.19174599929563432,0.20901521034137913,0.678161168577752
0.18183651312360866,0.19597099998327205,0.6727348083893134
0.2130226375413048,0.2196973466030507,0.7420328013148662
0.17095173610342718,0.19983605044097807,0.6052548368351109
0.17729723620223067,0.19606342115035572,0.6492656072986193
0.2011290738046426,0.2111097169635636,0.7158792876915592
0.19359038541608725,0.19965014216715157,0.7192100333986748
0.18363958099919236,0.19530655710663242,0.6842554749773637
0.19496305233788802,0.20379002564580448,0.7113353653031078
0.1912684498161896,0.20175209921542606,0.700208078952113
0.1644205039661275,0.19971970517068266,0.5729054319819994
0.18675560666028662,0.20456940377872418,0.6685046939287683
0.16898089518430484,0.20558360696842426,0.5787469970919383
0.20573941171486299,0.21491976907083524,0.7246397685432696
0.18605731970118547,0.1973250940818764,0.6895084496690065
0.1825285318739187,0.20406754261024032,0.6494346439357197
0.18220485659598365,0.19853429407514506,0.6659043829775032
0.1756356503174973,0.2006963299160758,0.6259987433254696
0.18852482234029957,0.19879174429020435,0.696833879268524
0.16885862294497014,0.20275645971913475,0.5862137418931915
0.176440237259656,0.19613217682045922,0.644668505236651
0.1542997464289152,0.20839838437152383,0.5004825097059007
0.1621858033619849,0.20167179568403398,0.5562790918852639
0.16168962792033872,0.2053942224917567,0.5437817411092042
0.20319063885811364,0.20767732421041013,0.7376377726386111
0.18912320640373945,0.1968169198626199,0.7068660890580382
0.18501078338410526,0.19788972652517747,0.6822526149023096
0.19956661017843041,0.20687105324828436,0.7229943862610987
0.20180282159317606,0.21370059064731856,0.7103528405483179
0.175651646403387,0.19891264921581936,0.6316925891779537
0.17667662070709544,0.19574057899708958,0.6471658628790455
0.1909704891943834,0.19861492893152813,0.7097678404778047
0.16934768739838013,0.19410140229685718,0.6148728756521331
0.17323662556777297,0.19472077837255292,0.6328889325410787
0.18081162885273722,0.20022032862948352,0.6533383984940404
0.18936494616454494,0.19997982461848213,0.6968950314384105
0.19875053483272603,0.20676330294843154,0.7194242532961743
0.18401149678278106,0.19770225250251483,0.6778450679568074
0.18825206978365513,0.1966925480334487,0.7028841263480127
0.201379192170713,0.20924827533248994,0.7234429623382821
0.1982421297175852,0.20805669078190034,0.7125083512598163
0.20928985463272187,0.21923091963662858,0.7265848033513796
0.18655084313859385,0.19960158589978183,0.6841170250378411
0.1498934833142646,0.22311462350611963,0.4477227074787624
0.1708966804757788,0.21135971360164885,0.5719949105515616
0.18322550792068856,0.19884764894213566,0.669987845616706
0.183655296269157,0.20109775205020328,0.6646284948813872
0.17545326855790774,0.19857813410723557,0.6317577165377172
0.19909318906369244,0.20518156139989394,0.7266402889541981
0.17454883813089908,0.20983446685188217,0.5935575789787458
0.21224123304221065,0.21463891340955865,0.7558798657009297
0.17624164343185975,0.20860452303884178,0.6051721295053308
0.17843669928555228,0.20368501535005112,0.630565282698004
0.17582393100960714,0.20469720610853873,0.6146831869453568
0.17583816543570235,0.2055445278839471,0.6122185140669476
0.19077523110005845,0.1997926039182823,0.7046068189673192
0.1851880784415106,0.20047101662163674,0.6743522366460619
0.206816339954411,0.2100322024585101,0.7466299839682375
0.19587347519833842,0.2042162495554782,0.7143088540498823
0.181249168272069,0.20015917994830987,0.6557239508373459
0.2004140078285277,0.2038880283371507,0.7377284927185721
0.19881379491956785,0.21670283220720116,0.6867182740707285
0.16098165361378253,0.21271880772970794,0.5217293891323509
0.18803812438239867,0.2046858804732995,0.6743900657104934
0.18166644666907514,0.19523986373437452,0.6743830084219298
0.19675747021600903,0.20366320257419873,0.7205890330755368
0.18590289336531846,0.20095192295812267,0.6762955604741335
0.1874141981217106,0.19784220142129888,0.6945646436125691
0.19070675873093745,0.20898963274059937,0.6732714770860644
0.20991267648623102,0.2256370885994774,0.7087162730152397
0.19292694320663575,0.19868296575050223,0.719371903206425
0.17849562568293947,0.19385945962873127,0.6628287622849413
0.18405554508164335,0.19544778563065,0.68588930106876
0.2057156857902025,0.2114280684646149,0.7364948605027031
0.16652704975353377,0.19662757341776355,0.5926282246587833
0.18777188776279008,0.20453211456456222,0.6735953816157378
0.1667834287706019,0.21577660074274554,0.5412237859369845
0.19164390666558015,0.2028397044301509,0.6983046394368815
0.18457094019170936,0.21773189458821782,0.6180580040706237
0.1710164204615709,0.19417933137332385,0.6232198844526251
0.1694362425045339,0.19936374555645722,0.5990870715794768
0.19806487427901723,0.2075510758847691,0.7133900590388739
0.20619443519851444,0.21122300673968367,0.7394764311399669
0.19707226043732576,0.20628933727566443,0.7129416497217842
0.18120367766387363,0.20354309560893757,0.6445990087325394
0.19770369228588497,0.20162884807892253,0.7325523787551972
0.20842379181255455,0.22970999807587633,0.6896686828590937
0.2004921224133023,0.20734607511460115,0.7258016450522373
0.2085816022188279,0.21183208341950788,0.7486193765312508
0.20820928467729793,0.211968764920049,0.7463801788766934
0.20192359691343972,0.2120172258018296,0.7165625167430555
0.18065549644167717,0.20571295577983767,0.6351349916021332
0.161925697247075,0.21658613794446777,0.5167722103977519
0.19894023626797983,0.20815304930234652,0.7155323295391225
0.19959980359376772,0.20902812734729603,0.7156922156471826
0.1948362756974684,0.2018699534237042,0.7174731714207709
0.1920435859797343,0.20133452430031692,0.7055103265243154
0.1657044025790288,0.20490821314452562,0.5646645432285348
0.20899311037057278,0.2138031298278376,0.7436425766947381
0.18011311499751245,0.1977129329786838,0.6580910668678434
0.20318081130462376,0.20645371616867753,0.741961995876458
0.17012851563182724,0.20016473590889353,0.6001482483233441
0.1868544705737139,0.19960073044942267,0.6856411309997276
0.17739266190145284,0.20252983383735773,0.6290068948743419
0.19680615549881653,0.22209798804341346,0.6609972327625064
0.1904259281616159,0.1975055915615349,0.7109972282372814
0.18243209442263736,0.19466177879156046,0.680318937003256
0.17940686726150204,0.19384626288213186,0.6675747333864662
0.18962854592741965,0.21638048907752738,0.6452917567692152
0.17726622647206206,0.195379029081382,0.6513812002773918
0.17482280759665134,0.1993365775462406,0.6261911844437877
0.19434337179090563,0.21122666664250608,0.6833577127607748
0.1842804812765075,0.20701797262560218,0.6486416593372669
0.1584184777674577,0.20264913853724448,0.5350058655567967
0.1851467821575291,0.19560490746230036,0.6909171344976427
0.19309460027471823,0.22027611198408834,0.6496146994144089
0.19528019047288336,0.20617401422088497,0.7046484059685482
0.1879223289444245,0.20269874572742472,0.6804301055216836
0.19687130478802123,0.20613459716579324,0.7125019613757182
0.1945555667829307,0.20766790286372366,0.6960900783872763
0.1797650505173826,0.19506671713143417,0.6652341948726602
0.18349966626320802,0.19791008368549165,0.6745470659057409
0.19022311815358517,0.20571373987710498,0.6816419663429171
0.19739681290942898,0.21165624768737623,0.6963971747582868
0.1719641521442212,0.20146322274029663,0.6053916466006476
0.19363153889129436,0.20768618344840142,0.6915796540070702
0.2072105102855645,0.21036957419417945,0.7473063102768509
0.16866516070120713,0.20693023068902452,0.5734549287751848
0.19603276565020356,0.20194812340992702,0.7231201913858692
0.19553809438322267,0.22426797922928035,0.648947276750694
0.19004409254841947,0.21345586168322545,0.656079863275195
0.20934894909320748,0.21389841263022608,0.7449749024957925
0.18984772836826347,0.20247609212358228,0.690687611073147
0.18952519190730102,0.2050790713209766,0.6803482725398396
0.1844297525420263,0.20786597436099746,0.646713599737898
0.20736936878288031,0.22306996806458887,0.7054708894624253
0.2030088727148498,0.20669105455163586,0.7402781559500191
0.1891242514049949,0.20128312801898224,0.6911868509509382
0.18932614771581285,0.20613121494067163,0.6759099913902584
0.1822773340992846,0.2053099379602416,0.6442812043755046
0.1923086537262793,0.2003584080141124,0.7102704355499556
0.16780725281588335,0.1975378362757319,0.596378167529601
0.18934663643177024,0.20019281245097606,0.6960621349275162
0.18823484590531805,0.2010313906857058,0.6876281631132701
0.19016769579636728,0.20369020498100945,0.6881415618852927
0.18067497742133357,0.19773853093653487,0.6608473159096864
0.17349165887130175,0.20244172076380074,0.6100109127969026
0.1847855339639123,0.19632167117434735,0.6865545365300671
0.17526286019018694,0.20304811375083803,0.616912208029167
0.19657023260504553,0.20397082464797212,0.7185843017402477
0.18057210411634725,0.1989192935688892,0.6564074392870687
0.1742358875713494,0.19710638817003348,0.6302986358015831
0.17825812803829383,0.20521949591418343,0.6249802313710365
0.1955768435312575,0.20135116838941255,0.7229997456469303
0.21921049033186898,0.2270960650243584,0.7451053381912162
0.18208419420724958,0.20134834194720053,0.655998420100653
0.17683395017511344,0.20594590283495637,0.615860516908449
0.18196386720047636,0.2104623647728416,0.6270188370396245
0.17931563385872676,0.20653570956797548,0.6261175567616122
0.18785104912231326,0.1980229909774074,0.6961365871806311
0.1848580367303259,0.2242310456897339,0.6014244651783299
0.17238555530456282,0.19417608170732784,0.6302813108003107
0.19672051206820557,0.2064314029583271,0.7107470567248165
0.18778346883671243,0.1985531501152411,0.6939374608599376
0.19694013823556644,0.2107539219620113,0.6972118804130849
0.17038366731654025,0.1948430321425566,0.6178494862903885
0.1724158673613297,0.21385420102612387,0.5724267597921805
0.1897696201986945,0.20000731864536458,0.6988225288221663
0.19065276001959475,0.2016698550600967,0.6974406758892194
0.19876913513987773,0.20471198119738263,0.7267241236673637
0.20166017410232925,0.20937912236111803,0.724332838881422
0.18895914899471883,0.19706451291781873,0.70514547209557
0.16990382453821445,0.21505316649502526,0.5575543317609701
0.18611097433330637,0.19857262236334938,0.6854468290409627
0.1965283078963136,0.21103795427459737,0.6943220635358064
0.1693072569553104,0.194629872179977,0.6129956086339372
0.1892557032474544,0.19758998145364265,0.7047710730218664
0.1588866486449407,0.21123212473282968,0.5154833753751356
0.17844739866352774,0.19569397156917245,0.6563687048383352
0.2043598833112868,0.21996576217563804,0.7017450433401252
0.20358104006679556,0.2097326141315414,0.7322706613978104
0.20457275402484743,0.2084393985594035,0.7415716754757162
0.16494987922940255,0.198231016711264,0.5798783718939116
0.1987399168366925,0.20438371283179083,0.7277483845256617
0.18701742449967018,0.20412480356887594,0.6712433869088216
0.18265417857396132,0.19772007560639035,0.6709191171767583
0.19930226030669995,0.20384902984233566,0.7324158492300691
0.1968601843034006,0.2059404168184976,0.7131197779056335
0.18360078987273679,0.20100469132936022,0.6646650333838355
0.1739943358374325,0.19380740761674825,0.6397812001212553
0.19238108441892202,0.19845700196140326,0.7174404682713733
0.19176656457012164,0.20033205009020028,0.7076579334474474
0.181795077289417,0.19660108500523288,0.6703680057813974
0.17816344589355187,0.20471280616245963,0.6260646233916684
0.21506198720116199,0.2197328946346549,0.7511937958838933
0.19763599565625933,0.20159960412715444,0.7323228450545034
0.19348234319698415,0.20141449826525887,0.7123734608618928
0.19597710047620515,0.20066035642357496,0.727483510335551
0.18790461639272615,0.1965054720217055,0.7017851206580831
0.20303639436868665,0.20713716551615455,0.7388166869395121
0.1872482562781388,0.20168957452725128,0.6804925668559756
0.20000562864815238,0.2034438805476703,0.737331731209303
0.17212539201504792,0.19802739112822965,0.6167095941589589
0.17785698346772405,0.20180866271664913,0.6335554764923177
0.19406762689660018,0.2140177238353333,0.6731574577788091
0.18784029539828784,0.19679556907188747,0.7004237750288786
0.1853157497378164,0.20307878835811505,0.6663214353002573
0.19233073173767778,0.19900770592459321,0.7152021127845617
0.18714656545963626,0.19742682088437413,0.6946703839189009
0.1732592071557006,0.19794550669644992,0.6226926249188317
0.20407487301185204,0.20752800749716008,0.7424292984355881
0.18723577010166473,0.1963451398277789,0.6989517042389689
0.1871720785913848,0.1963997907661266,0.6984329161263195
0.20529261383778233,0.20794430264228536,0.7467990796791546
0.18499245994356803,0.2048482164287011,0.6589877241647994
0.20095164734817966,0.2111915011138819,0.7147619414229232
0.19116568150242708,0.198352274348761,0.7116917714501058
0.18597765648417797,0.20263009912331384,0.6710634652625155
0.16539378501023178,0.23236493624662638,0.49660584283575243
0.16854717289332577,0.20463742318639974,0.5793034873457322
0.19282651540991963,0.20709712332731578,0.6896595815296921
0.2044047209214871,0.2071548802477394,0.7453588384537808
0.17065350775679666,0.2055053543932724,0.5871063949307322
0.19446328491159068,0.2012890559671802,0.7176907071149716
0.214957450441237,0.2186503088101387,0.7544350215598141
0.19856238106370744,0.2041573880948872,0.7276855491247733
0.19323740463737454,0.20912624522181278,0.6849327040967418
0.17924266443178288,0.2015324005620919,0.6412996821916155
0.1769837148108845,0.19855049704119518,0.6395537493141503
0.162406429809876,0.2202016377138288,0.5104704532486626
0.20087065886712366,0.20941782358672062,0.720428931421148
0.19830330421232917,0.22453225957290524,0.660498872163959
0.19257985801764102,0.1986219707739618,0.7178453494447574
0.20649313643501194,0.23024559320988686,0.6796791819262149
0.1662162855635937,0.20955221084732456,0.5545934595186232
0.18269126940891525,0.20748537616387797,0.6395210682419942
0.17522616737558666,0.2039563173852838,0.6139852345883855
0.16739495978121566,0.1984265574562987,0.5916292722412958
0.17836390025618998,0.2206072224403168,0.581866263652894
0.17539099964750215,0.2175116288606067,0.5764795211379689
0.19707195726778645,0.20557383434497709,0.7154215794845874
0.19730775641125725,0.204290338114361,0.7210705986927042
0.18591053526270768,0.19783826018516104,0.6869780149476957
0.18315289303959056,0.20256763505373676,0.6573256038866624
0.1994857714602627,0.21759404237013188,0.6869938617436243
0.19072012439885339,0.19792728504651996,0.7109688003136059
0.20186131420060774,0.20476263627800914,0.7416456291099097
0.18075880735332145,0.19728489585465267,0.6627917803178226
0.1817871399312132,0.1995322274682698,0.6604804727705974
0.17075653877586394,0.21474455509788967,0.562326428815939
0.20875919180590838,0.21140546670780208,0.7509701346812392
0.17161924856633373,0.19764540766742514,0.6153406244124859
0.18990121291470693,0.21309389325362632,0.6565238016848995
0.16251451455255705,0.19589423509868625,0.5743635819393831
0.1830118556787971,0.19523292771603457,0.6812982688671362
0.19442982921748345,0.2048190260202725,0.7051582659278348
0.184986155259884,0.2357215351828705,0.5726509254029889
0.18232361968469152,0.2193149769761188,0.603349673192179
0.18899151746446244,0.20253812221615752,0.6862486723172273
0.18374232745897137,0.19544990843586857,0.6842793047552395
0.18407922443133917,0.20100414871940406,0.6670470499517395
0.1767041094601213,0.23540749280811324,0.5382331205719144
0.15646232278332378,0.20125260640773687,0.5289984794911505
0.1772513617512555,0.20372990743351968,0.624608155740608
0.18244688899870146,0.19581504463895388,0.67638770679193
0.1952825849006795,0.20049304483969957,0.7246265575787803
0.1965241168175074,0.20448407608715968,0.7165551451304827
0.2135585903161522,0.21705826148034418,0.7535239119703506
0.2099058071413712,0.21477023247185478,0.7445436236715278
0.2056097087330357,0.20963200344752664,0.7422993921440371
0.19522061367833896,0.20467350653367175,0.7095232604247588
0.20307119457434378,0.21919588444945146,0.698330604877955
0.18018078045831856,0.19974978134278423,0.65171926388705
0.19007094642300337,0.19789846201692768,0.7077919908797579
0.18163645609480442,0.19886919815395088,0.6619248094564172
0.1967266848820484,0.20656324493234926,0.7103232955606515
0.19746031168753658,0.20570354550777198,0.7168583862934205
0.1902643704867071,0.20760182479722644,0.6756413178145678
0.1598123418901632,0.21048794594310216,0.5217037080111324
0.2136446567225486,0.21783528118316686,0.7512311863978908
0.1834643820675319,0.20857454860919392,0.6398881501002507
0.18840990740663682,0.1964063910463025,0.7047118307571107
0.20274241953751188,0.21229744644604273,0.7194736540381926
0.1924621908751802,0.20329435014949193,0.7007680772752466
0.17384646680343763,0.20897896771766852,0.5926264645481201
0.1986000012913594,0.2095418492997038,0.7091662204375204
0.20379334009941824,0.2078095001176988,0.7400688612037132
0.20594549892731812,0.21084164083122073,0.7396333016216322
0.1848198813920221,0.19528025761507997,0.6903917632972798
0.18810142316108047,0.20085052344648438,0.6875830881161578
0.20626717885585955,0.2127208281327475,0.7346115574462775
0.186417646545331,0.19873676557800243,0.6864238036106524
0.1982073753405303,0.2020762456213098,0.7334230447762298
0.1636234447740904,0.21591032416759462,0.5262529488209802
0.18750038470946293,0.21027788535784178,0.6538984566801721
0.19106375366842115,0.20394367757099502,0.691679954723359
0.2051570436582917,0.2085187260968533,0.7440916533617415
0.18977144773733431,0.21511838391864568,0.6497419941114545
0.171334459100843,0.19468881299343482,0.6232225531362943
0.18741356328000117,0.19976909889087574,0.6878619568438038
0.2155850949165376,0.2184058292732094,0.7581532757965128
0.18883244417473644,0.20602380979377916,0.6738660173001444
0.21978225170031412,0.23091053244179127,0.7352728777892079
0.18477718014432476,0.2019999014791771,0.6672140885089397
0.16967907768392002,0.1952396987950222,0.6129853632358263
0.17976548490947852,0.20283889742717004,0.6397465503679897
0.20429094887483326,0.20791487246358584,0.742087119822829
0.18666373832459057,0.20084746235388315,0.6804354743790385
0.1906945218239963,0.21298985368058576,0.6605691275556791
0.17208718374950038,0.1957749480512757,0.623609838565884
0.1956726068376916,0.2013637471274993,0.7234301552079023
0.20510610979252086,0.2088430323699131,0.7426922891915746
0.1658315795225123,0.21210709979379208,0.5460994923560896
0.1901049805940963,0.20174117448101034,0.6944788586391631
0.219703748438073,0.22566445957633874,0.7520180570599106
0.1966692572447237,0.2050461548173418,0.7152987451794882
0.21074144170358322,0.2196882714312572,0.7316796689070447
0.19305869178998683,0.19888513451419704,0.7193030898937036
0.17371448565719805,0.19754455680568866,0.6262611719486034
0.18227897961337547,0.1946455428541731,0.6795890502998975
0.18566935395711473,0.1979141387222554,0.685496017783285
0.17172338632728115,0.20379656127979828,0.5972789018758935
0.19382802136875382,0.20360094499660147,0.7064211876381744
0.18933970889082555,0.19829393760125882,0.7026927326997664
0.18006268373200907,0.19396029264673614,0.6705634537729581
0.1854442677801855,0.19984126555655293,0.6777592575936535
0.1851823999386251,0.209274483696918,0.6459573931354342
0.17897588806318604,0.19632494272660891,0.6569511049993817
0.198011896080514,0.20947887478897417,0.706571945403177
0.17306535284721344,0.20581590918017123,0.5979389704975724
0.18784282995717144,0.20021913517429607,0.688459820971535
0.1979131425274037,0.20598888403141286,0.7180637111701972
0.21634665049854984,0.22254874545926756,0.7474616410677354
0.200538208206429,0.2055219574616797,0.7324677619154021
0.1894247069807076,0.19812246615737927,0.703729918594669
0.18667809221373322,0.21118508458562246,0.6471957642364593
0.19486563182190386,0.20265450830091014,0.714840410097372
0.1905719952677402,0.20416557786447428,0.6885195670009189
0.18693290554327252,0.20502810267222768,0.6678738366036733
0.20364462534684824,0.20842907556650309,0.7371554325098234
0.189067019607697,0.20524998462697402,0.6775494763638622
0.19697505971595036,0.20139378846304407,0.729789438083491
0.19378893215686224,0.20442220331823135,0.7033919497140966
0.1958983541977827,0.20126133114184427,0.7249199504447128
0.18950479909803708,0.19881344021498884,0.7016869631508927
0.17216294447024197,0.1983288470112721,0.6159615522965188
0.18009307072769495,0.19491322399411531,0.6674409671230035
0.18212928824717994,0.2074615955614115,0.6368855300164115
0.17408013850797277,0.1951819101311657,0.6357153612473037
0.18046898470084335,0.19979570352900364,0.6530119637027311
0.18786316222046118,0.19651245114288873,0.7015492474836503
0.15932499434984818,0.2199221973806966,0.4971075937396215
0.18867908537855646,0.19754319921233288,0.702019031439775
0.18989556826538398,0.1995850565523042,0.7009320771904697
0.1809420019504514,0.19510781519201534,0.6711263811835771
0.20233002895908458,0.20831228536419066,0.7312580181853762
0.17035059800082303,0.19647928801984638,0.6125358006624414
0.1766822945828211,0.19760483740736406,0.641089035293526
0.1942052194184931,0.19985793549885245,0.7215386222145836
0.2004777527725362,0.20380948007227975,0.7383255809257264
0.1887228096826321,0.20250609915769027,0.6850302793823978
0.18838509417762095,0.20618410952365673,0.6711724511521738
0.17215217906737096,0.19491767222096892,0.6266860140259259
0.22876296366130328,0.24417407874529282,0.7321127802750007
0.1839407783318851,0.1969159843266439,0.680192513522439
0.15737605395444168,0.2065377723661661,0.519885794856338
0.16891440752825576,0.19597852636568058,0.6067726384796402
0.20606974524736676,0.21687163095839176,0.7196411285222906
0.17339928876239957,0.2038793779980214,0.605256352918622
0.17381952874809214,0.19612901480311837,0.631316732368165
0.2158854222015694,0.21920898415046314,0.7567455450991327
0.1672809561746413,0.2021571178753228,0.5801475476464424
0.17038614637246974,0.20922989372522208,0.5753773718901313
0.17562012962831314,0.20896878709691766,0.6011430289349948
0.20001118044116567,0.2420240293697143,0.6198193660019171
0.17592703096610954,0.20541186505940293,0.6130465293701158
0.17410168304185802,0.19493107306504656,0.6366439228518818
0.18292107048420503,0.19582560026660592,0.6787726952106375
0.19424906982894732,0.20051793070932697,0.719382397966456
0.1728136110870607,0.19692790529886958,0.6236475775267675
0.19345912108270144,0.19970266764570893,0.7183635690696492
0.19136389544062807,0.1985187211045958,0.7120935227370624
0.1750541262297931,0.19781499530982385,0.6321771816839747
0.17105579885987582,0.19993917272355016,0.6054631376676546
0.18112316107557128,0.19686556538708203,0.6660543240142257
0.1524777925183474,0.21749410818999693,0.47117502800961203
0.17149832365978912,0.20265811305247702,0.5995236106255855
0.18610795913248246,0.20624918224580058,0.6599199941082615
0.16757023032857205,0.19449819483270456,0.6044798021374891
0.17202105836846965,0.2120797030218568,0.5753547210309617
0.19805254061754868,0.20211460104935072,0.7325177886648496
0.20477314791394516,0.21772132406775535,0.7108773041715445
0.17303845621360042,0.19764582465094613,0.6225198859166056
0.17612752106508342,0.193805382976732,0.6507947257596354
0.19322928939236528,0.20563033533218106,0.6965377416760452
0.20091178371763666,0.20636892597713433,0.7312718375747987
0.18667207158028812,0.1991357503084117,0.6863261436915123
0.19275842233488807,0.20683131196612464,0.690216684204321
0.20181320292263358,0.20849685547925287,0.72813185874518
0.16834411249759623,0.21202048991386463,0.5581729980233263
0.18978871224750193,0.2031538523564729,0.6880928450336029
0.16770687053730995,0.209432709335669,0.5620271585593388
0.17696345727471358,0.19900395570735285,0.637994640977996
0.1601986545481985,0.2092602512566786,0.5266105430267731
0.20185631349276217,0.21372113368930132,0.7105348491811971
0.20767122065692398,0.21060287234939765,0.748666050457953
0.19667603788816246,0.20452360733429176,0.7171594506859151
0.20132371473127147,0.20700250583882165,0.7310235889081297
0.17923332506544673,0.20037657406159082,0.6449522638595646
0.18764062363438522,0.20177630676612712,0.6821446275846468
0.1687311404452977,0.1951598349145458,0.6083789756088194
0.1900516007973996,0.2050706700115441,0.6829431082929392
0.18551900749748151,0.20097399751510897,0.6743111505621188
0.1716503278254273,0.1952521219843995,0.6230422829163775
0.21005983321819094,0.21252938808858832,0.7531185905992137
0.1924281774664529,0.2086814212870362,0.6825148908227265
0.20309803712600738,0.21580444316424466,0.7094294949686805
0.17056520854892615,0.1943099544164144,0.620478806199243
0.20032970819585744,0.2071697792238559,0.7256353159184463
0.2027788451153298,0.20900544115696315,0.7309802284075123
0.2160760007789352,0.2221282754609085,0.7476580837551331
0.1792580259046281,0.19764432762306514,0.6539930968883706
0.16682894238058643,0.1983980540302529,0.5888613320913504
0.18194336213405635,0.1976474706098547,0.6675691913837103
0.19484378791410226,0.21156791616628012,0.6846207616861123
0.17131342494452365,0.21211843282221712,0.5719136396137723
0.20052527418315866,0.2091382139501765,0.7197406506446432
0.18605440351874603,0.1990792167903347,0.6834184186189318
0.19403960126424424,0.2033934547229437,0.708182087080681
0.19881963171004172,0.2082158060519654,0.7147374377183453
0.1909169812552866,0.20702397004020387,0.6806795427018459
0.20714881380027295,0.21648917548173507,0.7258968650537976
0.16957281620726034,0.1985024656487127,0.6023744632918909
0.19767451965200278,0.20797877030704692,0.7100461236211048
0.19584972970421605,0.2180349409955017,0.6689282416767554
0.18898733118264172,0.20060963653166927,0.692824799374483
0.1991887731237018,0.20741627456765493,0.7192722626740627
0.18212262847137956,0.19546280197670882,0.6759476848547541
0.17837479020673763,0.20027490636180184,0.6409928859226389
0.20156597767292322,0.2113612088269822,0.7170945818964981
0.19022919977253563,0.2241567769804253,0.6255853678016671
0.20961288985925894,0.21421117937518247,0.745119327221028
0.18761462108597893,0.23782539518632123,0.5786372013727404
0.2120031777211261,0.21908387457561893,0.7394573335665977
0.19078908351400073,0.20327600018644654,0.6926006187885817
0.18960732127845736,0.19966208052140863,0.6992180033077842
0.17832030025836876,0.20941420376987605,0.6127583418332939
0.16705228254198648,0.20940297102671646,0.5589810018839345
0.17251569269565953,0.20241482214638387,0.6052703621035109
0.18502973119195,0.19738911663110648,0.6840789071684346
0.19021156563962058,0.202417997220763,0.6926832967658588
0.18543879661846518,0.19674215017674127,0.6884076264125158
0.19088902442395617,0.20358623248725538,0.6920361102157333
0.17922097526977157,0.19759572817320564,0.65396644180739
0.186575057611819,0.20107631126038314,0.6792200272411082
0.18102404661440263,0.20746923145839707,0.6315348338323427
0.17234104250281987,0.1949990443051703,0.6273930364056459
0.18314108874385115,0.20686565639769072,0.643611371081785
0.18875925697616552,0.20183745714058576,0.6874802077966906
0.20647616878556216,0.2311867822123254,0.6768387331151662
0.19318791565493318,0.20309324948002194,0.7050353274741334
0.16651643440542033,0.20279241885753863,0.574560109602879
0.1788731771623565,0.20430261376551218,0.6307955379869511
0.20770113709054427,0.2122208395047964,0.7430992048590972
0.17366963737970662,0.19947249888772478,0.6199833965549074
0.20237382337342683,0.20924846452772014,0.7281956582923509
0.18765172882978398,0.19610512096780403,0.7019282727062658
0.2059155743420878,0.21318967382139173,0.7313467465254081
0.20549828496750416,0.2163848491142986,0.7186190974275053
0.19914673235849106,0.2145305228257559,0.6952238329257684
0.19924875270950873,0.25377603582751734,0.5881120816740468
0.19029805133421876,0.19762665173596777,0.7099146299440375
0.1946321603288728,0.20072276067029143,0.720556850881732
0.1748614153864441,0.20110107248807246,0.6208888587297303
0.20248180637419796,0.20833915687536422,0.7318922120118683
0.18617012038405145,0.195848061347291,0.6952844947624242
0.18993783656808205,0.19928854848083322,0.7021870430329353
0.19769424435772057,0.20259993994078032,0.7289945120462097
0.19264341384250455,0.1990014300415481,0.7167959235907152
0.1903966100131681,0.2103299948959963,0.6675063634294826
0.20193363176200158,0.22546121322838367,0.6738792432918321
0.18473421833724205,0.1993478289432652,0.6758750223238582
0.17793243231812417,0.19485063343884412,0.6565666739712042
0.20120969426566718,0.20899827777729527,0.7234973219578079
0.17679928981969456,0.19408469213664134,0.6533193752881044
0.190505571518907,0.19738541534373932,0.7118336036845571
0.15968607758261183,0.21174523543447077,0.5180096607961533
0.1908762495054835,0.1983231165885015,0.7103370092644626
0.19003112358378713,0.20250490287369588,0.6914949791172502
0.17480974508654634,0.19556260194888392,0.6382086546341261
0.18715506632441217,0.19616039198467577,0.6991985738646302
0.17564291867720058,0.19535158271839295,0.6431630444393164
0.1868339554176429,0.1970053931713669,0.6945695912934557
0.20382301563110367,0.21062989587522823,0.7303000126925215
0.18063666532017264,0.19792092971131728,0.6600447234697016
0.20759133784884987,0.21670967552822204,0.7272002851959731
0.15985712600358196,0.22209673762496962,0.49463637862653176
0.18910877737071805,0.19696617754942208,0.7062571813163878
0.1729407386103552,0.20461613494365447,0.6008359929397045
0.1700630438177661,0.22075070849043318,0.5438852026287805
0.1859721142582058,0.20476077095791712,0.6640535373162426
0.17902700562139107,0.19530104705676232,0.6606570090937129
0.18847861945930672,0.19824166389553122,0.6985343884738667
0.16575748499642684,0.1951963187366279,0.5930310865780961
0.187973504158897,0.20088935002991715,0.6868134330582955
0.21221501062852627,0.22028788406486388,0.7363773605486263
0.17878519908643759,0.19389243681128904,0.664209502982219
0.18178509807665633,0.2036819742682546,0.6470140450577715
0.20674823825865166,0.21070706560761063,0.7439154344760139
0.21475842907946124,0.2190771172419549,0.7520567695689434
0.20907996989370753,0.2209116231847307,0.7201068354863415
0.1573441125502445,0.21616322138052743,0.4965882348749746
0.1915811135515743,0.21704362971174984,0.6523163740838863
0.18738293381245524,0.2024608746111165,0.6785653478793773
0.19437074347261646,0.21003017817300085,0.687380950339903
0.17984818998093416,0.19635162744754128,0.6613043735307228
0.18163525119837146,0.19475544238929046,0.6759002448581125
0.19157481194226123,0.19917390415430988,0.7108100458410266
0.19225007644896147,0.198949840967474,0.7150047255992414
0.17381934582202535,0.1955945639164235,0.6330408337674083
0.17611675333629445,0.1989009879744857,0.634068008513222
0.17917073712513298,0.20330510431987317,0.6353541272721823
0.17849180248132676,0.21032841977724792,0.6109103211891588
0.17364358265367377,0.1992100902190316,0.6206692769313421
0.20177200238741247,0.2129298947614408,0.7127792110048825
0.17967624031347731,0.20049069861030483,0.6467942962557576
0.17052719966523872,0.1956593630132016,0.6160052747238396
0.17807798923362333,0.19433645269746858,0.6590528305721806
0.18909892296580047,0.19874807760833624,0.6998755642805077
0.19797886087230418,0.2065026452592909,0.7165954735664402
0.1861102414049084,0.19568621030313257,0.6955535660589648
0.16347398213181968,0.19762879739421216,0.5741773649792139
0.17425258842092203,0.19734010028140628,0.6296367957842237
0.19836928026488862,0.21181873947517263,0.7004539854807277
0.18233596099778554,0.2117888664696925,0.6248485258157948
0.20667888427290368,0.2143257154197383,0.73103166349433
0.1728027236136171,0.1958286632188574,0.6270926921273686
0.20647242279413563,0.21217006459444177,0.7374858611332805
0.18767486536117556,0.2016569411036313,0.6827182075048167
0.1878104257400993,0.19936519537861772,0.6912461599848521
0.20376881861779958,0.21320063102390852,0.7212399788842829
0.1797414683269436,0.2021670387048934,0.6417538148556917
0.1987357331481439,0.2028501475067629,0.733229603114709
0.1734876125728431,0.22446637075248127,0.5501385893970402
0.1888670544394058,0.20183214252428364,0.6880324050600506
0.18618219971802297,0.2029260356130714,0.6710927915513413
0.17197977928370728,0.19699021038098116,0.6192174679533419
0.19281160391177615,0.20068195653928958,0.7116315107472876
0.17132379834428277,0.2022954503322471,0.5997356744554676
0.1953943424840221,0.20066168457326738,0.7245745135311791
0.1834603711102954,0.19489050816658057,0.6847966705295959
0.20777619062725222,0.21384581020726845,0.7378035158805722
0.19180507243361497,0.19937911972498562,0.711233315851802
0.20354186489872433,0.20786129698375383,0.738674621619074
0.20132842484505725,0.20515833875983983,0.737617714004809
0.21034612428126695,0.21813045305121725,0.7350927944188402
0.17703085212460618,0.21148944950832746,0.600648648998466
0.15917611319579666,0.21215801348547414,0.5145981120494968
0.19512539562996234,0.20004443856624335,0.7254657848531244
0.18091476712093602,0.2347501712484068,0.5576769824052876
0.1854173234260603,0.20158158180020133,0.6717742871979241
0.1837710955559253,0.19536141380113345,0.684736524747392
0.2120812339721575,0.2251996192402932,0.7197225045003877
0.1646272384144045,0.1955920235129261,0.5860527252371778
0.19274860379504044,0.2084397308984128,0.684843542926141
0.19225210858233532,0.19894854137244078,0.7150196106038942
0.18606626771202878,0.2059885446845755,0.6605525949046499
0.2022583568291492,0.21784384297016074,0.6989334871860704
0.1959515635406605,0.20172979108635478,0.723500295889281
0.17061650261482353,0.2195236602754198,0.5494464809100535
0.20364838742286137,0.20892433067737612,0.7354260124931421
0.20092988336962977,0.21655875874361774,0.6969465665820264
0.18375314187035574,0.1982228642706358,0.6747614225155235
0.17748081696510334,0.19497990502925097,0.6538151557001661
0.19931889775065115,0.2083355311780876,0.7167231480213121
0.1754690599899496,0.1987066956559505,0.6314284457087055
0.18058946074121854,0.19875349962470581,0.6570423212059294
0.18919689525218475,0.1974617594422318,0.7049308972297866
0.18009869693750494,0.19572432749073215,0.6647037627127128
0.18251848732423265,0.20454644783158632,0.6478650141768386
0.22814815486305406,0.23859675563376953,0.7466495275254282
0.17974765589852554,0.20025506311671343,0.6479119872385225
0.1633747375581887,0.19659039030713668,0.5767053892159293
0.180985390361484,0.19874005905282927,0.6590789546191356
0.17611780321050616,0.20820100082798246,0.6057502255462538
0.18921897802046425,0.19704107976902177,0.7065479857482584
0.176919031541828,0.20131334960324018,0.630455117814925
0.1930290521630585,0.1990095162872721,0.7187045867524985
0.19200914887134868,0.2054090077172349,0.6913482054635006
0.1888781790395463,0.19665337614487843,0.7062079571785841
0.1952794858138407,0.2001778729960438,0.7257519706821538
0.19161897406425304,0.20432826369386362,0.6930953726325143
0.2138707020749157,0.21870709362384605,0.7492701739101186
0.20094342175332058,0.20853023138505283,0.7238443114495101
0.19178340997033236,0.20621787710218498,0.6875417978436268
0.20385863467795542,0.20938055655172186,0.7348277089900119
0.18550780528189065,0.20038659170738896,0.6762318981888947
0.18799801418414167,0.20144548127126594,0.6850390155851345
0.1707783410312131,0.19577381368360045,0.6169279678354166
0.18367220549963365,0.19969627500743165,0.6693775609718262
0.17807621576040772,0.197848066089906,0.6473463111952149
0.18331740993021656,0.21109565050325108,0.6315497719275052
0.18705748569714384,0.19742884325727117,0.6942120686922278
0.18721239791901,0.1959948345717301,0.7000817048002003
0.2019481249308685,0.20539575287880482,0.7397822145841864
0.18266896112711617,0.20484972679094465,0.6476404103897531
0.17378224469162495,0.19737953351380141,0.6271280638271935
0.21025108512005616,0.2141118205705188,0.748445763961344
0.2064182284578963,0.22352080012143716,0.6997927189456886
0.19130299035928178,0.20231300805328234,0.6984374940541016
0.19866669709952384,0.21246219301415917,0.6997324794139549
0.20181801016392276,0.20730144977867324,0.7323538273659556
0.1780608890483887,0.19379957725003433,0.6607903426082732
0.18742386507635586,0.20903324653025926,0.6574258753449663
0.19166132113342824,0.20929677798886642,0.6768442519500416
0.21323336015546498,0.21782548557292916,0.749376776212045
0.19721254068651572,0.22291296309050232,0.6604036779446858
0.16470745113323074,0.2005882416802013,0.5718553100241505
0.2023324233532548,0.21191496165187912,0.7188375099418283
0.19056627344632637,0.2064806076935295,0.6807722769537903
0.1948106688881056,0.2005356433744459,0.7221193522076821
0.17207708636111102,0.19907647830775083,0.6132170279423618
0.19905933185819244,0.21600733717417447,0.6900660589042886
0.18745949911715137,0.20328714940648485,0.6761839079276618
0.19536919308297396,0.20341312757794175,0.7146500071745512
0.1585503431956915,0.20035805562215034,0.5417817759242162
0.18799366632861264,0.20668247830127875,0.6676602074001687
0.17753865663340584,0.19789358822019287,0.6444809949653131
0.19816830089301257,0.20342900608229583,0.7283538554628345
0.20029011508549072,0.2038173783805095,0.7373763526921243
0.1822697804445481,0.20316727359245149,0.6510388120376022
0.2099076276332195,0.21491545058518827,0.7440490071691482
0.19201524219948282,0.21126957234618798,0.6721992221708837
0.20033276126688493,0.21379603676185036,0.7031597196272734
0.1897181749334505,0.20570028786530378,0.6792317909877718
0.20752688816479714,0.21258823690489176,0.7409953177948971
0.19010923738742924,0.20047069920650432,0.6989013254405978
0.19888829290989732,0.2231235306063287,0.6672908612789503
0.17485830485631193,0.20260958736207935,0.6162507237783387
0.19243917696159082,0.21052166274547685,0.6766010447760972
0.1946523864044204,0.21530448015001658,0.6718503316959857
0.18053402669096727,0.19930089954637686,0.6549595460335205
0.17743405381481014,0.20893650418958348,0.6099176125737217
0.1809925277677089,0.1977220073933772,0.6625085871553648
0.15919661065337967,0.21177228241389992,0.5156322130955718
0.21142977598296228,0.21679088660700302,0.7446335891213038
0.1868979149166894,0.2033380800693546,0.6732527171988455
0.18621438769168353,0.198519000786436,0.6861528979698074
0.16570289373485766,0.19761150821260104,0.5855068603108797
0.2037777326955001,0.2150377558231357,0.7151196872700776
0.19581877345317983,0.20870646789886305,0.6986787468601217
0.2106194742235267,0.21811763431140094,0.7363892182794096
0.18502996200606397,0.19742028689098662,0.6839720685879972
0.18352424995555933,0.19932011864473473,0.6698985073029733
0.21010728067691326,0.22520914303767325,0.7109270898923066
0.1951611289944975,0.2013660118206503,0.7208819784531834
0.1810066076989355,0.19495560211137955,0.6719817552310731
0.19109057775404742,0.2029642172907876,0.6951500103681154
0.18631994062311172,0.19771578375140245,0.6894742444766743
0.20998051550134397,0.23391624906652808,0.6839221992476628
0.20348218848764524,0.2152474092383057,0.7130501083881633
0.17695296393637716,0.20707554050909519,0.6130756130070376
0.18720481550056578,0.20004164413573017,0.6858812628408063
0.17946047468277906,0.19922976333684317,0.6498048911692813
0.18559205509819024,0.19676964885372591,0.6890902935898731
0.20618011937740724,0.22265235358087773,0.70145281136979
0.1710519248197553,0.20302555191677155,0.5962398509788533
0.19398451407429335,0.2020946885934072,0.7124606543419592
0.1868193609416474,0.22060975036363276,0.6201872796471006
0.18849748258437155,0.20378553504397964,0.6796237159545301
0.20436259464596127,0.20990343293426794,0.7353981423176651
0.18911541502002724,0.1971014180605627,0.7058062615119375
0.17729936883180786,0.20481399937145608,0.6215364634374155
0.17909703639573865,0.2042424605356251,0.6320773655839348
0.1665145986889175,0.20120514202272155,0.5790836035182432
0.16806344109121205,0.21389271750923072,0.5519750390104652
0.16694959936246373,0.19569621402824466,0.5976078788401318
0.19829829338335894,0.20234208526776265,0.7329087924892803
0.18994741726337563,0.21435727742439004,0.6528699139348748
0.20318200369814188,0.2115666760236045,0.724036538159967
0.19562118443539514,0.21809907202839307,0.667683649825147
0.1854134597335098,0.20044406172610588,0.6755673306927084
0.18394779613254159,0.20912751522834588,0.6405077590401449
0.2112058010700847,0.21591227159254678,0.7466263954385142
0.19534316640716182,0.2094644457590693,0.693879889164287
0.1737043860793999,0.20682527355526104,0.598110588483509
0.17980125782386017,0.2036969992911057,0.6372271475553731
0.1898455454960344,0.19758581755142848,0.7077711711754554
0.18765121266792728,0.20766969331180463,0.6628372704400904
0.1953349963171354,0.20243537408867548,0.7179328068101002
0.20933553369204283,0.2225968293961191,0.7158032489694608
0.1839394294685954,0.19523986743693522,0.6860249969789567
0.1844055391852349,0.19517511853902406,0.6886407457637145
0.1714032289310935,0.20450094595891855,0.5936560750945463
0.19459238421611022,0.2009119299675431,0.7196804303232207
0.16298205309499517,0.19740640121672828,0.5723322668293546
0.18672791117277604,0.19632111115092007,0.6964503734275816
0.1700999127411978,0.19609573165934877,0.6124555171340064
0.1983557531781196,0.20475340884975402,0.7245581600401172
0.19168322360838777,0.20649076476242031,0.6861479920005265
0.19758331017231773,0.2178078946190996,0.6775847607838551
0.19507148976606353,0.20692349057521453,0.7010875824817558
0.18484857501843222,0.19802363517734037,0.6809721218261061
0.1683104132760783,0.21463251229556382,0.5512231675001626
0.17136790774086405,0.20259203480922108,0.5990754170328315
0.15848228837885608,0.20014329322413804,0.5420231007059931
0.18652103728308245,0.19862349041176247,0.6873358080661224
0.1821567415668045,0.232475430195488,0.568476167376803
0.21790021740446577,0.23033832846395608,0.7289286959931169
0.19702278297583287,0.20251675706112582,0.7259783590720685
0.20494864641293867,0.21291347698432955,0.7277540558146204
0.17045248478310338,0.20130340523174436,0.5983628773911507
0.18036867906991796,0.19680370147042067,0.6624300157764674
0.1844452016666953,0.19949662614996427,0.6739221823512498
0.18923377653948137,0.21350542218003815,0.652132274289843
0.18678803660558596,0.19813043060053384,0.6903938793802703
0.15889315802403606,0.2009886862876658,0.5417875007560491
0.19702950242755843,0.21078902979727185,0.6975197075908803
0.18207828286036612,0.1946360461676657,0.6785910701586574
0.19441825382126288,0.20273196315325695,0.7123605551636112
0.1932776839732774,0.20037864287653392,0.7150347058771125
0.196315447270296,0.2035286476003215,0.7188936250272853
0.17916748541819724,0.19973371881836102,0.6466984452217749
0.16791311545393311,0.19560348824319884,0.6028170382489739
0.19465649223241382,0.20410417200629974,0.7087385368484725
0.19947053865183575,0.20560190989547328,0.7269900300431335
0.19870802416734512,0.20781421959023927,0.7155815634780063
0.1941195202055136,0.19998426234466474,0.7206543080731497
0.19900721618924408,0.2131881493404538,0.6989469942406832
0.1663415836065186,0.19665877282688565,0.5915911196544051
0.18267473028302347,0.19555268244589857,0.6784602932753383
0.1728923037048598,0.22556044407933942,0.5448309175239664
0.19223010215962402,0.2054479678259429,0.692292572492722
0.18417855279727094,0.19504764420366638,0.6879270618473264
0.19223198122447563,0.2131063461515659,0.6674225511957167
0.1891270922900639,0.19709397211202523,0.7058921731557886
0.18476672641768765,0.19604467740575696,0.6874286422923828
0.20212851815971677,0.20841855749432353,0.72991829513003
0.1943617740596868,0.2025336724020839,0.7127791262930828
0.19058433340696124,0.21286545538938814,0.6604375197929354
0.19025001200556807,0.20393177303208002,0.687730067366725
0.1913279019902485,0.20401381155870477,0.6927369324188206
0.2040127406990587,0.20789303952807625,0.7408268263751036
0.17755534992642316,0.20739488010571014,0.6150361564442073
0.18645679117346095,0.19668895688995394,0.6937694587999037
0.19299357982433324,0.2068270397013681,0.6913679179994926
0.19717784614951311,0.20785302574199555,0.7080861374238665
0.18501565794754207,0.20515137845527182,0.658126983909001
0.1851672682575568,0.2038676931702462,0.6630146550227607
0.15616908455219297,0.20169104749096167,0.5263946311595744
0.18706011906701425,0.2014041866592347,0.6805226909156202
0.18175592366074989,0.20892338540621297,0.6306422969576853
0.1931333432783618,0.21392258436390077,0.6690894451559151
0.2169976371668276,0.2251566735388691,0.7416952584263444
0.21004789377885166,0.22019358596322697,0.7268508439005129
0.17708358205589858,0.19591045732555182,0.6486819733400907
0.17804369193736141,0.1938804590018519,0.6604259789592224
0.1907568285343953,0.19751241247402743,0.7126480142249522
0.19180956201161764,0.1988821523410646,0.7130331220894437
0.20014942586649243,0.21460979883257644,0.6996391902106414
0.20167768799495744,0.20828306715172748,0.7282286076787278
0.18689193427308853,0.20355899457189353,0.6724926823350991
0.18605414896604447,0.19763870991033766,0.6883982850716232
0.20614891661370108,0.21090726145603228,0.7403676646109851
0.16436087313190323,0.19975529106032153,0.5725048509346812
0.18755379680317225,0.21115929867370373,0.6514219249029085
0.19360129721398658,0.20547075949579413,0.6988892121018612
0.20663427710490534,0.21541314672195852,0.7271342510356568
0.19465804254611596,0.20328532115044198,0.7116010232684794
0.20139912109700606,0.20941639256621888,0.7229573542058443
0.18601680002220178,0.19768080950093908,0.6880627429925394
0.20564310216376683,0.2147921687072476,0.7246218663395573
0.17074389654073285,0.19634479571226382,0.6149584770134608
0.1781608661019542,0.19906114940327715,0.6438266155206089
0.1876379962741176,0.2154904813846255,0.6387196102107626
0.18925635493494586,0.21409027787612053,0.6504562295702379
0.17847701394733384,0.20433951113914414,0.6287428859504708
0.1715442512512914,0.19692575765362688,0.6172084987738163
0.16882166015537703,0.19410370016671397,0.6121555645426756
0.18132368998176396,0.2008862781379096,0.65372155429954
0.18588009104251094,0.19561642638414725,0.6946251577854335
0.19217479002140522,0.2060435685494946,0.6900229452551575
0.1731666779066482,0.2094640570144735,0.5880086524731909
0.17028651061497996,0.19428899687002046,0.619111285522009
0.20382547179524385,0.21008822869688962,0.7321946248458292
0.20004731801272035,0.20501175260254806,0.7318961772089911
0.18920811683218305,0.1980970586685507,0.7027268237490661
0.18523173447907454,0.19661462066665003,0.6878010090020366
0.18933972089781806,0.21418843759178027,0.6505473519695041
0.18454722692861147,0.20064189090784668,0.6705839260177627
0.21420660901432256,0.22427325979716456,0.7321720349667766
0.17541684115294776,0.20544788914517292,0.610455730038317
0.17117207545617577,0.19749614549007025,0.6135414701664043
0.17523074107048336,0.19964662873995534,0.6272619871462969
0.2049868367107074,0.20951179520192906,0.7397523206811812
0.1912297179155623,0.22120103927297172,0.6384676960820181
0.19555735605779803,0.20348321499165165,0.71532856439176
0.18748930503124453,0.20303091163071885,0.677184099342054
0.2101434700544528,0.21313949301561264,0.7513552171334205
0.21418477933867375,0.22267729684160165,0.7373215934782265
0.17354931256928657,0.19474519948454272,0.6344151891615326
0.18264336299207462,0.1967357642140445,0.6742208948229735
0.2020206796473442,0.2084443588577864,0.7293105962683406
0.20938302318783758,0.21580936393416186,0.7385361797204566
0.21437019692465814,0.21995552571295748,0.7472883274556225
0.183379233889023,0.19698859012946068,0.6770911645256525
0.20093911769543332,0.20994967548610716,0.7189299880838411
0.20373640575199412,0.20860407088428806,0.7369770163175345
0.18289615767094888,0.20950914641171936,0.6343215079010748
0.20365622941580774,0.20848883800389217,0.7369997880315263
0.17487464700778207,0.20338618507560494,0.6139780190152163
0.1605518229159244,0.21850803708731434,0.5059393896424443
0.1756094919104418,0.20794437569981689,0.604053326701985
0.2041040410104024,0.21886463672544165,0.7041066264337656
0.16069681968384436,0.22702150359082887,0.4876049974691307
0.19682964771670475,0.20301239547555908,0.723254594246595
0.18832201616239913,0.2022622874901395,0.683874477436346
0.18292650810577987,0.20079955984358921,0.6619860532031128
0.20206913442215124,0.22043219575970613,0.689868074389289
0.19707107699831258,0.2047594073875886,0.7182628572465151
0.20687564452957208,0.21278535265409623,0.7372483235939132
0.1986553683120986,0.21088894264296842,0.7048988270749202
0.18177783155709915,0.19586583420560888,0.6727964174638351
0.19314594588761724,0.20388897746356455,0.7020779037120718
0.1723259207760472,0.19529775039039637,0.6263560155276754
0.19427028481649883,0.1997445484904502,0.7222739539417088
0.1820116566369502,0.1947981861032955,0.6776842191279362
0.1867886070949093,0.195918280205388,0.6981921592589982
0.168904442554168,0.20078817867833773,0.5921884611775511
0.194379962562976,0.20554107639867653,0.7024384862271045
0.16322518897804475,0.19665397895758394,0.5757584442390874
0.19643496213397144,0.2054373902405557,0.7127960589963895
0.17820158403067324,0.1944948204479882,0.6591516613932498
0.19952262494829406,0.21353000779737102,0.7002417434938855
0.19204722157941112,0.21361219733331271,0.6649771097001816
0.15298159998800195,0.22287013873275766,0.46206997749252815
0.18954723206305113,0.19793309568133158,0.7050222277517423
0.21299582919200633,0.21714715847449761,0.7506238181382836
0.19701997207630023,0.2014569155263194,0.729783694405332
0.197713046217396,0.21544712722689116,0.685611584237263
0.17668523052264862,0.19759995652523998,0.6411197287205211
0.1872540455229841,0.20046903103867175,0.6846645829125941
0.17543365670474226,0.19383756109682737,0.6471070725146226
0.17721051822847428,0.2010720427433546,0.6326613908769203
0.18085406434113332,0.19624726317473165,0.6667816010490066
0.16208449157984853,0.21299740748586588,0.5262246752336
0.18930832658001145,0.20299719973527489,0.6862573807012167
0.14839435874866172,0.22533624132971744,0.43665572021629984
0.16294724997813015,0.2201523947578903,0.513041205399298
0.19389879980324526,0.20781210349288234,0.6924466736278133
0.18420606977043946,0.19817064600372983,0.6772247680310511
0.17808460204298962,0.20014333785048596,0.6399643546400393
0.1721110690732564,0.2010151631405501,0.6074719298059926
0.18183205911054687,0.19595902474538138,0.6727531905297158
0.1894394826273964,0.19860894025117154,0.7020805934065896
0.1930911140215697,0.19968493098981346,0.7165844378555998
0.18065451429393503,0.19509179114549108,0.6697079027610061
0.18411557298065048,0.1958882310392742,0.6846535510025676
0.16679832143449266,0.19839425765049803,0.58871825635322
0.17422589074401856,0.19918643469124186,0.6236664205400365
0.16997239872344744,0.1946476565874004,0.6163567588062773
0.19295202914643542,0.20799839084287883,0.6872746878817
0.17152952264423071,0.19831187779838477,0.6128201900633737
0.18691331051724447,0.201285284400288,0.6801953303499845
0.2029628627474602,0.207356427801205,0.7376808347321041
0.18485287723347116,0.20082869888714933,0.6714821038065301
0.17707298319156736,0.1952160050426496,0.6509352712335508
0.2109822450958651,0.21446041142835842,0.7506385165620278
0.19326937431380728,0.20127394605940657,0.7118128159097199
0.21034980456212962,0.21261237863724036,0.7541884700688982
0.18610217432357098,0.20088538132110367,0.6775115910799876
0.1729367150144147,0.19748762223945385,0.6225033934802956
0.1869484614496299,0.19954833919314224,0.6862921636099306
0.2000224939406696,0.233144329081193,0.643474771751467
0.17621283177217134,0.1975654807487291,0.6388405064176843
0.1697056522283108,0.19815289673395917,0.6041075058772826
0.1847143884788677,0.2034236127753687,0.6622357485491449
0.17637840871658397,0.20203971721223452,0.6255126984949626
0.16374100408035316,0.1970517101179435,0.5772139912527251
0.19177473585859883,0.21200220670061262,0.6687417931399728
0.20091589575963847,0.20710300477608626,0.7286996918408034
0.18611072070124668,0.19625922135631335,0.6935252252638585
0.19852493647772468,0.20619080043644356,0.7203276584762381
0.18559594169302984,0.2035489231523426,0.666158973445148
0.1880821582497306,0.20359480638524868,0.678220435488158
0.18186563180269086,0.19552337820200652,0.6744238618179603
0.18214008156578793,0.20490000252088447,0.6449003413375729
0.19247220553141503,0.19985311507481282,0.7128845876536982
0.18304405601661708,0.1989539238896536,0.668717929335275
0.15977198856794916,0.20780460921420238,0.5282461682781905
0.20519917494980758,0.21171427972544676,0.733059551538382
0.18648729150537924,0.1974797878712204,0.691145625467173
0.17901663887854488,0.21859470085138624,0.5902093617825535
0.17811114942991507,0.21639715196372164,0.5920186484311611
0.18084350111593414,0.19494715900980644,0.671174187818517
0.1763733579166053,0.23640436602289297,0.5345643993071073
0.1720668238697039,0.20614357929702334,0.5921446803532169
0.20509519583823574,0.20904015925282166,0.7419397133670248
0.17867429326253362,0.21176243531657604,0.6076351222074439
0.18246740812168546,0.1947079854972943,0.6803388560739141
0.1766724915366334,0.19373728812630123,0.6538364026962794
0.18336313985013458,0.21028068238080375,0.634214890023151
0.1782277290856023,0.19443384173580391,0.659492853408913
0.19609756604711068,0.20262618458723436,0.7210201699485336
0.19188549511185882,0.1982776397241794,0.7155899944604611
0.19464237426784053,0.2034112839552508,0.7110833354734685
0.1982996980530651,0.2035670239325289,0.7285055073665475
0.17107516145768364,0.19629979865153493,0.6167869875027858
0.18488043383740232,0.20232723435822839,0.6666449737487697
0.17725588849904605,0.19775834524149286,0.6434918756204567
0.18250706228753566,0.19520081017072483,0.6788243459217382
0.1831367111654284,0.2004778103309462,0.6640969938051899
0.19227015599579797,0.22893357434392217,0.621447318959291
0.20290289146472168,0.21459895266008244,0.7125053014909851
0.2152306512163218,0.22194362964715061,0.7444712492041696
0.18927811238391173,0.2110970682168873,0.6597823151234546
0.2008076432050755,0.20835850382600293,0.7237892403518731
0.2010948312943941,0.2108176850416211,0.7167085212256453
0.20521741295545112,0.20868343786187613,0.7437936356894157
0.18555434711834193,0.1995705787149046,0.6792301149358658
0.17894130140388975,0.22515485084370396,0.5726783185914884
0.1806566195633916,0.19808964705175924,0.6595832821553368
0.1830414821724139,0.20385900688990788,0.6526151785104187
0.16599590892209454,0.19596164778265235,0.5919316878308224
0.1976008844293074,0.20758109235256522,0.7110516798833264
0.18730558383814339,0.21220246407555962,0.6470499031964707
0.20267140716598292,0.21651628748735133,0.7051266624682997
0.186378101162391,0.2050862182104023,0.6649793552801185
0.13263464709752726,0.2523657035251157,0.32744008374855643
0.17583294580565617,0.19797898182439236,0.6355873974403514
0.19831913225905498,0.204354732564108,0.7257925001199855
0.17419455973948528,0.19973493192299127,0.6217968912286663
0.20413183232469914,0.21196306165178203,0.7271636440971521
0.20581898615330796,0.21121654701889678,0.7377214917700904
0.17411680154754647,0.19409944403879087,0.6394495469175154
0.18677244621044697,0.1997978266320303,0.6845542242175747
0.18671242275096095,0.1974858138814039,0.6922645230257441
0.15453582070185934,0.21334076397104237,0.4899945924823276
0.17433271008609713,0.1972353879379545,0.630377293780613
0.181614232669217,0.19493332060698412,0.6751756562674668
0.2060468197223368,0.21248867322874218,0.7343771192658056
0.21705670490140339,0.22016748170397604,0.7587710210812049
0.1837137014366374,0.19874518698541951,0.6727896331217672
0.19394032782611165,0.20723880535234165,0.6945626210370607
0.19774973987045946,0.20745121008638373,0.7122144036129543
0.19951966989086434,0.23505291780850893,0.6361106736512578
0.18802206444079525,0.19729148001609864,0.6995845154060016
0.2118867574452795,0.21475937270980594,0.753805318960534
0.18779098529790766,0.19892400589433148,0.6926815327211051
0.20444966734892953,0.21334446092312503,0.7239450543062506
0.17146482498598686,0.19849156635606333,0.6119394753936178
0.17896592525465027,0.1987271378635436,0.6489598081123928
0.18085983468706504,0.20338847324322756,0.6433984807515261
0.19847709027606375,0.20944890471160194,0.7088940879423907
0.21133754760190154,0.21864208033402258,0.7379071190478242
0.19971918926571008,0.20822845488728642,0.7190140720525096
0.17132944075563655,0.19796131051109037,0.6128947138326776
0.19012260391895466,0.2011126662219996,0.6967368418470438
0.19589868289832885,0.2071675171083476,0.7042546289823253
0.1818377612199847,0.2159825978239661,0.6104091836483855
0.19008457440440873,0.19728957357907428,0.7100455024718395
0.2045446161465752,0.21078259656379392,0.7331943844794695
0.17557694751336167,0.2091918342322374,0.6002956471711538
0.19384593082045729,0.2081145254041527,0.6911864058556817
0.17264782268220605,0.19534187887381607,0.627862409173571
0.193101703760675,0.20164037570680293,0.7096877461126802
0.19167187007438108,0.20357508125426732,0.6959195064617536
0.20674285107248835,0.22055633639107097,0.7106703604042724
0.16218342845384814,0.20807639050932375,0.5391453983762818
0.18742881604294376,0.19810945137323765,0.6937014619460444
0.18846951332465503,0.22297086913151692,0.6210206466163088
0.1880702812558451,0.19732383452445482,0.6997141606769947
0.1888591133589828,0.2078162330930234,0.6681822266349435
0.1736796827614697,0.2012393430403612,0.6145899747678271
0.18395018065551058,0.20023725782776242,0.6689573264668365
0.19030138628128637,0.20133458371692817,0.6968568622991612
0.1918080408401128,0.20289739560826048,0.6989150374009996
0.19244167290951006,0.20033203126565663,0.7110279470017491
0.18624919381030147,0.2002564082322636,0.6803737019605157
0.1702291725100807,0.20398689610108037,0.5893965485435118
0.1854427983178953,0.20368994983187938,0.6649459064116144
0.179150447346465,0.19670624755854796,0.6565650504213115
0.1820337225972795,0.2010643253613937,0.6566740388179836
0.19681730224047506,0.20662610703468232,0.7105457502319961
0.19292647344539873,0.20284240525880243,0.7046183132320966
0.18580131088936466,0.20371527470612544,0.6666231144683099
0.1635511395281641,0.19793931723930316,0.5736664201528184
0.21382586321662378,0.21664574670518102,0.7561923818405891
0.19781052704136515,0.21063840632560166,0.7017263832355525
0.1700404818269479,0.19788621738144518,0.6066136561474518
0.21067051506654066,0.21718315231502872,0.7397927203556044
0.19396071428675887,0.20150476042035817,0.7144283538832685
0.19328525285822523,0.21028319754914013,0.6813918302946746
0.17297068703070592,0.21855648884903825,0.5626494444447471
0.18799472964661904,0.20478373150897522,0.6738559192655936
0.19238616417444793,0.20052712556222124,0.7100593686526822
0.20528678840698977,0.20866351442689526,0.7441971292082025
0.18533052706702577,0.20750559868390073,0.6521777143621973
0.18345267364578566,0.20319731899627796,0.6567639489782351
0.20213091087210922,0.21081812361355529,0.7216215962104666
0.1807512209279074,0.196362122840263,0.6658678315179509
0.18752359565726082,0.19657339049561523,0.6996043325626435
0.1989303002491887,0.20424583331131835,0.7291717918288405
0.20508147620832995,0.2088205386676177,0.7426543250861694
0.2020297650821398,0.20867644618708905,0.7285430045412857
0.19014783835806548,0.20455738776656493,0.6851272392957922
0.19706725511904633,0.20251740794432352,0.7261956224497913
0.18901580813279917,0.20052436775515767,0.6932614209886896
0.21494595928383634,0.22279737231805113,0.7403406852050756
0.17735427694090034,0.20004232434436436,0.6366366585586427
0.1844679764369338,0.1999650187829844,0.6724574990932168
0.18667167200889315,0.20332219300810983,0.6721925923917305
0.21200502762313295,0.21551904653941634,0.751697031999925
0.1943503070740441,0.21279462238273905,0.6783550517287563
0.20845707069114863,0.22191243020701393,0.7140522526986427
0.19452539023017695,0.20910760413182206,0.6911532023439364
0.1878256875992382,0.19653788357680319,0.7012677916895274
0.1818621554633245,0.19472786376286874,0.6771612080328707
0.1747154148614421,0.19447039487598253,0.6413079735914328
0.1736380493845431,0.19585536263283695,0.6312722190626097
0.1919649337353599,0.19978504284786736,0.7105883989697046
0.16896487139347835,0.22230419001127627,0.5351445305076972
0.17858366865888342,0.1948251906596235,0.6599950869984275
0.17471247780573013,0.19364253335338427,0.6440345292226602
0.19525996491382566,0.21628216118535548,0.671622495899404
0.17963029489897436,0.2076775009052063,0.6241903640690654
0.18316587894553044,0.2027149802960874,0.6569118806662789
0.17872336128988595,0.210955424709866,0.6101922312115151
0.17780030311671874,0.20145560611818245,0.634384446177912
0.17561144396007805,0.19679266296892692,0.6382933289535891
0.1986505147944881,0.21970139500369196,0.6766025076535819
0.1863837835198289,0.1958617364236041,0.6963268375445318
0.20137122049967024,0.2059886910169338,0.7348520918909397
0.18232039196665867,0.194451787528855,0.6804791750604167
0.17222252616729597,0.19741284387995925,0.6191214500795894
0.1863937544348413,0.1992116030517002,0.6846677218868815
0.18141538376453417,0.19615539170026913,0.6699555012249702
0.2016101464569663,0.22408279225037106,0.6765809410638279
0.18214862127168358,0.20523673646003143,0.643883856033828
0.19236691249869248,0.2005999900449242,0.7097054813751962
0.17519427997259845,0.19456244185667293,0.6434658137402723
0.1927807116053536,0.20023895248328216,0.7130516307374025
0.19323370611544982,0.20051875870509833,0.7143157430278269
0.19214445213322828,0.19899464559411092,0.7143129490185385
0.20033809116407336,0.20544934803636766,0.7317525833056489
0.20413347865833864,0.21167985905827255,0.7281442804433643
0.1733282011396291,0.2009324483950442,0.6137794175341909
0.20090972784765757,0.20431754979072828,0.7386038448592716
0.18482297333039824,0.20562833336267994,0.6556634055512295
0.17090753089570346,0.1998922937206726,0.6048633924060043
0.20143440542362337,0.21565712418984267,0.7021998739550837
0.20438347986692879,0.21244603639238707,0.7266950350713207
0.19298493703556352,0.20084771965614343,0.7119071965584548
0.18761423703451213,0.20103522310329214,0.6845279892260759
0.20345676889495729,0.2148213341781839,0.7143460377528069
0.19835783371719934,0.2028793976691351,0.731261209475533
0.19279299857744694,0.19942437148619283,0.7160258172724552
0.18902954581493472,0.2067796705315191,0.6723559693153812
0.19707667603515755,0.20119489603216273,0.7310159399453457
0.1717659842153586,0.20140391255422532,0.6045859917571101
0.19396299642382958,0.21889759346030843,0.6576728147079134
0.19452792284795573,0.20353846391916597,0.7100767101463147
0.1941761454099934,0.22209339080570692,0.6491690044757903
0.20440792191892954,0.21259178805688475,0.7263117890405696
0.20937064312742573,0.21368081014765714,0.7458350753036637
0.2070105563310231,0.20940341637785467,0.7497994017810479
0.21540326241676683,0.2181715223290681,0.7581340619115683
0.20425264611338081,0.21186036591066976,0.7280863763749985
0.19813955701338087,0.20245097938090936,0.7317305031884181
0.1850097015225834,0.19536143434636327,0.6910765268196172
0.20333645597886035,0.2063856047200352,0.742961003442383
0.19351698363987135,0.22399402748129393,0.6407179033014917
0.20117046874459038,0.20485578230273915,0.7379360594332077
0.18802179849922315,0.1984287072408523,0.6955737424207104
0.20548569528529156,0.20937309838079182,0.7426249909265135
0.20639284911205674,0.21075277725009767,0.7420677969356833
0.18019960046566516,0.19898884087442856,0.654306039944357
0.2014767283545777,0.20573803237940155,0.7362602169502596
0.18879233087013644,0.19804890353450869,0.7007982795822588
0.16886402415084967,0.20465922584095542,0.5807899627413873
0.20223987509370886,0.20712520099151774,0.7350137712114685
0.19867929204590615,0.20242632686026693,0.7344859453411814
0.19213114376160084,0.20394425092795995,0.6969117448268076
0.1726660643265947,0.22870250605813572,0.5363564503111008
0.20994951809941798,0.22281748882551516,0.7178499270525031
0.1832919347015239,0.1996793497121844,0.6675298917672229
0.1507408292287525,0.21780477531277911,0.4625281015261643
0.18595362238585253,0.20408856034050252,0.666150136778988
0.19376491316335726,0.20158878588082593,0.7131592788516885
0.2149530903541451,0.22144006270247005,0.7449107823627125
0.18062563556979444,0.20063016737661699,0.6510767412389578
0.1877958143537969,0.19621239487259676,0.7022788465696548
0.18258577052652336,0.1976419127640552,0.6708383291392458
0.18731642787950728,0.19822168239369714,0.6927417133246646
0.20773612942236414,0.21202436974563493,0.7439528277414514
0.19244256601463677,0.19950268542683255,0.7139882137921271
0.1844112623157196,0.19758725532546997,0.6802628139872405
0.18483831934191025,0.20691136017129816,0.6516719006161868
0.20618163709484263,0.2163967489451356,0.7217374468709801
0.2071133974660999,0.23029592996328255,0.682223943302643
0.1843307473866204,0.19657893011007807,0.6833425500454161
0.18666429689299469,0.20261434058477362,0.6745045612199128
0.1969798162074783,0.2025443005662566,0.7256674998830591
0.20143879447084462,0.21618694872072516,0.7004992455232644
0.1785295592533132,0.20890827260400782,0.615243990346639
0.1958378043004107,0.20045946642257043,0.7275176717919785
0.16609297532990389,0.20918855235827488,0.5549681090152235
0.18604490515365796,0.2005970513522203,0.6781999248572312
0.19723426745676242,0.20886870814323136,0.7049129990108274
0.19230281114059408,0.20025517698409706,0.7106074024338198
0.18845344484415716,0.20296033033956132,0.6821699817521908
0.18625718588188517,0.20580366613729803,0.6620736570891976
0.20339939309918068,0.21142425237283535,0.7255524916255541
0.19294764260193814,0.20261326528730145,0.705519662788324
0.1744309026687303,0.20387365641875999,0.6103334038074398
0.18159487852493836,0.19428810729028959,0.6773182381581386
0.20550163978680175,0.21117228343615638,0.7363733405563827
0.1795891650527358,0.1966588013670213,0.6589543114873642
0.18769923593835564,0.20071584915961285,0.6860406715010071
0.17130014791015297,0.19641204958260833,0.6175799711266478
0.2054879640294992,0.20979777857496607,0.7411325567202773
0.2017973460404272,0.21605531947669138,0.7025855526635322
0.19283201464601596,0.20346588157783574,0.7019949169776442
0.19928460033656903,0.21267028986965245,0.7019532461636598
0.19464127414900673,0.207469012547752,0.6971704948743391
0.18371108288205706,0.19543076839325366,0.6841864460820123
0.17817253441037617,0.19942722150547032,0.6427033052098176
0.17762247329766198,0.19579059158232384,0.651831491320668
0.16651666570584833,0.1946572848570184,0.5985733633931724
0.19417372129925803,0.20061567489489449,0.7186563132456762
0.20263157651395952,0.20581506435564945,0.7415957475795426
0.18793467621702073,0.20855427535378565,0.661385032663714
0.1708888320803031,0.20911881340520103,0.578086830695915
0.2117853173621264,0.21926398966850072,0.737856305573593
0.19751063956764478,0.20581564085768028,0.7167124857612114
0.18685811148789067,0.1987661452814823,0.6885383388306864
0.18879286051879013,0.1972718554435161,0.7035613884542695
0.1833583159753565,0.19655696772007492,0.6784715775900538
0.20560346195904552,0.21037529229844215,0.7396470386755478
0.17440558134221382,0.19500487522038798,0.637961390460699
0.16559519239276027,0.19698664615862208,0.5868174043619082
0.19354973353029217,0.20537073131720032,0.698978538030212
0.18235543503235424,0.20828690034063754,0.635447715703181
0.16116390359937968,0.21199478645696584,0.5243709312726214
0.18996367876913978,0.19796721081284532,0.7070043478132293
0.17881734974351526,0.19393143532802776,0.664241717829941
0.2104524811909138,0.21381917583682386,0.7504120271858271
0.19449254387668224,0.20682457926179737,0.6986236567839668
0.14788320897775037,0.21096900902828192,0.463969610648493
0.18455405407728703,0.2109239364361584,0.6379269055506809
0.16882194150391944,0.20255724901546873,0.5866091787949061
0.18752571786976024,0.19946438793399857,0.6894750451156554
0.17927800363098834,0.2079948415796944,0.6215442779692917
0.19491020081043967,0.205047791393414,0.7067142729297111
0.1972512864413024,0.20352871290165336,0.7234914638921506
0.173832834024232,0.19976771568985943,0.6198841168934585
0.18800130424203887,0.1963750841492866,0.7027434505750674
0.18284833791482058,0.19801965146539255,0.670884616409085
0.20627451874685399,0.21112327134933057,0.7402050837317585
0.20253163670570767,0.20557027459172203,0.7419926689724327
0.18296434021717,0.2079496832916046,0.6394063126834206
0.2010894344668751,0.20458415682619557,0.7385197212276468
0.19608864253550973,0.2009363154031645,0.727039521165665
0.19006942942762897,0.21117625478893934,0.6632820984898218
0.1942557995620963,0.21505332713591857,0.6707908288762412
0.18183446489159197,0.20028388253362595,0.6582380130835445
0.18813389378858403,0.1969393609576519,0.7014031787088368
0.18334377341726743,0.19704225906497272,0.6767267795752314
0.17356314486701227,0.19685102617472186,0.6276987591486547
0.18299462333954225,0.2054991087915382,0.6471785893458754
0.1855364675050433,0.2003108872517468,0.6766305584513921
0.19129425402011369,0.20694509917502082,0.682762020378246
0.17468919700590807,0.19981666661425948,0.6240180016946089
0.2025367221236237,0.20567048258395998,0.7416558769504237
0.2031448749959252,0.21049088688391238,0.7275605954398682
0.1784368913511339,0.20277483851150907,0.6333965904938649
0.20774835163336938,0.21294089617384518,0.7408081513124818
0.18039987789315193,0.19733781323833072,0.6607951905074784
0.19967352305759584,0.2045668250623724,0.731660781321509
0.18037245166745342,0.1952405703211759,0.667752872535597
0.17563518948295553,0.19456567322768908,0.6457212487627859
0.21180715223100882,0.214520609436526,0.7542732265026758
0.2081241469269704,0.21267650436717572,0.7434960782220527
0.18599502715148078,0.20391176204778155,0.6669307635113946
0.17658233308403043,0.1953639423039302,0.6479308903743592
0.17049322967982491,0.20884160231433552,0.5769598985285792
0.18245293998438547,0.20289545610894782,0.6528137323748779
0.1889433289384878,0.19909082993681526,0.6978891442794415
0.22047230911604768,0.22606300507518054,0.7540920242980695
0.17504085180440204,0.19810475498507754,0.631185515026234
0.18028272069299997,0.19592125622579687,0.6649749149364922
0.20146326104337087,0.21766997805985958,0.6958390054218605
0.19933439447979584,0.20809470279808778,0.7176270826302269
0.19899370877364508,0.20960741136219738,0.7108227128294952
0.20750112964470227,0.2157462852706119,0.7300293928451542
0.1885761944829698,0.19655044398661023,0.7050413709185523
0.19156523742365528,0.2033127104737613,0.6962930998941412
0.1853644510755839,0.20363655610707235,0.6647355153875669
0.19650679146454658,0.20931765694930848,0.6999256230926896
0.17279331401235232,0.1960260288982319,0.6264133120612325
0.1882866317932267,0.2189814820183616,0.6314992049493544
0.15716928318047385,0.20292246378082873,0.5281292232693596
0.2024834502340425,0.21153728104557404,0.7208348782794042
0.19880103321875192,0.20320923815717673,0.7322552585117141
0.19275516467542853,0.2140237877036047,0.6670060660412477
0.2166977216736999,0.2220543619735202,0.7507068097747095
0.15716514264253595,0.20173679459875846,0.5312126766744785
0.17909812762338895,0.19462417684094271,0.6633200957807768
0.17482155830524937,0.19412604525235255,0.6429923307971819
0.18227279040458033,0.19541508368907562,0.6768811695981422
0.19058097820741843,0.19971863022435313,0.7038951651605929
0.21046952414335598,0.21641045193884423,0.7415054250184889
0.18392491571131708,0.20014809023561259,0.669129121110583
0.16285520936390116,0.22261322109762346,0.5069564548208496
0.1873703471984044,0.2059428762785892,0.6670313131519863
0.17736579698806082,0.20572183227794877,0.6191165788178385
0.18201682222212218,0.1950202113544446,0.676939181355848
0.17636705912048709,0.20155105151486805,0.6269729588146813
0.20702386966606118,0.21186038071000032,0.7411667492517127
0.17617986225814583,0.1966028090185496,0.6418009126524773
0.1839639067473689,0.1957797338259293,0.68425829440793
0.18527422764794085,0.20082358109694962,0.6735973281077775
0.2009707402872146,0.2105034084604629,0.7171890535709314
0.18230041523240403,0.1953732533975963,0.6771674880346326
0.1816507896408559,0.1982128139476463,0.6641890956435776
0.17020697559980802,0.2046531745211892,0.587369220541273
0.2059221158379131,0.20999635306698217,0.7424991603934136
0.2070651632402719,0.2127776767039093,0.7381656086922873
0.21685503765301023,0.22799815815004004,0.7318262524875617
0.2002926365351386,0.2106197496739308,0.713573331882755
0.1891257723166011,0.20194721985277128,0.6889214539226147
0.20126721309235393,0.21590835202851105,0.7006084371964398
0.20804744767154307,0.21158261033971645,0.7469774922323839
0.16495951579670165,0.19820573556486704,0.5800009544076927
0.198880093346182,0.21339125110487098,0.6976860230929289
0.1661680319243501,0.2188160672749287,0.5308935187944505
0.1765831740364546,0.19952113735074303,0.6344349060818101
0.18287003938727125,0.2129361045867967,0.623990185436641
0.1787962411468363,0.19587961339374071,0.657527544165308
0.18234699792912756,0.19865441085555,0.666217263231888
0.18873535276207504,0.1975221018625993,0.7023788804079373
0.18808216258256988,0.20352198909092623,0.6784631144739834
0.1546334171514282,0.202693894773704,0.5162139553746566
0.13881566354003466,0.23713289069047025,0.37453962325270945
0.17459211416849968,0.20172859064813634,0.6176224885535367
0.19873344961954353,0.20600342627912324,0.72199502846141
0.15782224184076787,0.2003965458784663,0.5380444127323352
0.17480606268029922,0.1967292581984878,0.6344051912927844
0.20081240904162018,0.2044041850489281,0.7378146832244179
0.18758857477580707,0.2060406583062472,0.6677739039801706
0.1833067426806183,0.19759530714415635,0.6746452869114139
0.16434669897705373,0.20056519274619639,0.5701223498025045
0.19249706962724444,0.2054299400302055,0.693652880423819
0.1906403514520712,0.19756854616550537,0.711855982046126
0.174487881716362,0.20880663093596516,0.5961873967237121
0.17767138260809776,0.1943625101345849,0.6568724725755632
0.1835492363105618,0.19861511984184888,0.672402163626329
0.1906176316972198,0.21095184575729747,0.6665864012349151
0.19841983171231412,0.20510214255795717,0.7236386215242684
0.1750440912133823,0.19527089300477135,0.6403621619650548
0.19458743687145152,0.20098089761586413,0.7194088522173997
0.1849408641999183,0.20389755617283856,0.6618071679364931
0.15227813613345068,0.22470584951480183,0.45516454669202283
0.20067138613424348,0.22235158191817028,0.6776267784309872
0.18471382691812288,0.20505384568673865,0.6569680586431215
0.19034103823275314,0.19856549654595693,0.7067745437852136
0.20674249332080458,0.20931995872572828,0.7488177155919666
0.175236146055333,0.19685056827017963,0.6361990577718067
0.20377348186860256,0.21204247009093763,0.7252013325568905
0.194169109204543,0.2027543198973255,0.7110532060552398
0.17691419043255016,0.19741861086636903,0.6428684199305671
0.18583897747206388,0.2219517790059252,0.6120202238542883
0.1994572905010138,0.21219327722459444,0.7043450784862605
0.1780066518052959,0.19562637866544488,0.6543424904072346
0.19471558585325843,0.21228420884402152,0.6817067865824633
0.20809326978457507,0.21453946728162698,0.7368959743758721
0.16745238772734666,0.20038368018477146,0.5861374919307061
0.19763450138187666,0.2173019041276372,0.6793981027205367
0.1843805080334976,0.19574608897702608,0.6865041786314785
0.17223764385333779,0.20346428666919136,0.6007818170669017
0.1864716547764499,0.21221594096810734,0.6430791869540065
0.20216054880193293,0.2051824459604978,0.741586582076457
0.20609762719761449,0.21683258516044548,0.7198993042586745
0.18898867739711345,0.19916518863753854,0.6978562787398528
0.21571975817720832,0.22355657446623856,0.7412877862030188
0.17820846764712756,0.20353213357948177,0.6299175731730862
0.1782054080682291,0.21002488328828484,0.6104296122486187
0.1884927633667172,0.20944699583667073,0.6612306030625309
0.22239399611360833,0.22765166634736844,0.757270960848388
0.18203968020781525,0.19661007714608633,0.6715814475252272
0.1663882627783985,0.1990816122726836,0.5846258800585792
0.19220654647932378,0.1990750692383636,0.7143362904425367
0.20118865504189903,0.21333959937202604,0.7086760052373264
0.18463405538648053,0.20110444341554212,0.6694733000418404
0.19440821387501175,0.20097563881555544,0.7185359117457105
0.190262327252165,0.22727360617587222,0.617151853276025
0.18528161597384996,0.19610664529349695,0.6898369801359099
0.18458710364671893,0.21753154848426068,0.6187015381654256
0.17323062775673004,0.1947425914471001,0.6327872441309502
0.19915808292668646,0.21056601340296527,0.7083673215640885
0.1994501729368337,0.21741761249224767,0.6873876096039025
0.18386354072720007,0.20303385771144733,0.6593163437668981
0.19923962481968832,0.20447495828596066,0.7298674912111973
0.21844738073737066,0.2217888132777329,0.7594944859839889
0.1740766643794283,0.19970696025672152,0.621293640541766
0.17049880788314437,0.19718479699580393,0.611095833548002
0.16315543388840087,0.19781095575553054,0.5720382546872012
0.16451142256264464,0.19614505379621516,0.5838098914368559
0.16400579368279974,0.19903329458105365,0.572797601138901
0.18553925104199845,0.2021089928579628,0.6706245433485093
0.18446885448954245,0.19865572422020347,0.6768939330461379
0.18864515483874916,0.19881974569018243,0.6973409726355734
0.1732422227375433,0.1944845407841727,0.6336864731799435
0.21021093054143253,0.21580127034082283,0.742400312511625
0.19275554455460048,0.20601412247867656,0.6929405753208806
0.1936366650355453,0.20126292030930493,0.713676740925758
0.17713042656953287,0.19782905650463603,0.6426276746993111
0.20017239876689136,0.21123710415780633,0.7109186587537382
0.19880578363652987,0.2025564336474451,0.7346386434485231
0.1646885376573316,0.2253131044647594,0.5090184964153726
0.2106736596308062,0.21372422216627066,0.7517802989396645
0.1954362535103915,0.20212398097092113,0.7195398230916248
0.20665093298366183,0.21395388266779647,0.7321714896237326
0.191563712523004,0.20102983993691242,0.704192534637792
0.1984915374779412,0.21167844616262813,0.7014957836749154
0.18078476276241273,0.19756731384689097,0.6619757095233233
0.2039915826323025,0.21348745938688532,0.7213144185356413
0.20554773571757443,0.21368337133389506,0.7279356121470038
0.18987249270444417,0.2041509611001422,0.6851424649224772
0.1931229969190994,0.2001860979821527,0.7149497310840203
0.17203504143610535,0.213514521301428,0.5715538254366457
0.19857546196304987,0.21267921850190308,0.6985894673189257
0.17877579493877666,0.21913531321664187,0.5876542354059847
0.18913663589409635,0.20298745888950767,0.6854444932474016
0.18683461411353952,0.21211495580073383,0.6450964930642865
0.18390850231662248,0.19503954095661233,0.6865710494386942
0.22173993586572396,0.2273646410989045,0.7553502384349042
0.1829686530148884,0.20613297096180738,0.6450625166583615
0.1983294349048774,0.20248478952122648,0.7325460606478197
0.18308871034406565,0.1980223199206415,0.6720894412175439
0.18779182389314356,0.19636461484813358,0.7017141250204898
0.16782496331936753,0.1959229545205835,0.6013841696481201
0.17542778042915758,0.20789260568309417,0.6033296856183344
0.19600647745367591,0.2088084724319277,0.6992363660017412
0.17904914826943846,0.19443368928357335,0.663718045699507
0.16243601885867537,0.20089933951388586,0.5596634569866465
0.19395809644957174,0.21404264218562336,0.6725673677898609
0.19383008875293983,0.2007891608053571,0.7163239697603359
0.1955491510292496,0.20024536142754812,0.7268540454152369
0.19335428142465605,0.20397366951428034,0.7028077779157654
0.18711739821849488,0.19761011112481486,0.693878453071101
0.18471867239738204,0.19758013519416256,0.6818432038473586
0.17882158200986392,0.19719971723060617,0.6532543951836373
0.18040370957571827,0.19906357451125628,0.655085742813005
0.18398379039750087,0.19661515699243629,0.6814519920387173
0.16217600906261603,0.21346485403284382,0.5255010693486646
0.209384853836108,0.21686271734525847,0.7349573766631253
0.17444087237254727,0.19648224706105152,0.6333441022479789
0.19446328748433045,0.20106587220290986,0.7184873589016753
0.203320227552713,0.21077616872165572,0.7274077922688822
0.18231309034574364,0.2230998447971338,0.593066707267577
0.17397042394497755,0.19717341506376454,0.6287380269033042
0.21629112757766736,0.2199638630425991,0.7559929402833897
0.1566597064434144,0.21151979682351227,0.5042540133130378
0.18595297843525221,0.19763598060837284,0.687895888272748
0.16105493439166832,0.21620040393800738,0.5136666369204003
0.18783639718046344,0.2036576747509138,0.676804335260363
0.19174173378097426,0.20347253216761868,0.6966136031776948
0.1756698855422383,0.20706388610827206,0.6069135854840786
0.1842348644817028,0.19853498763971617,0.6761269944283091
0.19792971330417047,0.20323316634468208,0.7278817525938788
0.19648161691048746,0.20282375159992336,0.7222113571758959
0.17720277100860607,0.20838741812137532,0.6104148328884077
0.20665692309096984,0.21085746896084245,0.7429517382666773
0.19478943013347888,0.2001379478603554,0.7234481600386176
0.17810879940660032,0.19961353436014984,0.6417841346141482
0.1921177851082781,0.19862759723922263,0.7154986874110681
0.1861831845798046,0.20647946653154484,0.6595483166797085
0.17242237853458767,0.19419502287727644,0.6304094549938788
0.19730256235753035,0.23231724745662563,0.6340577979903632
0.19113435359919168,0.20582193947076297,0.6857109303415142
0.19147768882786637,0.2127105680682312,0.6651182877875845
0.17831658524892535,0.20941714157484248,0.6127320060047089
0.20018998192136747,0.21470439888857146,0.6995198174738559
0.19130944680687362,0.20610185090533312,0.6856291983121491
0.15132081389528107,0.22361473276698074,0.45310437573387935
0.19080512189263235,0.2037972786411256,0.6909077630059106
0.19707589721828989,0.20698461064663487,0.7105644074639857
0.19423946074209536,0.21115788991754114,0.6830881895932094
0.19593663151619783,0.20366380772644704,0.7165565308108842
0.18209570786678234,0.2131692429565277,0.6196752685082295
0.16728700909288388,0.2061100949297943,0.5690502890352579
0.18735961762867107,0.207326827078284,0.6625269848788347
0.19122060177722175,0.20110517022247604,0.7022226311784726
0.1789764593020528,0.195017356573697,0.6613588737334394
0.19713677974060212,0.2076844751250067,0.7084630647141029
0.2021598410999469,0.207139342010457,0.7345772156226383
0.1764307670193767,0.1973182282966842,0.6407455008630913
0.18948274113947303,0.197505173748841,0.7062232269259302
0.1889618445088477,0.20013086122162432,0.6943549018907271
0.18879956505660814,0.19658416910296095,0.7060566763334429
0.21806990107961483,0.2265093965914904,0.7419996857027916
0.17892445650216754,0.20190405324312546,0.638543181433418
0.1888925356001036,0.19963056948332034,0.6957478304028405
0.16397977615648412,0.2057445308908326,0.5539869063006172
0.20725283795659272,0.22669307598718155,0.6936816983571419
0.19364827917109242,0.19912261052934788,0.7214061667292206
0.17629678046214392,0.19727197370572483,0.6402165400876648
0.19430604749764097,0.206869123106869,0.6975717078043212
0.2097612371110387,0.2122175550842556,0.7528181966266152
0.19646460202156044,0.2062832893014277,0.710016805130258
0.18477568519678744,0.20088962186998674,0.6708942151527001
0.17721843535252876,0.20255809073870554,0.6280590169890429
0.1817585256643801,0.21316261145583423,0.618112739211208
0.18583766634430998,0.20866627071645302,0.6509804669336978
0.17853025915513282,0.19493608886541372,0.6593456342702746
0.20220043210125765,0.21197651985004765,0.7180060895844708
0.1834447238670459,0.20221376468047264,0.6599190914520984
0.1861845042101639,0.1985080600691862,0.6860401747047418
0.1757399447621083,0.20508503735239728,0.613111255630266
0.15803370745982045,0.21825120911120044,0.4949970627872974
0.20732080616902604,0.21025356688342278,0.7482432212731694
0.19758259072595352,0.2051072038796005,0.7195387969531565
0.16879666527565024,0.2185568126639979,0.5435505021675272
0.20961510030681063,0.2148809877801418,0.7428069926322325
0.17208367731604488,0.19379733000018567,0.6299554143286077
0.18221268025311926,0.20601554206607767,0.6417607085717505
0.18648204824024253,0.20889936212793533,0.6533387505350897
0.17279893650458655,0.20534417627755694,0.5980151895742263
0.1980427438618593,0.22261389401952805,0.6650202338622796
0.16522053473384207,0.19686998161364383,0.5852620790099005
0.17279962070148994,0.21920019013668945,0.560216761787087
0.20825867652279048,0.21084922111484738,0.7505774775264102
0.1924455939775548,0.19858182883899458,0.7173143424570145
0.16567746034769545,0.19583630676429045,0.5906844458975905
0.1928332203754467,0.2175654291143597,0.6565069687628028
0.16184309666757934,0.19914153091507128,0.5616261768886247
0.19759912927124068,0.20973164833938243,0.7037522969942979
0.18227476400040754,0.205578207971721,0.6434279455271984
0.19142818966462033,0.20752527442630686,0.6814986273628185
0.1791585537863991,0.19725806616871122,0.6547694413466072
0.20210048420092083,0.20628347335350317,0.7373372269152642
0.19051362402765415,0.19900815773041783,0.7060696688524596
0.17411318141508175,0.20513244764753366,0.6050392458063861
0.17519343942979837,0.1958595568141812,0.6392000547033493
0.19497523559254526,0.20520041910479406,0.7065055530832405
0.18957235565260874,0.19812777674786966,0.7044562753572081
0.1914810378417026,0.19802565182748358,0.7144581347721473
0.17593100920126348,0.19935522559820226,0.6316915386761706
0.17497911988945306,0.19377342695493024,0.6449755358794472
0.2032913677567441,0.20957540926770254,0.731437759288526
0.17334790649483459,0.1997639216826835,0.6174683869631249
0.17863529298552483,0.2072532105964601,0.6206673113305292
0.18483910655791547,0.19977643407905923,0.6749500118945684
0.18573620789706063,0.20179627159003188,0.6726398204859876
0.16901951555522635,0.20355249073141363,0.584711663942604
0.18394988226395056,0.20216814424338983,0.6625667103254831
0.17288814379396644,0.2030366723106533,0.605250974592133
0.18011620353158722,0.20806705126235236,0.6253570795672174
0.19155409024043593,0.2018326143380375,0.7013439859791706
0.1751233632018422,0.20598181898464188,0.6074485788047704
0.192629361855776,0.19903001228137518,0.7166223838349377
0.16419547738201146,0.2000562972096201,0.5708167099701781
0.2236827693051193,0.22936860644295248,0.7572211908098107
0.18689826739037568,0.2285081227734478,0.5990958471358244
0.19521172850973392,0.20015922078864667,0.7254810841967992
0.19289426422111605,0.20633556540617745,0.6925333688345227
0.16683766610737086,0.20925979004071737,0.5583378731510569
0.18903391335045347,0.2025909035266704,0.6862791513842581
0.20151452894376987,0.21514801477782236,0.704233915893832
0.19165841546931703,0.19942027958117783,0.7103511025399614
0.1707151675007716,0.19663279806183429,0.6139116601636865
0.18236857692953204,0.19586682916981193,0.6758090560335338
0.17749343725709443,0.19388251290035033,0.6575808996380306
0.1724830741361085,0.20850122694529868,0.5874453399175561
0.17323480101986205,0.1962456315347029,0.6279620089177371
0.14673447749187324,0.21895306134787007,0.44180463564372197
0.20344491776448992,0.2078965412593357,0.7380830716807291
0.18605180268333937,0.1959615076457248,0.6942781994171271
0.19335606257392673,0.21170581935720445,0.6771474823374914
0.18555347509782116,0.20525237998438212,0.660423402194584
0.19323375783064511,0.21069650626348044,0.6798107874248673
0.17921064444392515,0.20086309675484199,0.6432771700300415
0.19482326358525306,0.20552850911649903,0.7046383210183429
0.17910988235068276,0.1979255625338021,0.6523153487495236
0.18732625465756653,0.1962303753665861,0.6998215969419702
0.18117247077141563,0.19635677996384146,0.6680312785510675
0.20455200369210313,0.21331371434985524,0.7245291478944613
0.19154548211063613,0.20588558286480585,0.6874958418219188
0.17282948421177544,0.22059232960881184,0.5568166600787775
0.1955155607012813,0.2016705379865602,0.7215509124638662
0.18340320453584444,0.20400146046014464,0.6539325955556438
0.20158456088825732,0.20607887925175183,0.7355657282233048
0.17379301860400098,0.19475261293680604,0.6356424015947336
0.18882062895250848,0.20405858445100597,0.6802979121215995
0.17837750034450922,0.1970230643148889,0.6515861520625422
0.16625634984601956,0.21472125082658236,0.5414291757265932
0.19528702647777915,0.20467679077207102,0.7098363518879452
0.17982853458767073,0.20289750155358666,0.6398725149081351
0.1823644138530034,0.19545198828657465,0.6772221404006835
0.19386395537768514,0.20757267007830557,0.693077539174176
0.17014651818394208,0.19480972457906084,0.6167377857730212
0.1772825180112172,0.20387524921911304,0.6243156954987777
0.18986234744941693,0.19888745666296953,0.7032235707374181
0.19140190281880992,0.20955121174492225,0.6747844674405054
0.19046202964210118,0.20341252783504402,0.6905279194800032
0.2020556914972387,0.2052324125002235,0.7408951132271716
0.19585045675721496,0.2080175009963304,0.7011451250911235
0.2004400619717378,0.20979693484419834,0.717074642122199
0.17199482040431574,0.19369857194117732,0.6298178617515224
0.1599139992260807,0.20854883120029877,0.5270420294061242
0.19357657544946377,0.20699047269042375,0.6936385698495302
0.20021713890037002,0.21066555628954167,0.713059797463566
0.1800308253585784,0.20145992580362923,0.6454426350048619
0.1681570059095389,0.2106130887084318,0.5610145439399206
0.1659327223542374,0.19614273323773448,0.5910630510778154
0.20556816502314387,0.21174905872683517,0.7346817310948857
0.18832278726431226,0.19931586655599653,0.6939878377693094
0.17560180288197125,0.19549922164288833,0.6424670227659716
0.2113044036615483,0.22050691126424796,0.7315163172742764
0.2101097717648756,0.21389051373736195,0.7485594801154941
0.16803484749953246,0.19535446741929377,0.6042085909721816
0.19007668371222985,0.20112863900163874,0.6964531973543985
0.20645196727480164,0.20877669966534101,0.7493746549571222
0.19245207718708882,0.20355953504099564,0.699805475378001
0.18694184313706527,0.2446743580623531,0.5596902111915089
0.19934112797258696,0.20703731672788597,0.721324688383928
0.18646211695779957,0.20779416499886308,0.6567177521974509
0.21032814319833587,0.2145832677208066,0.7471605074396488
0.20198415982424364,0.20558632502312554,0.7392717380747361
0.173354944003634,0.19656225481181128,0.6275617061970216
0.19911068431877174,0.21356629921272402,0.698193885778997
0.1932193371569878,0.19881714972353332,0.7203570585140293
0.19083300851142004,0.20456343383488834,0.6884564160430169
0.18706875915051913,0.20325431302330435,0.6743707285306333
0.20427038193377836,0.20814474294438873,0.7411687643487382
0.1959182388641541,0.23052969953631525,0.6329693707910623
0.2016612402625598,0.20506079887142692,0.7395915801422941
0.19012898971200914,0.19720284577064753,0.7105829997756884
0.1894129973828233,0.205256911142562,0.6792121961047805
0.19667372714657114,0.20997794998403246,0.6985196643634475
0.20759706721276522,0.21923180607498155,0.7188604155314214
0.1705980914496405,0.20349171362437124,0.5926437460360402
0.20051324499339696,0.20591108145243525,0.7309623354494644
0.17334695812928252,0.20378911098515068,0.6052676589686401
0.17962181166763622,0.19850769137453347,0.6529813065181078
0.20563303400538702,0.21346039951715556,0.7290955809950078
0.19704734264792978,0.21135631750625578,0.6957319486964351
0.19971603987951947,0.21922791089330212,0.6829241736121184
0.1684645753181492,0.19743224481023258,0.6000264821585485
0.19348675546395558,0.20209568965525398,0.7099941404426943
0.18778359194486186,0.19799850067803773,0.6958819964445568
0.18868651134819067,0.20281526916360382,0.6838070522013666
0.1604418532022745,0.19813833781863865,0.5573976970744798
0.16424109097288775,0.1959562818580593,0.58299274659456
0.16095054522760327,0.20540340302102375,0.54015923590247
0.1920042226122852,0.21449923905506313,0.6620266964016218
0.20067486206502128,0.21207028932533326,0.7104949144190286
0.1832313902717722,0.20455887683320995,0.6513107244932929
0.18638561164868567,0.19699266685675584,0.6923385211483996
0.18266209287897933,0.1997043764026369,0.6642923668909023
0.16172748116861096,0.216991683273049,0.5148929188591066
0.1841687953194409,0.2024567653762027,0.6627034422392852
0.174002918475723,0.19585467716352264,0.6331373867175544
0.20164140649533363,0.20737827010740933,0.7312309357040765
0.15538789891908794,0.22156919918001913,0.4756432722106968
0.19389424070352587,0.20568310339863805,0.6995919369450678
0.20053156410248676,0.20456558202467984,0.7358596818321366
0.19894564126161532,0.20411375456485376,0.729718786365719
0.19712132574060703,0.2113614650786794,0.6960650357237118
0.1755623442349998,0.19700629001929404,0.6373519557304627
0.1579381115471411,0.2042139492449563,0.5285540578702997
0.1820178599494322,0.1957049409219644,0.6745760190187184
0.19714251099361912,0.2093011893081592,0.7030180357789447
0.19800243194576067,0.20552949589849587,0.7201031233923433
0.2102508553740006,0.21692502407716166,0.7387384468700038
0.17380229501765454,0.19402335311719038,0.6380793498753615
0.1984646244041244,0.20272390903866805,0.7323488635758592
0.17785133184887586,0.19407346997882732,0.6587779971307978
0.18400927216076501,0.19673204047206716,0.681176649412083
0.18606623027799182,0.20005415550491626,0.6801469828735851
0.18732293552038307,0.19920560816787106,0.6893527586063776
0.19813379057967878,0.20444950503380468,0.7245495192330528
0.20106471176999804,0.2057674937743507,0.7341524601337616
0.18042843341585843,0.20172246731196236,0.6465736571333512
0.17796190026932024,0.21526812942777349,0.5944303070290481
0.1941069879965981,0.20258100113469976,0.711354900950355
0.17461618216376612,0.1976747336127725,0.6304102698723162
0.16859175453137615,0.20872650811800128,0.5681681526734093
0.19263923493179672,0.20507978855584025,0.6955304368911913
0.18039016297309446,0.19823319946205553,0.6577614815627938
0.17662086927656437,0.21431153057950686,0.5908262095566044
0.2001408357805486,0.2068099296755163,0.7259846566174012
0.18463957837443132,0.2011157197796057,0.669463225062552
0.19963460359576812,0.20720156246685653,0.7221692819990357
0.204476836028346,0.21317164082950318,0.7246594126087256
0.17822941734077224,0.19801296393980763,0.6475809199025558
0.18048879148905572,0.19977148805377498,0.653190266340362
0.18132607725601743,0.20367264028153942,0.6447899780475356
0.1888151494654171,0.20087502259404702,0.6910523153789602
0.1880645219396402,0.19680867007035835,0.7015164621064847
0.18364824897377083,0.19724008486518232,0.677591723128299
0.16834870691969878,0.19475974019366937,0.6076651509291019
0.1822999407946685,0.19830666950708128,0.6671482160611055
0.1896804924824554,0.20521589512109562,0.6806514300465444
0.18242853656521,0.19942083986898962,0.6640656846707168
0.17088203920336142,0.19545049084623356,0.6184790771309076
0.19311548256968758,0.2044067910009466,0.7001503319379678
0.1645445823276651,0.19697450387431192,0.5815198417799048
0.18977215089081323,0.19703986770634785,0.7093597479425751
0.17480429248507032,0.19413664932055044,0.6428682730533718
0.18453542933127864,0.1957746387666704,0.6871953904694554
0.18944260816675124,0.19741846546180586,0.7063301188192496
0.16927858994510941,0.21905950868214413,0.5445031382690761
0.15827751854750816,0.20106698938176046,0.5385146456931553
0.17004789892717884,0.19531127573700355,0.6146490952669285
0.16872082598796237,0.20065635785258015,0.5916624185672957
0.16660912737643901,0.2112137099798897,0.5520907112873579
0.19319541990300232,0.20455167949418626,0.7000451927703297
0.1878428153271826,0.19923734435280735,0.691852301961484
0.17370118927977157,0.20982006650611895,0.5895584313722638
0.1929858663454687,0.19948976091373297,0.7167579212614388
0.1894476090847601,0.2143200038964641,0.6506513930082135
0.18327635963349717,0.20910730424365068,0.6373587001925303
0.19536073712284102,0.20078311451598424,0.723968932712561
0.1708492612465863,0.19797203106404015,0.6104360327923993
0.19422600963025033,0.19948952903425216,0.7229753377456061
0.20483193858829954,0.2154519179192764,0.7186380148461272
0.19240751723208543,0.19880226700350453,0.7163274311634236
0.18894577077821176,0.21220213598770568,0.6547802647295775
0.17597987086530517,0.20548048205746225,0.613098964942447
0.19373855415721172,0.1993916083825438,0.7208856747945047
0.19206407326571606,0.20183311315165411,0.7038690086446392
0.2033976193461648,0.21176952641497873,0.7243611578257503
0.1923341264932175,0.20925181492454709,0.6802049795579594
0.19022617746754356,0.20214492547540758,0.6936913065601694
0.19422859160052508,0.20177837403172594,0.7147871633550175
0.19461005522044825,0.20337941559417708,0.7110358479395126
0.16470452306056638,0.19850486020725286,0.5778423910669335
0.19240400409361022,0.2124561454833092,0.6702748172789269
0.1922637549214003,0.20188918387175772,0.7046625886197442
0.17224968671740687,0.19489065869141253,0.6272731978959315
0.17055945604893502,0.19479279707998232,0.6189112629222787
0.18537796486981856,0.19937010955841636,0.6790283918169399
0.18625384001654233,0.20195891059299337,0.6746611952722102
0.1637338351004512,0.19560079449956855,0.5814589628402663
0.1856012361229713,0.1958617676455982,0.6923313199558925
0.2062729485718248,0.21083279083456152,0.7412174735876388
0.19501900154663332,0.20042267454261944,0.7235658434235461
0.1918550541648242,0.20656601009742603,0.6867298937415639
0.19915436532446032,0.20681560262029558,0.7211949361398096
0.20796551285001363,0.21372384664427882,0.7391103769198524
0.19584255542595402,0.21027873898810767,0.6935677668972619
0.15598714194962066,0.20139647414134204,0.5262611592457067
0.1937269742932772,0.21636213000591603,0.6642889598533127
0.21064984654442245,0.22333221990469665,0.7193312573213893
0.188624827165161,0.19870429129512907,0.6976438518847388
0.15017113034717605,0.2163029464448802,0.4631057135077091
0.1737747511093879,0.1966102454806777,0.6295437493950544
0.1975184614444574,0.2103538257826439,0.7012872758344147
0.19706283708003586,0.20154306732415367,0.7296844244387032
0.18916878838821766,0.213349258841476,0.6523050004669745
0.19269180188355184,0.2222539843472906,0.6420213446458799
0.1886383865790532,0.2030878258120743,0.6826523747777039
0.18319771999030976,0.19610286798929658,0.6792237225086366
0.18573092811770814,0.20212511116735365,0.6715193739847937
0.1823595658176913,0.20220374729229418,0.654585128070648
0.1946683769644718,0.20088359763482133,0.7201602254628025
0.1841908540521575,0.1978465533441329,0.678257224015153
0.17998336134425288,0.19577821061554568,0.6639317058602823
0.2301853761897681,0.24422203249867824,0.7377932873060635
0.16337445923775262,0.20240082970867904,0.560148194060941
0.19831656056230879,0.21274070575497186,0.6971705769047095
0.2037062251738395,0.21204530230460208,0.724874465518888
0.15393917825279402,0.20298972732463283,0.5120415679290435
0.21319590149572878,0.216982387198948,0.7521158910750522
0.18892259833169084,0.20566571648480905,0.6754776668961839
0.19667673350646894,0.2048446991473072,0.7160387069669363
0.1925891483256782,0.20589792668934817,0.6925234781057893
0.19658420344006705,0.20377772692647897,0.7193337841723655
0.18411872735349377,0.2054512342236046,0.6528007868160312
0.1946681097479016,0.2077957938948988,0.6962032630028758
0.20230611060644824,0.20819655185557756,0.7315496306206858
0.19524846433815957,0.20279061485832947,0.7162484538035987
0.16647216777029872,0.1969769968530992,0.5912983222967955
0.20078592763012765,0.20988749704236934,0.7184131010895278
0.20863969458847068,0.21951923229843878,0.7226687745190283
0.15912634409709014,0.2092142465162937,0.5216009230451298
0.1769887011121285,0.19374503299269183,0.6554423571566792
0.2046563948323641,0.21852985056661872,0.7077129025227479
0.17843859724083738,0.1969544967285514,0.6521232029439538
0.1807271106837612,0.19691258653139326,0.6638839750496076
0.18888738047352227,0.19997137853686975,0.694536295592496
0.18244003199462916,0.19451599791719418,0.6808696118198418
0.19348989583724957,0.19900779540496963,0.7210265082594164
0.18697233572788088,0.21707079672755325,0.631003054269873
0.17134804322610653,0.19877913519983118,0.6104667026753902
0.19661982926691698,0.2147412758370783,0.682774323172764
0.17819446069786712,0.1974380953390501,0.6492893910758483
0.17736022784434963,0.19445617674260754,0.6549559390593716
0.1926795418603175,0.2084455234883037,0.6844931926222131
0.18305632611593362,0.20648461991607292,0.6443885562518663
0.18883848264335903,0.19670807495448797,0.7058097776386753
0.19643036781534534,0.20949376656184343,0.6989724334929961
0.18769152769933803,0.19972594297614013,0.689402316231833
0.19738174927868912,0.2017685418195385,0.7304495931308617
0.1690967676496756,0.19786576851307275,0.6019068813401497
0.19289605573020896,0.2085717997505443,0.6851168561671103
0.17646008678909386,0.1939218310185803,0.6521188776160911
0.19317670096075928,0.20281752484957177,0.7059385083559834
0.17334487670899543,0.20457274549245713,0.6029389516774282
0.19031632457171213,0.19804465327114917,0.7085085219624718
0.19214406556995514,0.2001426719730345,0.7102136899076994
0.1991456213219553,0.20742400155748109,0.7190374315511614
0.17553216756150286,0.19379383021415156,0.6477614247201975
0.16966350626186907,0.19663350095384918,0.6085611336898012
0.17663811199966142,0.19837033211544372,0.638392397941659
0.19212632270037433,0.20194986494608697,0.7037703280381828
0.1780043492581295,0.21173759298043723,0.6045423840723267
0.1719778075595691,0.20141790707141546,0.6055956460530603
0.20362876136789043,0.20912293534059412,0.7346337268921675
0.18866128399171506,0.19905607677076634,0.6965940766098685
0.19913489544184118,0.21216202347629468,0.7029292660309885
0.17268595526223876,0.20034561957130517,0.612371538368342
0.1767935072495676,0.1970599784752155,0.643425967213909
0.202248577667545,0.20522694551866835,0.7418547173850317
0.18823323606033662,0.19729691013918424,0.7006355850318141
0.16576587589812758,0.19927999548552097,0.5809207071491466
0.19568736221879757,0.20158675379618393,0.7227030520373182
0.2057986833410681,0.21533740257327463,0.7235096247994038
0.1808494095547829,0.1962897535655813,0.6666135505186497
0.1867826854523298,0.1998423569438451,0.6844529235149343
0.20151014990911703,0.2048603671682301,0.7395776547871644
0.20580818165646536,0.22015462274163508,0.7077215991022628
0.1805318865967845,0.19755847309340926,0.6607253262939861
0.19497961118934518,0.20736543398685708,0.6991503280075793
0.21047183563591643,0.21327402303413123,0.7524209153696856
0.1858811717911008,0.20760828159500233,0.6545074731468314
0.20112162451093202,0.20504924549716247,0.7370016121957557
0.20447269653666705,0.2213227790709778,0.6979520914434567
0.19212291596627512,0.20020158782790012,0.7098990447990287
0.21447638894629345,0.21991808667686524,0.7478984172318915
0.20702473225353316,0.2170131336291208,0.7235724844280214
0.1937573668691922,0.20257635037273525,0.7096453589211297
0.1965250063313686,0.20209728837327542,0.725022129246661
0.19360858519267787,0.20670830471327165,0.6947402785382988
0.20295312377987007,0.20587369246413312,0.7429464248158723
0.20177152782803034,0.21111099050447457,0.7189181741099996
0.19740053626113188,0.20805042737901816,0.7084846597916539
0.16717730886717969,0.2004349753867156,0.5846150784866759
0.19285066598412845,0.2084795568737838,0.6852022717537339
0.179671927654808,0.19873208972391515,0.6524961712773831
0.19337909957327712,0.198949424864625,0.7206811463307286
0.18245965106191203,0.1964037726618419,0.6744251867807773
0.1862120961441053,0.19769791205058837,0.6889910709287125
0.20446887169712735,0.20861033406107565,0.7404660578890733
0.1784795891318848,0.2041318160687418,0.6293952192568503
0.18453761101582553,0.21395425697561554,0.6288148360196395
0.18631708625101415,0.19772023806882727,0.6894442753177424
0.1803267689164772,0.19959272745923992,0.6529635151315423
0.16588508951006567,0.1985403659510646,0.5836852821084683
0.15865547652621348,0.1992148519419209,0.5454185542245158
0.1817720584319939,0.19596885097363057,0.6724132829136457
0.216930962224912,0.22341062466265943,0.7471934805113708
0.1883960326306697,0.19811262452251274,0.6985725062409787
0.19228489550600092,0.198658301194491,0.7162292974946
0.18455657917952217,0.19731106359075298,0.6819515172175484
0.1784106809448443,0.1966391901785606,0.6530269008341595
0.17926534169790864,0.19656670295628975,0.657615657961426
0.1873223352389725,0.21672050990683153,0.6336379297834226
0.20012923212236325,0.21637520669391153,0.693837498372625
0.1889712692850897,0.20576340457007336,0.6753935160407136
0.18932025928482252,0.20277542082687022,0.6870667989084053
0.1908271502441998,0.20418878549693945,0.6896909147163257
0.19276688308563372,0.199717991299592,0.7148423742729951
0.18343036906533217,0.19585281858765805,0.6812787787662735
0.20247160707937845,0.214564262857529,0.7106104485844403
0.18192490623212645,0.1987140636442438,0.6638931528686894
0.18977302518868766,0.22135454949588151,0.6314441040719981
0.20222939533271797,0.20838442618393413,0.7305219402449492
0.19930121308921153,0.2154497471269268,0.6929746499133947
0.1754741109367436,0.19791955300973976,0.6339652097464515
0.17139168326772747,0.19703233480272492,0.6161003136326264
0.19998076896525652,0.20773328173189062,0.7219871929757893
0.19545671388639807,0.20054040426670033,0.7253237292418838
0.1574428699459647,0.20737843363860325,0.5181004989805476
0.17292160859461975,0.19927011017809496,0.616859239374938
0.20418459466069394,0.2117846036409198,0.7280255127616052
0.19377515718339122,0.2066058494233302,0.6958910291489353
0.19602697429189245,0.2017147905482294,0.72392794745003
0.19409688580997447,0.2009933046321807,0.7169238103412096
0.17573329086838466,0.20215711520901072,0.6219582760586423
0.2106836174109546,0.21387594135139515,0.7512935601623077
0.20362319662532585,0.21819560402431534,0.7040618316407803
0.19272924043724873,0.20096388251292235,0.7102233428838685
0.19170536519041,0.19916220580729593,0.7115073094115072
0.16747439072744036,0.19884349204311122,0.5907882099655077
0.18801742527910778,0.20422345864278968,0.6758157275189238
0.17479966987789533,0.1973260167111173,0.6324542093230433
0.20703724988910302,0.21214284367822633,0.7402429757531378
0.18425928356348428,0.2053369715554211,0.653848561934436
0.17902192154118618,0.19683117096863076,0.6554953715219658
0.16917375168946908,0.1977832093707301,0.6025473652118094
0.18419166256061784,0.19610523611025796,0.6842839345970858
0.1833162696088437,0.19659587196361217,0.6781234431693415
0.18450659791992313,0.20412292259837697,0.6589490107613845
0.19994215173570695,0.20370492825736,0.7360752290993698
0.1874265426981226,0.2013326371178217,0.6825845261128692
0.16936041267158491,0.19545796710324684,0.6106704906458743
0.1983165089990538,0.21076529179721515,0.7037046172751936
0.16235644942098604,0.19886142907093796,0.5649987025935843
0.181393544233265,0.19765245978838558,0.6647705997382478
0.20340184868931913,0.2061456698708219,0.7441429586439826
0.200405139271115,0.20618775208796494,0.729457194949913
0.18377249320943836,0.20218582554499911,0.6616314118403197
0.1909371549426402,0.1988261743108937,0.7088460834249338
0.1655128179614686,0.21350407772317972,0.5410333104327759
0.18910655892886954,0.19794096714924708,0.7027679056654476
0.15069877072241816,0.21372774578101164,0.4711544135481384
0.20047222611267276,0.20677123810221834,0.7277231954198876
0.18741333638450272,0.20965585537641965,0.6554233180742245
0.20223166169047296,0.20758319925185428,0.7333525171551817
0.20288210094601983,0.21469123218188718,0.7121022101941153
0.19448849350093927,0.2047864010085099,0.7055570720974538
0.19338453743448397,0.20064790202056854,0.7146077082818716
0.18587275841524162,0.1996142002744729,0.6806768167215271
0.20430690139130847,0.20711152640764846,0.7450425578323102
0.18878864197900153,0.19814860210317767,0.7004270557847948
0.17360117333758276,0.19786302981569093,0.6246804845388098
0.1856200728817903,0.19953700120735995,0.6796738051648534
0.21547260356462175,0.227492106629928,0.727377340761118
0.17757108175229075,0.19584094671409813,0.6514014760076077
0.1738605127255885,0.19684549441539692,0.6292270650818632
0.20479625031176893,0.2078725098855514,0.7446691743751748
0.17860421814994276,0.20348821570884207,0.6319983577523433
0.20276439466516183,0.20835538605670104,0.733191483821729
0.168655641497709,0.19598696967406062,0.6054261755005511
0.18176949327047065,0.19710539210070332,0.6685230265194784
0.18042867343413485,0.19776079836965688,0.6595274417851812
0.1943757809477685,0.2033781498723997,0.7098883584020725
0.17716671201369164,0.19565022087563147,0.6499696828583056
0.18772485625833846,0.19890612455534476,0.6924113401043975
0.19738535684950753,0.2028534796937931,0.7265606538866645
0.16196372337228573,0.20401257633743114,0.5488079479330766
0.1869416522217102,0.1989861059800886,0.6881970555040318
0.20563448580485919,0.2104002042744945,0.739706913981004
0.20456939051744633,0.21050942960343372,0.7342634997806534
0.17405070962592478,0.19451469661614587,0.6377446629172998
0.1974596271698971,0.2047617930782447,0.7201520603677708
0.18303873313152924,0.20093937932158382,0.662083925911873
0.19947305751949493,0.20624452514798558,0.7247370925955211
0.18074646734414263,0.2014611039354203,0.6489911193281969
0.1665048454899041,0.21088018385962135,0.5524693850203536
0.20841809710656595,0.21226013917405048,0.74633936321254
0.1838406472380965,0.20249556763954493,0.6609559349780013
0.18731919938150324,0.20663501668340187,0.664549511431058
0.20991686123090172,0.2202765432140527,0.7259822534780893
0.1912615409377892,0.2036216657485832,0.6937451396366061
0.18511914989707176,0.19586220525217654,0.6898684190913867
0.18687006735991027,0.201396042285013,0.6796065394682064
0.18803637431967674,0.20979393057280937,0.6579617148255439
0.20031481023789444,0.20647515445215317,0.7280043482070727
0.16594223595449714,0.19533145024547813,0.593566657129661
0.18824572404023712,0.20648282807210747,0.6695264944354561
0.19885261973092552,0.20627978276087935,0.7216054706799662
0.19956305984136494,0.20960337795959955,0.7135527170282188
0.18205557772002676,0.20767861923606856,0.6358650601866676
0.20804691866301955,0.2171297023650167,0.7278917483031728
0.15014831747574184,0.2190789688970596,0.4571334162285533
0.1864976618083633,0.20526880774362835,0.6649703055655823
0.17821808118473303,0.19674308853914144,0.651703102440747
0.18637401536884124,0.20844128620975985,0.6542562553159673
0.19171660045329453,0.2200180547768004,0.6441135051260244
0.17830960540326396,0.20793001901719932,0.6170807178767709
0.19360385098750638,0.2036745740122952,0.7050651839283458
0.15245744051321844,0.21861857950153746,0.4686584312588029
0.2192641604404732,0.2269862812788767,0.745702160883081
0.1828098231149021,0.2096290989599408,0.6335466963977241
0.18902759681841477,0.20934375780418654,0.6641114990801719
0.20111299354672862,0.20958067001917285,0.7210254339434287
0.19123270628693317,0.20006975247946002,0.7059173340129599
0.19861204630167076,0.20862298970430726,0.7123474096134214
0.18119482895815595,0.1978641956099552,0.6630549228662727
0.19262458751365066,0.2082117470559597,0.6849977944583423
0.21711654740139383,0.22421175838687105,0.7453513972850565
0.1875328082489216,0.21590134857622847,0.6370169021911541
0.18602691374514557,0.20619594151561227,0.6596973381013235
0.18255617466198445,0.1988149507520985,0.6667314211558876
0.17573385180964754,0.2008598041746117,0.6259781658471817
0.18668577538064357,0.20021227487860624,0.682704272070829
0.17684902808752123,0.20227244465434163,0.6271196667657347
0.19826847215094281,0.20233805873638847,0.7327759941796763
0.19610661138134783,0.2136168062284597,0.6839659011898587
0.17545346246173688,0.1967979968714334,0.6374732693224243
0.18902065023846967,0.19984533199381324,0.6956412183936996
0.19051988267475695,0.2086692856423124,0.6734095161260445
0.22191132021466708,0.22793619736316317,0.7542080731511305
0.1891619297047263,0.19686065029498798,0.7069057706362221
0.18658233242965816,0.20031858105752023,0.6818255785789508
0.16265070747312393,0.2070308536226092,0.5441252137155932
0.20179625585077712,0.207980230384873,0.7298590619400414
0.19362995496892854,0.2126380836275442,0.6754667485647118
0.1881907455390291,0.19927157216085517,0.6934794764778558
0.21216411104970742,0.21782208514096738,0.7444796561595673
0.18620108838853544,0.19677271903785445,0.6921746523324382
0.20945057669160916,0.2139511933243828,0.7452661245495259
0.19329179295115553,0.20632154780965523,0.6945071635627285
0.1588910225568514,0.20950114478172316,0.5197633772851394
0.17128252741986277,0.19634988899034608,0.6176857447870819
0.16194980648306995,0.20977682700449812,0.533661453849092
0.1886412580914794,0.20180621555518422,0.6870019226616326
0.1903737805290075,0.20349170768706717,0.6898255566505764
0.17440515350073207,0.200045196300205,0.6218852329452541
0.17377716531188922,0.19966184249555952,0.6199340032367077
0.18063042467818544,0.1999559229605375,0.6532961001808689
0.2094539502899708,0.21408215618719195,0.7448259730275949
0.1808081607539437,0.19490454438311358,0.6711396143582009
0.20773846347184177,0.21314227760800764,0.7400618274425141
0.16907520761124797,0.21998301228004088,0.5412927406397358
0.19025443931988964,0.20433892555937433,0.6863814074383796
0.1664313547321374,0.21002219296108407,0.5543764356070289
0.19762368399759428,0.2064373201573045,0.7151017262048623
0.2107681930536921,0.2312523183101486,0.6952068382643182
0.17069904689451562,0.2158757232927683,0.5591135726309757
0.21448514414547448,0.2178593255633723,0.7550062120137612
0.19933174771879342,0.2070224149986317,0.7213312998970688
0.20343056953629263,0.2074484915875599,0.7396080268510057
0.19863818323153515,0.20350363971218446,0.7303956992698233
0.1854639313350181,0.19678432916831753,0.6883877995140069
0.18423216131620018,0.20742719793606607,0.6471290296153627
0.17937998914642095,0.1989555878760207,0.6502958299771112
0.20061615528285123,0.2039168096653036,0.7386156910264693
0.2018328172095102,0.20847779177452086,0.7282925241923368
0.16607338806022354,0.19620900749037448,0.5915803231710338
0.1893502291331784,0.20356202744315177,0.6845590549646808
0.19524777139048305,0.20610064915919757,0.7047419403239717
0.18073125537413826,0.20293065602769494,0.6442163935856824
0.18321685328970838,0.2040585582607206,0.6528363937546814
0.19488351280102376,0.2001098882126001,0.7240197578197489
0.18937267163194094,0.20425568053058646,0.6823441642841872
0.17916264656893444,0.2136829777302766,0.6044592224466809
0.221023275266208,0.2271507457669761,0.7529065101184091
0.18900784148137353,0.1993465452460556,0.6973175346971507
0.20126412371698782,0.20970092350170072,0.721332654101359
0.20941499158472626,0.21342434243321115,0.7469391249717144
0.20474883088848328,0.21113219724395152,0.7329475698568116
0.17319860582352084,0.1981310570951493,0.6218036063087103
0.21002463116222836,0.21594456407571463,0.7410449614564987
0.17658159079715555,0.20228767759765368,0.6257503783741286
0.1656100723065559,0.2002863967048108,0.5772237865807038
0.18425978166681706,0.2050257457656204,0.6548435230192945
0.18757108553134097,0.20077091193672073,0.6852142285168322
0.19286184293688158,0.20106513269503348,0.7105251965967068
0.1944929711993021,0.20138543351806024,0.7174946503086778
0.20143813001300026,0.20712807833624503,0.7311327910219904
0.18746644258727507,0.1961408617448023,0.7008557083129973
0.2090021383111785,0.21282195529402484,0.7471134173704428
0.18681431731387205,0.19994008843100733,0.6842765669831247
0.1859952752595937,0.19698287086217925,0.6903913759828587
0.19254329880297083,0.2053853291314783,0.6940286309920468
0.16551955409779473,0.209764457546482,0.5507108089186014
0.19316484923388333,0.19989696014837896,0.7161932283893429
0.18727864654819593,0.20413965270861795,0.6724741848372929
0.17291626197142337,0.21469300846752226,0.5725210282756719
0.18544719617751246,0.20305099492711148,0.667059997544624
0.19454297668244397,0.20168122615404452,0.7166902911034554
0.18963486793626708,0.2067975832958191,0.6752248537475539
0.20481200273022054,0.21210602486861554,0.7298802701437429
0.17808103082919324,0.19463991233953756,0.6580409397521904
0.18017215136411985,0.19436998486665066,0.6697132350626341
0.2054961662713238,0.21063292801091107,0.7382329426824892
0.16153942855734496,0.21378871659344403,0.5217273873693546
0.2119918531102596,0.21733543664356136,0.7453540739236767
0.19197584058802952,0.19843783237557078,0.7154676045811709
0.17232947180322183,0.21679787033724204,0.5642558739757499
0.20069506236943396,0.2090986441396948,0.7206888547242682
0.16304152303194858,0.20604949708703182,0.5486134381788942
0.2153638052820332,0.21899331990376755,0.7551089017450358
0.18740025248210074,0.2316370122503048,0.5931705436332744
0.19119413123848206,0.201637298884966,0.700238160396273
0.20837484230253123,0.2226550897688701,0.7113012438517988
0.2130783038446945,0.2230734225537645,0.7310521440777638
0.19426733640954996,0.2129973719725149,0.6773197954206035
0.20371297656012777,0.21308034476482246,0.7213850565606196
0.18974735301948673,0.20366333301066403,0.6861684474748795
0.19582478728129613,0.2025661948511505,0.7198870837676097
0.1888223004138527,0.2040671531941425,0.6802775372760843
0.20125705050917866,0.20902265715985563,0.7236394970976797
0.20005811716836258,0.21671372828927338,0.6924255253827867
0.17394517630930342,0.22081978922802836,0.5612956010084409
0.20409190245001663,0.20856937511616344,0.7388040663409698
0.20978439897832052,0.22627838070742726,0.7061408097352353
0.19998496315840392,0.21676438933770287,0.6919262136030031
0.16912966152256653,0.1970961003037499,0.6044242445130711
0.19369718590897575,0.20219909640923647,0.7106717510653111
0.19312211496353585,0.20462365637397847,0.6994407073928933
0.20608588067514,0.2087032867829112,0.7478841520953011
0.21825728574432576,0.22265005513459352,0.7557028703299132
0.1786104789571295,0.1938715814292315,0.6633797383247524
0.1952006457952541,0.20920691127442057,0.6940528155152185
0.18937270456705452,0.19911807002679774,0.6999500575125976
0.1897157129190601,0.19806883107664222,0.7053896979126285
0.1765644234521324,0.2148883287041555,0.5889776527899672
0.19155306506692624,0.20694007354929891,0.6840292585148053
0.19337667727499855,0.19977956540902297,0.7176743876755023
0.1915228039364532,0.20641803574607062,0.6856125891564553
0.1896096062798021,0.20277048470665587,0.6885104924504798
0.1916072853583296,0.2033365015958169,0.6964184209277396
0.17520752727530298,0.21392842244126795,0.5852776636525591
0.20279687710715463,0.20847038113719493,0.732942858710459
0.18675490614955623,0.19913315739220117,0.6867510561298018
0.19930826078595218,0.20789104784753754,0.7182043783600118
0.18005341305696979,0.19629171137927343,0.6625517304991116
0.18785175949075475,0.20722189164600247,0.6652374341136078
0.17405618378359408,0.19777377705247587,0.6272630559645828
0.19806352283488432,0.20345899888055144,0.7277315019219711
0.19068128032650009,0.20425195638632387,0.6887634410728204
0.17781848307628345,0.21218239261391184,0.6023991034395706
0.20228356944153036,0.20947713843436938,0.7269698764251635
0.16905662587307124,0.20200489915120168,0.5893749427530307
0.18185740931172356,0.19655535173327549,0.6708411048031566
0.20189770735530482,0.21375827910970258,0.7106050253957632
0.17668895959769493,0.19558901247848295,0.647730452709516
0.17825020106213896,0.19374554025033341,0.6619517584581834
0.19107734294731113,0.20007512891111606,0.7051218395565054
0.19493288298302075,0.20898639608094585,0.6935039107851044
0.1693755625797949,0.19914578757569606,0.5994380500487353
0.17281958854054835,0.20877997089665118,0.588272850183247
0.19144837934799466,0.19861194875567115,0.7121846406230166
0.19121928792228088,0.20357808180152573,0.6936861113563283
0.19177392125603865,0.20123977837726206,0.7045024716249518
0.18115553318355382,0.19579841850652893,0.669849808716307
0.1772760036388549,0.2288055525724555,0.5562627401647108
0.1826209924653123,0.19771778726388986,0.670759036405287
0.2005599692345697,0.20541002187841237,0.7329728503884302
0.16190307723295339,0.20129519257633388,0.5559152993210119
0.2121762748702206,0.21583325503565262,0.7513961407079337
0.17087368872062342,0.20786694451662346,0.5814954802058822
0.2121111131972352,0.2147767278644598,0.7547890072128273
0.19445962123711646,0.2052156649179849,0.7039405168940208
0.167219025936308,0.19449286809674146,0.6026906132002888
0.18110069922402028,0.19581138881207663,0.669525404111401
0.1719039005205396,0.20651647999762995,0.5902865501190927
0.19031956952034776,0.20425793509454104,0.6869724275602838
0.1877387617179854,0.20291905498021107,0.6787867296711876
0.18903269327536962,0.20263315320067635,0.6861300388376207
0.18928356679526204,0.1973047360523124,0.7059311883843127
0.1877327855198663,0.2025010635271379,0.6801583316198644
0.1692075521050687,0.21649659601901824,0.5506209071970667
0.1855580144768456,0.19611721429951295,0.6912091575491152
0.20171946590851897,0.2096809851262062,0.7235728400322022
0.18925380328536445,0.2014993175638938,0.6910882129474618
0.1750871255742462,0.19627898240657962,0.637292511101041
0.18420437260186895,0.19806415626028465,0.6775803110256113
0.19165388264192107,0.20262231683952908,0.6991030645163672
0.195384100742987,0.22779961178817693,0.6382104850914967
0.18767165137046704,0.19787068550467588,0.6957657776306321
0.2005588071983051,0.2037780340307099,0.7388372741667313
0.18402313846767288,0.201805788587222,0.6641193962072454
0.1928783084034055,0.20492181926161915,0.697233261534712
0.18888596975758484,0.20608684695572177,0.6739196208258007
0.17810774613249858,0.20211832531811577,0.633825487772416
0.1544579332662453,0.22211181157350443,0.4702943644745186
0.18679781164100046,0.20100466991569904,0.6805703155970118
0.18695746711602637,0.21311437554420065,0.6426477179978922
0.17590442696886133,0.19503250912535178,0.6455561051513711
0.2020214667417316,0.2061626949974497,0.7373859113726281
0.18661019365651682,0.1962429909250485,0.6961277598377649
0.18430743383933548,0.20441331007798752,0.6570385939550348
0.19969819311647125,0.21085801805384394,0.7099478336092719
0.18241376135810186,0.21723312417066598,0.6095468260819789
0.18372190195228866,0.19875760663129577,0.672788851801525
0.19495765106756613,0.20312895162569677,0.7136237838448446
0.16856279143758596,0.19790491766519286,0.5990896680908427
0.1557080061865561,0.2031067404662406,0.5204554311880475
0.19218082314005425,0.20327906272835186,0.6994366327340603
0.1797981285525861,0.20295548846159878,0.639539879095929
0.185520136226809,0.19546752762977535,0.693312786374883
0.1806594270768607,0.20123517657463644,0.6492872136020423
0.20087153748733658,0.20919342828664517,0.7212059132211667
0.18579036370818724,0.21088773486176707,0.6438988203709205
0.1693971864139958,0.20436079357608467,0.5842470286236364
0.18432005822991931,0.2015615573992909,0.6663972037278566
0.16374592737484234,0.19862897689538908,0.5726552548007551
0.18068972479010825,0.19752945171014966,0.6616214628180079
0.20271729295913868,0.20589670098982826,0.7417180179428092
0.17469598484888638,0.20228427955753897,0.6164393254959641
0.190331312294871,0.22608128371093952,0.6207117634482925
0.18575987077140826,0.2021474590118123,0.671588311992956
0.17325040099837924,0.2000634559034614,0.6160565428693409
0.17723064792965476,0.19868447575573264,0.6403653201676165
0.17624849359078087,0.19939795190713758,0.6331483968781012
0.18805122482774916,0.20717818824963724,0.6663405351407251
0.18570781874460895,0.1957729072613649,0.6931899854939245
0.21122898893117664,0.21672057269390357,0.7439487028252583
0.18237025374867114,0.19458623407418843,0.6802652529788068
0.18477834402979074,0.1999247587677197,0.674145337778706
0.17365924685476075,0.19668956986781477,0.6287026146727859
0.1989550241859176,0.2034417133593959,0.732175431116119
0.18821013887826912,0.20699501441073184,0.66769791181552
0.18176707101581657,0.20340095174504297,0.6478193434462524
0.18693133783625876,0.20638166030895114,0.6634859785083327
0.18683202813943203,0.1977513721539791,0.6919397152546065
0.1810798804721088,0.19989105724993178,0.6557566019985295
0.1789781991606207,0.19591324136816277,0.6583434496816024
0.1799439719189762,0.19893785113806434,0.6531887781817556
0.22194288163024414,0.23207475239484465,0.7408943879328413
0.18809609618294604,0.19987615681027113,0.690908302354599
0.2058228439261694,0.20906647445790816,0.745326788191196
0.19982392286472936,0.2059186154713823,0.727588045023308
0.20154061461851316,0.2053085808591483,0.7381114514764359
0.1815208003642091,0.2075055261784859,0.6338183025115267
0.19798543870007845,0.21236469497576635,0.6968457667455769
0.1842887414040326,0.1988831470323397,0.675214282395664
0.20066447290043737,0.20974186684412152,0.7183328496470855
0.178473788849655,0.19866498308101196,0.6466856255048516
0.1996549506763606,0.2059835032887801,0.7265385251097061
0.1881278762950618,0.21577506119351408,0.6401475477797882
0.18926567555756607,0.20273409835594963,0.686937602933725
0.19267432597408812,0.19879410549139007,0.7176989761412592
0.1922353814947077,0.20351562373577245,0.6988917061196941
0.2029416179320751,0.20621500162255602,0.7416609690308108
0.18725621718455854,0.20283513344595125,0.6766885738812735
0.2055824620215648,0.21261556197901338,0.7317548187602648
0.2225055187720547,0.22989508823126087,0.7503662653223995
0.2128800790133749,0.2254731600458683,0.7223923192465126
0.16039901815971547,0.20004930840853688,0.5518590343449761
0.1643058941151809,0.21420691375623432,0.5336237384254555
0.18604582059166078,0.20471365380397707,0.6645664227259165
0.18599316533178578,0.20749636072109404,0.6554002434509241
0.19024453043136597,0.20441392416872192,0.6860811023597837
0.22218775600548055,0.22758007302124972,0.7566029561358077
0.19359376679978546,0.21437142546998528,0.6698363202323829
0.18515875833710213,0.19953171891714705,0.677379812445885
0.17643307824942778,0.20341646429642554,0.6215479100314374
0.18552547420870688,0.20038481305100875,0.6763260755405067
0.18057447276691468,0.19865733313024114,0.6572849373816427
0.18993238551332403,0.19792512980292015,0.7069965580048315
0.1642629107993957,0.20505845695844638,0.5572211577820966
0.18700741032181925,0.2000341175333054,0.6849202126682599
0.20433405387682446,0.21094746527848343,0.7316231729690591
0.18445643784497867,0.20531628810322994,0.6548746769539103
0.2147421386000656,0.21966251082541982,0.7499784008705835
0.20553527319921824,0.21079760102896342,0.7378417611965509
0.1882622168871192,0.1971129283073887,0.7014365728031068
0.17999793831772357,0.20063996717890464,0.6479164652265332
0.20461513358328748,0.21121213975407643,0.732037153561877
0.17275163029604984,0.20114888588424962,0.6102525984990382
0.17313116449497876,0.21863600353351476,0.5631788109230782
0.19336818337038306,0.21278640545800642,0.6737657091476028
0.18508975451974538,0.19901237281949088,0.6788007831165105
0.19243535910935586,0.20366978979523273,0.6993445579364457
0.18004257498733878,0.20451214462068304,0.635867249979379
0.2004408540490252,0.20378603413066193,0.7382294605751378
0.16899827830983086,0.19540313602109635,0.6089885798812533
0.19756803920793917,0.21203956935479004,0.6959457598266695
0.18153002603386975,0.19921563087812788,0.660239487504545
0.17863017850136625,0.19473173939487656,0.6605506575408865
0.1712222331671494,0.1943068360444821,0.6238701408292108
0.2080720725461584,0.21439083570158568,0.7373079732110456
0.1668843976854003,0.1980580274785494,0.5901522860418239
0.1886419352055965,0.19779311687149628,0.7009441855131411
0.17233105516883102,0.19418796209477002,0.6299620936808096
0.19577048904899005,0.20307482092841264,0.7178166568487416
0.20572821336255653,0.20931981892378435,0.7439726164642771
0.17558649065559512,0.20101437468770844,0.6247637307068391
0.19250889137693855,0.20219108452974316,0.704822824944959
0.16493107190540346,0.19910448626653024,0.5772399912252683
0.18817259764546343,0.19633194471305304,0.7037703306377786
0.19537436705440667,0.20942239779914834,0.6941681910921079
0.18611588666506457,0.21675913567373326,0.6279591687888384
0.1956587418752532,0.2074907242381417,0.7020012215489567
0.1833311310280919,0.221201559363822,0.6027585493138188
0.18723555986501536,0.198695437426538,0.6906829952537501
0.1829685645839751,0.19930359182815402,0.6671659219198863
0.18251817493564873,0.19662145005062767,0.6739761857189379
0.20083162799865983,0.20701759754048615,0.7285932683532467
0.17454075932911658,0.19484610391337115,0.6391750044152157
0.18948578434403585,0.1977392332482219,0.7054026763062212
0.19858549607314321,0.20331113671793996,0.7308281212321419
0.19527773949535895,0.20352896143229798,0.7137939410342062
0.19296684850350201,0.2214028594918455,0.6457317165263063
0.19738066548336144,0.20520750134669577,0.7182031091269098
0.18743157454010367,0.1998919265817866,0.6875293909575333
0.21281074192073166,0.21813328232658752,0.7463819376126776
0.2107832789841607,0.21783439877833866,0.7380986652515272
0.16704885958974253,0.20633435375689396,0.5672776125668881
0.19984567924145377,0.20696515988564715,0.7240140288551311
0.20684737359555125,0.21764431175282337,0.720659190825448
0.20122546710515352,0.20504059651076384,0.7375391492153348
0.1875479285437516,0.2083466350170675,0.6601879052785462
0.16416401582132634,0.19541323423362567,0.5842184449229161
0.18783223530785112,0.19979425287694344,0.6898708712744818
0.18403615924079897,0.20277024580498124,0.6610247904404635
0.16413797614522807,0.21195985121119104,0.5384886594938402
0.1752790226488541,0.19527794689168493,0.6415420924019791
0.2029966610715916,0.20756989242094623,0.737085033321299
0.17803023037355037,0.1971330086819072,0.6494611492494354
0.1574751012288884,0.2058359129114421,0.5221396971437534
0.21236887334550075,0.21560459586818442,0.7530863277365816
0.17353099201449235,0.19446076833677056,0.6352489145808538
0.17505405692116816,0.21196722115442107,0.5899688463154619
0.1809561112689598,0.19728479598659884,0.663792212745352
0.18771437024858917,0.19839040441063885,0.6941584229222133
0.18486123113199004,0.19889216588709413,0.6780620570472707
0.18530591495441315,0.20336200535537063,0.6653451057289144
0.18680575704320213,0.19592185322403116,0.6982669609947421
0.19216067871721576,0.2032029780324313,0.6995993862576505
0.17584671805202795,0.19945190249190126,0.6309627357760499
0.16653217512150426,0.20278043405672924,0.5746716918896798
0.16578625670189417,0.2024546416084424,0.5719120874779976
0.1895963337271323,0.20659866852040368,0.675688448172868
0.1727099966317555,0.20794126041417402,0.5901185574586965
0.1805276722923906,0.19764629008304344,0.6604104344055628
0.16713136036048018,0.1981902627385093,0.5910046171896063
0.1757289825398203,0.20654866446347372,0.6087136068703767
0.1755629721897446,0.21298372645323052,0.5895425640292626
0.15681008778965186,0.20236179232758064,0.5278174627784926
0.18790050192028912,0.19777506503008208,0.6972592925165472
0.21462138440565098,0.2206780699749048,0.7459798086161054
0.1953553100719841,0.2005735434793768,0.7246983203790768
0.18879468327595667,0.20742477980227614,0.6691326051220118
0.18648831993713802,0.19712929765590093,0.6923796795308692
0.19109756929205265,0.20002864276515572,0.705386825314356
0.19866001979986017,0.2096555519794882,0.7090678896707892
0.18451469850880342,0.2053380716539033,0.655088934192036
0.20062376044327168,0.20734395772379127,0.7264439344980664
0.17631148665659985,0.20368351575090388,0.6201360291280191
0.16899379702803036,0.19604560291092774,0.6069699868866457
0.16176453575516178,0.20279175565075347,0.551129583135726
0.18388371181088026,0.19987793299170473,0.6698273781750418
0.20383199935780028,0.20898359061352373,0.7360960681467281
0.19524520346494384,0.20174508796800963,0.7199441876273842
0.18099709871622327,0.19431080310275983,0.6741627157340626
0.18223755062593705,0.20063308410834912,0.6591014199558634
0.17199175517923243,0.19838314406783336,0.6149300423302075
0.1884989653651774,0.20918796207845516,0.6620790412080878
0.2035859147597014,0.21039005442849443,0.730005584992616
0.18150135659688083,0.19966268860922018,0.6586175790422981
0.19479745578438273,0.2025259672710882,0.7149574829116416
0.18799794682352966,0.1996083892293371,0.691343421768606
0.1790633165712595,0.20158671919412172,0.6402371995894014
0.18805514332429374,0.19652836251946046,0.7024693105587921
0.16869936445424483,0.19427786810131006,0.6109772853403285
0.18706908737644218,0.1987577287684791,0.6896289680191793
0.1892496991638716,0.20211428664424894,0.6889651467784248
0.18027569257096338,0.19428020071967855,0.6705556824029357
0.17189696239864546,0.2113621536385258,0.5767208570703494
0.17957525391173956,0.19752639812920977,0.6559895545049088
0.19808825799606417,0.2288265071668634,0.647163913960703
0.18811274050907295,0.2016499210398723,0.6849134370936049
0.1937390697217936,0.2017552993038342,0.7124425986220525
0.17685120774426255,0.19769682001385452,0.6416451601769461
0.18377573061384767,0.20341270396163177,0.6576567146911375
0.19977958930210016,0.20932826979712343,0.7155248999442999
0.21178330002305606,0.22546065317118147,0.717567778446121
0.19912039221053665,0.20315285930336713,0.7340304868062719
0.1809451421181609,0.19657390155576235,0.6661369646825447
0.18960282414440716,0.1987287055590613,0.7024794115760887
0.2078265205527768,0.210630075092004,0.7493066718218545
0.1742207927205483,0.1997293077497018,0.6219457430665118
0.18504301451332839,0.19710973954252822,0.6851158893860323
0.22588251021023,0.2359380431638786,0.7454605787675579
0.18992137370853227,0.20380446879133676,0.6865471328393167
0.1881389660245647,0.19839739175477777,0.6962741032165715
0.18644820476718704,0.19631957264091413,0.6950310808630523
0.17669827786932454,0.1962748160761511,0.6455146941529568
0.21267950174007727,0.21885251021300103,0.743329384624135
0.18444142891262774,0.19739885261074133,0.681064895436541
0.1839471043713532,0.20125742969736982,0.665551103245078
0.17751908506567066,0.20212458997554783,0.6308934755592943
0.18899055613974586,0.20043460459217463,0.6934459068210836
0.20902926548085374,0.2127985023968815,0.7473232362521751
0.21464823941812927,0.2211171675037359,0.7446198831004267
0.16169713099875951,0.221259987529577,0.5048230014196686
0.17754651354391876,0.19584281083235294,0.6512698270711721
0.19050728819801294,0.2079229007011502,0.6757662947380941
0.20012473014784388,0.20977616822861142,0.715642446020083
0.18511829067971936,0.1993161933067061,0.677909247804068
0.16683094668156423,0.2100822707451847,0.5561199727475914
0.170589757626261,0.1998408106090997,0.6034290856743051
0.18862449626653574,0.2049028193185687,0.6765377691119611
0.1731270098325373,0.20229999177532484,0.6086357629182834
0.22200545294057875,0.22791667678672112,0.754685683231233
0.19927264580982446,0.20659712029387206,0.722530137871685
0.19927214939414517,0.20787745326385715,0.7180776320396578
0.1998415739470938,0.21311852971318493,0.7030903138678307
0.2074045525778602,0.21998993807981798,0.7155079634630824
0.1847982847707127,0.20897388402972372,0.6450484729064971
0.18114362559667846,0.1955302280195397,0.6707076799581753
0.18606616517932706,0.19963001176814651,0.6815917304926901
0.19854387897545842,0.21428555976037936,0.6932052684350951
0.18460894160968364,0.19540769670047414,0.6888620247953468
0.19231903999510272,0.19957765615747428,0.7131010692038974
0.1759781436258417,0.19588422033222344,0.6431255330938874
0.18836471301348737,0.201327014115817,0.687263523085335
0.19814851727078187,0.20319327949928798,0.7291014625870095
0.18648419264747298,0.19885496491972468,0.6863504398925617
0.19197192173818908,0.20791845686511465,0.6828250068741716
0.1794469911704094,0.20209609755900423,0.640521973130213
0.1758266971261616,0.199600955375484,0.630391256842733
0.18622957899654785,0.21298057798856554,0.6396338120739898
0.18145790391117797,0.20214759232984636,0.6503065527324051
0.2060086304256311,0.21191561525684466,0.7361827972730868
0.1983241357283715,0.2044813020277503,0.7253677194809838
0.19024157019653765,0.20089643175092664,0.6980789503041573
0.17560186116653695,0.2002220204390506,0.6273129243782218
0.20943117157693436,0.213729840208832,0.7459471799593203
0.1837369696826373,0.20238893748631043,0.6607918957610185
0.1638240234411968,0.23193625162284046,0.490755639296482
0.19492446550900677,0.2027758540114923,0.7147027747238248
0.21557131942612817,0.21930679173239861,0.7549757949501206
0.18427589206958894,0.21543015319873282,0.623292004744203
0.2186146461863976,0.2348924072018597,0.7178377887774596
0.20119168467917775,0.21952488233476464,0.6887223128019624
0.20582423915026574,0.21486015563869212,0.7252356244789242
0.19994890431673323,0.20431239200522736,0.73391977278058
0.17900690706760503,0.1966649964224375,0.6559728950976994
0.16360694769612003,0.2213233754630033,0.5133074961397862
0.17940798938720348,0.20161370669108064,0.6418610694236518
0.1789092641106872,0.20221546315225777,0.637484701224976
0.20406320722400328,0.22024129153738492,0.6995200861226869
0.17872989520832644,0.19780057820532046,0.6508064656651437
0.18039342988768883,0.19615265563894096,0.6647548536263743
0.19540184563658947,0.2014605444207034,0.7217385719605304
0.1889778130521415,0.20013427969914707,0.694422830816693
0.19413991825254617,0.22716624838873806,0.6345129141098763
0.1663334080372203,0.19595554732106976,0.5936724406510933
0.17092517087953943,0.2021594327812627,0.5981673435460265
0.18790788109063555,0.19695515655118692,0.7001993931283262
0.17699743353682473,0.24651865180835567,0.5151635894697044
0.17675292419237382,0.21425318218909317,0.5916034613689222
0.17584935052572162,0.2041641011109424,0.6164127280012626
0.17648518476863403,0.1942629436213168,0.6511029968494444
0.17347129479588463,0.20225011509970367,0.6104881311687597
0.20363702887261725,0.2083872661234979,0.7372668768616906
0.1710138014373438,0.1962072514748394,0.6167651833849881
0.1771716478227342,0.19405737745085677,0.6553301373710425
0.1869822962074293,0.20176618871576496,0.67891601204006
0.17991310246917608,0.1947951682169109,0.6669215856756443
0.18591565406390215,0.19607173421916765,0.6931935120845953
0.16797809335881947,0.19525750054958602,0.6042179840812758
0.1857057028701135,0.19614440410514658,0.6918662986549754
0.18777206945711067,0.19908067986533895,0.692041385182639
0.16347288403862079,0.20707035608869112,0.5479919298058229
0.1731405358720449,0.20447253482703562,0.6022350922396992
0.1951609425570146,0.21127165744127666,0.68708195086396
0.2041548252036895,0.2096261571713915,0.7353797220909396
0.1966922398164555,0.20926005643797266,0.7010044932293945
0.1987264382424497,0.20358003510236092,0.7305551262316533
0.18549556257359856,0.19702200651879295,0.6877179101344414
0.18602673133913603,0.20006258675186647,0.6799208864966201
0.20780208860878285,0.21875736464933265,0.7213566906044013
0.19555523307072778,0.2064405144568393,0.7050710634668522
0.18650010687919394,0.20038640024549384,0.6811844851345568
0.1764052352989361,0.20082967798606377,0.6294151171606608
0.20023798092144837,0.20704910034670235,0.72561523170048
0.18971381587340036,0.19981403058089198,0.6992192463523683
0.19472917245900753,0.20346514598732046,0.7113216947143701
0.20039564085185135,0.20574493317070294,0.7309810187503901
0.18924685217030768,0.1989324761905685,0.6999704363852354
0.19559058185979736,0.2053010039624992,0.7091566969949707
0.20336802161859224,0.21189572758057532,0.7237900611293479
0.18236903904227122,0.21850417953023932,0.6057963711579821
0.1964414830836122,0.20533432826055073,0.7131855853045244
0.18917491398847147,0.20722137643567065,0.6716243101091293
0.185758433201419,0.20766045642945002,0.6537519734651127
0.18921071816531657,0.2075535102059927,0.6707220611549894
0.1952238598148079,0.20000283840703775,0.7261089941096442
0.19031833733420184,0.19783834658212465,0.7092575315066856
0.18061889508560472,0.1952583704433348,0.6689541390160845
0.19045050547307735,0.19752018719363024,0.7110691189017195
0.20986953195482094,0.22395395436632853,0.7138500072801454
0.2139933735035259,0.2234509073269207,0.7339123186624379
0.18806833328388828,0.19927315697983472,0.6928596674857718
0.19106559220606958,0.23278648200635557,0.605987044394692
0.16210441400588574,0.1961069447018584,0.5716493833317233
0.18993315836023184,0.19793971951411982,0.7069483512643346
0.18325459050234666,0.2001841421153302,0.6656600722427651
0.19401747252108953,0.20344737502460183,0.7078856264607702
0.1835390197027987,0.19553224774917782,0.6829513864848423
0.17513457315465425,0.19887665570376536,0.6292069459426508
0.19181782359610033,0.2022354943854396,0.7012509056684701
0.1751884462211068,0.19674253815250084,0.636305942765004
0.1750675453182693,0.19469395026225328,0.6423802339507878
0.18696402461650513,0.20354318779787933,0.6728990839649812
0.1851947676190094,0.19816119320259035,0.682246435006035
0.19601595488272228,0.20428996261591306,0.7147485515832604
0.16837337908476824,0.20165726606683473,0.5870027963462326
0.162457171332825,0.2122632411434425,0.5298005002045035
0.18217680128822983,0.21104506030475956,0.6262965884980202
0.19145709465213873,0.2002186332659628,0.7065131368878766
0.18312857412517566,0.20815705255402764,0.6395583166254808
0.17283288218834011,0.2001696886897806,0.6136437689060121
0.16433359374312406,0.19541795338021567,0.5850721070682308
0.20090223851557065,0.2104652793903502,0.7169935057824531
0.17646164586811053,0.19671649244901573,0.6428624478493404
0.2020823657459088,0.21155973768116734,0.7188625180425664
0.19713184952444016,0.2022740098024066,0.7273888013006089
0.18847596517481524,0.2013731708783538,0.6876584629958788
0.18517464258142569,0.20360418880708814,0.6639089469298768
0.19722346530559687,0.20312128073677402,0.7248057159327612
0.19093818877319158,0.21639383589200234,0.6513040826335317
0.18065913017688495,0.19484836237478614,0.6705682746543451
0.1972011533081035,0.20527690428717882,0.7170858008564455
0.18714657951851793,0.20126349015749434,0.6814280096762552
0.1758214898248205,0.20840378162345702,0.6037389957354717
0.1916883808822484,0.20869311587738246,0.6789317428443463
0.18132019678816808,0.1963994452290218,0.6686383285606298
0.18634514948425013,0.19961316694811532,0.6830468729534751
0.18692866187238677,0.19677767070653499,0.6958546738597988
0.21002387205591563,0.2222440900917095,0.7200365687559179
0.1665771075680306,0.21104913804959602,0.5523695033553525
0.16284260258557282,0.19826459725157636,0.5691515487376082
0.22569972966041388,0.2346620542625641,0.7487351553814614
0.19543071739849788,0.20433234139082077,0.7117361667203559
0.20839363658234236,0.2132593013268416,0.7427279166576091
0.17024814041671502,0.19591582430975252,0.6137745168894413
0.20900789387972896,0.21350286290188839,0.7447576660964885
0.1852242596465764,0.20407538311675016,0.6626191634745849
0.17340312354943052,0.20812492583879963,0.5929281322363605
0.19705782326408944,0.20324553057879682,0.7235476364242912
0.19403003156902987,0.22015596652343544,0.65421816107672
0.17980239735201164,0.20638653229495657,0.6289286219824898
0.18777607492850423,0.19659243607376137,0.7008208335991662
0.16503151139761868,0.21432074026993767,0.5367259895273603
0.1783591616250156,0.19415941290411873,0.6611019249857482
0.16818717294686764,0.22388195846404646,0.5278994955989162
0.1912563874424056,0.19783624295775307,0.7140066214893203
0.18985893347910826,0.20179753120602448,0.6930656318898163
0.1688870691941644,0.19808188455936387,0.6001915291680028
0.19772988951048834,0.20988041652659162,0.7038764833581846
0.17216873012368217,0.19721127481663173,0.6194814684772735
0.19545191371077952,0.20904434909603603,0.6957945256102483
0.1730855695724326,0.19866362653400088,0.6195677171501083
0.19784624559148106,0.21067754893293583,0.7017655480629519
0.19338666210332142,0.199822858015862,0.7175688683821113
0.1757121560737781,0.19414475303318302,0.647517659425447
0.16024319853687832,0.20000263223923284,0.5512087381180618
0.19796748082364768,0.20587448248285106,0.7187266680122588
0.18634935701382885,0.19598576875902185,0.6957104991713957
0.19362949735149032,0.20865367781499305,0.6883631233130829
0.19424855066551827,0.19975457804299687,0.7221288847481082
0.19689272119364706,0.20231593954175842,0.7260560958585672
0.18569812614524445,0.1998483103061362,0.6790056215005084
0.18725638692662172,0.19643012294991677,0.6987542687717891
0.17820552824754715,0.19387574254486123,0.6612767877233608
0.2046841843803783,0.20995202349284786,0.7367596739816499
0.1642949804046671,0.22525528855418253,0.5074019843808231
0.15194888793243655,0.2307312701904077,0.44185119705839904
0.1832524754544979,0.20024570077535625,0.6654448756629534
0.164062131490818,0.2033737880056683,0.5608497172095694
0.19783946766445654,0.21461462542241655,0.6888601714513659
0.18341656505901774,0.19891788333091753,0.6707117672123397
0.19103250850949763,0.22511032692452318,0.626503947803266
0.19514633781226967,0.2606415577044662,0.5568810250008053
0.1625446351550655,0.197210168030161,0.5706837344099475
0.20502764984391014,0.20775602429187925,0.746200503077156
0.1695767467071343,0.1989029201466073,0.6011814538418878
0.20391217093929226,0.22257383093785457,0.6915106339804453
0.18311721673066406,0.20362724700996593,0.6537298848034273
0.1730709800036932,0.19894833281804414,0.6186077473504265
0.18910594353890303,0.19918467653125613,0.6983767323942437
0.19070394504006144,0.1989091615505513,0.7073779002597755
0.18920894847025982,0.19923363436070454,0.6987221254932668
0.14607039393134796,0.21964470715222212,0.4373899793759543
0.19317219531205052,0.20492288116733018,0.6986637826702377
0.19116582460513815,0.20293145119563627,0.6956330513255291
0.17716089627433756,0.1989202446971224,0.639255679923146
0.20339014574422232,0.2093506791836079,0.7326947604965437
0.20145732634983166,0.21541176129680578,0.7031061137889575
0.17300446454661703,0.196729563629513,0.6252464666584769
0.21263091145241525,0.216232937493168,0.7521098003746709
0.1882072937767013,0.2063353134867558,0.6698189051656083
0.18432997868329587,0.19751907143849073,0.6800861187985459
0.2007502787496292,0.2161389754666564,0.6974692020453541
0.17389490332042642,0.1993809051863802,0.621398038115085
0.18802968858017755,0.19853048113955102,0.6952569086011218
0.18695946679829434,0.20412533109390937,0.6709577202610152
0.17855633032131513,0.1987187948333722,0.6469258754770074
0.18535218434127268,0.1962768678338989,0.6895982488156256
0.16749794856897554,0.20958373519336382,0.5606253198062859
0.18692517418192015,0.21413321261500523,0.639439218745113
0.21003355010535624,0.2152834033964247,0.7433622266304899
0.1854466449508984,0.21863452319805915,0.6195116991116653
0.17222327994360165,0.2134105177162752,0.5727144156320118
0.1634816145727001,0.21159731302490917,0.5363093365903994
0.20865049218969414,0.21561967194975207,0.7357885797482615
0.16128670414211566,0.20650944936386956,0.5388940045354947
0.20607854877824008,0.21004498994107018,0.7430719905389277
0.18488148422129633,0.20114678604078456,0.6705624627477156
0.19931277773648606,0.2430950410986384,0.6142156461180169
0.2063615035213316,0.2102484771806482,0.7436986256361028
0.21301063431259049,0.22381536081551232,0.7283263924273622
0.1928069508295419,0.19994206638011164,0.714241647168187
0.18307705347825362,0.20595848635169287,0.6461353248198397
0.19260300131229724,0.20757948174255317,0.6869802357882275
0.17766563525822593,0.1953575303647818,0.6534973851268594
0.1666360205672754,0.21008405510641087,0.5551874011009422
0.18883878665202727,0.19820314763227084,0.7004872945288279
0.17573385149889076,0.19620910436320693,0.6408155824723715
0.205970977241296,0.21083681810297994,0.7397710639188001
0.19387961963326328,0.21326553139519128,0.6746501354063046
0.20452775591435962,0.21245997590642154,0.7273264305669587
0.18726371028236002,0.20790274249296256,0.6602303973311288
0.1791380966329635,0.1945505911718648,0.663776428820428
0.20071579841316894,0.20775138144024963,0.7254623163914585
0.18168976515535518,0.1950731075452814,0.6750790347910292
0.18739248860665522,0.20139732046534722,0.6821962094093262
0.17819273001825764,0.20888067123054818,0.6137127445208528
0.1840535320531098,0.20149099581937016,0.6653078044901034
0.18809273931762815,0.19697381797859131,0.7010715471466222
0.1873685767280207,0.2027407045258178,0.677557952900019
0.19679442555761711,0.20915918694956617,0.7018311158046964
0.20541095626773542,0.2090978924570934,0.7432449674241721
0.19480799563594656,0.22899915715714442,0.6323516533144967
0.19223744389320652,0.2138740421795349,0.6650523945949758
0.1870138380219615,0.19649648043120116,0.6972839295711142
0.20464326412512035,0.2072237438890137,0.7462622826076593
0.20101932768217645,0.20548272499084155,0.7349490215730177
0.18046377636732122,0.19712998064799567,0.6618160055536316
0.2128073129327003,0.21625206198205743,0.7528590083280154
0.18490034844351028,0.19541822717808927,0.690316099943801
0.18451083123058182,0.20258251164962593,0.6639804696627681
0.1806986011590146,0.19985723765337138,0.6539598099804411
0.2042401792868502,0.20680386010632273,0.7458283380568993
0.1948147328977823,0.2300469203760314,0.6295008542651657
0.1918333519587296,0.19968125997090247,0.7102987630356375
0.1772794008866696,0.2018807343655793,0.6304682875592451
0.20188393574675792,0.20964619967611012,0.7244774099478493
0.16919816981671815,0.20958699068033676,0.5687288577873607
0.1772270727673295,0.20241762164852942,0.6285375340900009
0.19762247531603394,0.20807334655781393,0.709473259108737
0.19827112226096583,0.20373523467089003,0.7277637689940091
0.18125844242176795,0.198454237639603,0.6614040797664195
0.2084593797554667,0.21875980018047683,0.7243532844002313
0.1983458353523863,0.20784884239783052,0.7137198054172792
0.20449338298760944,0.21563573185817075,0.7164553928809154
0.18461285612554762,0.20396139782031847,0.6599918296507066
0.18753417264347264,0.20287270818187764,0.6779333399550801
0.1768773117773064,0.2279552954465789,0.5565885693892115
0.1841077193118718,0.1983732431531153,0.6760373384043541
0.1578419664223868,0.20052774282511884,0.5377907560473378
0.18988850441250027,0.1972969570142752,0.7090251493457085
0.18544773474388335,0.2151980458534738,0.6294096872799131
0.17050764878819097,0.19917012360587222,0.6050488226168776
0.17478847766001265,0.19454447903182442,0.6414393165050919
0.1722014398443118,0.19499021138999814,0.6267055098468395
0.1813476007288563,0.20225777823125599,0.6494069196126395
0.17165636256956857,0.20235310188397693,0.601208291036342
0.18121071860974386,0.22252545160127085,0.5896436459989843
0.1932948456414733,0.2201000545671984,0.6510441168369825
0.20710725511759187,0.22728241411499664,0.6912424603079995
0.1755762333280624,0.19562718107204427,0.6419160805768398
0.20447560049859032,0.21257585647752236,0.7266845965403624
0.21189267802222264,0.21856996542215004,0.7406904132941602
0.16984419714711324,0.21075121760760826,0.568652454337169
0.1889792952339071,0.19717307230129077,0.7048594091060237
0.18808628331660698,0.20100468640815275,0.6869804171441757
0.20867058220642182,0.21104413135403532,0.7518360315845283
0.1886427947123122,0.19983248267686538,0.693795087040486
0.18532028733301315,0.20257933009450557,0.6679866463665601
0.20708173615344094,0.22053291735231909,0.7122824929690212
0.20991573893660237,0.2162809405576642,0.7393889564391186
0.20582268346544957,0.21904119878788522,0.7113852751342222
0.17876554183093235,0.19888006898882254,0.6474532238731737
0.19316098061727305,0.20779925193492518,0.688938864236651
0.1913635114081273,0.2029851999224807,0.696422751324301
0.1557922016161834,0.21598758259779027,0.4898068691902001
0.17566196742051027,0.19909159776938026,0.6311766484795208
0.19396998258477793,0.2073582986304902,0.6943053812441362
0.192822073539465,0.2060663379950674,0.6930878421437456
0.19610707700591926,0.2064162711243082,0.7078273249008094
0.20875757576135867,0.21304098816936734,0.7451973309246321
0.1811099713219949,0.20088876851562734,0.6526495845973377
0.20487306903796554,0.2211232491183932,0.7003925170936858
0.17382809173782077,0.19386776930303187,0.6387244882581121
0.18759271898661026,0.2012460164107359,0.6837040625230983
0.1852344754067487,0.1989955473258917,0.6795854340664088
0.18975479375349272,0.2006172446503978,0.6966240314836045
0.18773052625638453,0.21611084136714523,0.637314284582316
0.2078131699774462,0.21725264148091525,0.7264039180453852
0.18232447527923357,0.2023025798103101,0.6540918825815677
0.17573203483622904,0.1987286624939951,0.6326819355513361
0.18020399158865344,0.20783564241806066,0.6264757578334353
0.17125461120281282,0.1959453307655559,0.6188185792898081
0.20306916261504918,0.21284600556237865,0.7191544995670086
0.20741838250970052,0.2155602925871746,0.730275416777137
0.16745612238543472,0.19627522688249702,0.5984256100529259
0.17874486010340818,0.22145427305735588,0.5813609208166587
0.19524920948000388,0.20036442308103186,0.7249251501164048
0.16262590623049455,0.19909037133590965,0.5657024268665893
0.17857396794571212,0.19529784242082615,0.658348122805484
0.19120435772889124,0.21046153973387965,0.6709271342756429
0.1954659323693357,0.2232937614544134,0.6514554254532244
0.18679175131775874,0.20812805450582567,0.6572480180173395
0.17188484177060398,0.1940547521211852,0.6280951145916187
0.20453038184966704,0.21126648940794618,0.7314476720028976
0.20616009696660204,0.2110270436754225,0.7400004011182071
0.18346715261865923,0.23278689991194723,0.5733447744230616
0.19381979542389555,0.2030483227368014,0.7083032919721282
0.1802986679327339,0.19868845852595335,0.6557938437864215
0.194644849362939,0.22186614832757473,0.6519464571466657
0.19881807514431843,0.20565746199546092,0.7236210818725508
0.223781899279585,0.23665625257960807,0.7343220277737096
0.1819222095863845,0.19647019118147552,0.6714617051730287
0.19579726643650977,0.20417365929314346,0.7140846029858363
0.17533131634735452,0.19754125542158313,0.6344564130661131
0.2005354473067899,0.20612690967542868,0.7303046824105881
0.2156968157022847,0.2259726582592039,0.7332604615918652
0.19126845843799822,0.2213687418043789,0.6381590159772222
0.2083488216283873,0.21463086171429888,0.7377728457297528
0.18384545922785456,0.20134451213439047,0.6647584173464701
0.19793101526404636,0.20972980740711433,0.705340919790633
0.20872894879927012,0.21203382549281563,0.7486020139963393
0.17758688334924422,0.19723619010554178,0.6468735949572543
0.18107445039276013,0.20259809868303863,0.646967820748525
0.18632532707719296,0.20171422167737682,0.6758339890145807
0.1882495097006781,0.19731168606204574,0.7006655939131998
0.19178079622449387,0.2005482859836287,0.7069658836977933
0.18258609786664629,0.20018516678509915,0.662317293513454
0.2039934790114581,0.21112312874905328,0.729401273673331
0.2041812987245916,0.20938626872924274,0.7363486615445797
0.19194728889691492,0.203999510607169,0.6958217128778081
0.1619481714647963,0.19905291322976826,0.5624040846645317
0.1895765403307631,0.20282746516477052,0.6881540437207339
0.19997909708252712,0.20877942655513476,0.7183614763062893
0.17522981744407798,0.19657766962412196,0.6370500661826498
0.2021897342097878,0.20783577568821435,0.732259562656315
0.19065930954861246,0.20459449837755203,0.6875028931083197
0.2011712527007855,0.20625023693614028,0.7329506862462007
0.18830784199006684,0.1965408953423077,0.7037102469141672
0.1731377944221648,0.1971205846547778,0.6246825750736235
0.20303726834158467,0.23396025843398946,0.6541165126331199
0.19501524244953775,0.20988075191880412,0.6909411231080366
0.17659521650065974,0.1994494287805578,0.6347233846427549
0.2030938798358594,0.20662635988435216,0.7409213418924155
0.17217279593498713,0.19943291548211833,0.6126009622816824
0.1966809311181905,0.20312156217260607,0.7221337289319674
0.20693885494525316,0.2126304395349316,0.7380827283643495
0.1821309283494748,0.21367975989593307,0.6183595882634162
0.1938976587508714,0.19918364678107583,0.7224371130679736
0.18573287828812257,0.19738150160899365,0.6876676749425334
0.1679812424787063,0.21058146620453722,0.5602641324764613
0.18675677635458393,0.2126136886023529,0.6432171759663009
0.18154395584025096,0.19906203068005277,0.6608189185595025
0.18891330485692595,0.19821283060465625,0.700829025210756
0.17303534268397117,0.21388718369190746,0.575234759559959
0.21811800376198295,0.22575394134236315,0.7446957637254561
0.18718021756416214,0.20658216674361018,0.6640467554705096
0.189462362827358,0.19697804307103361,0.7080096880496753
0.19129082648896584,0.20438083549336794,0.6913115221781676
0.18233742073428127,0.19666611274121967,0.6729040346082175
0.19063969256091418,0.19807350887108865,0.7100378711039351
0.20309945361520815,0.2084791427725836,0.7343634071932771
0.18540973125151822,0.20088569249301175,0.674063590946024
0.21256059595874488,0.22844790868447293,0.7115871486627172
0.1760354977731475,0.20230270540911652,0.6230045095949955
0.17907200862185513,0.20139054579154117,0.6409040112312782
0.19188578327705216,0.20233261518570264,0.7012501822646247
0.1819311215384104,0.19434998060753936,0.6788326972093994
0.15566015902421115,0.2190487480604062,0.4823591093753874
0.16968931066296172,0.19850910087983464,0.6029411756562958
0.2014732098890495,0.20849152211769056,0.7265197565373664
0.20770188011831062,0.22038546648529816,0.7155729578421671
0.17464024686719778,0.20937983908454424,0.595282943248753
0.17165401098267452,0.19395004225582743,0.62724405505521
0.18501925089157972,0.20028662609711317,0.6741301380058837
0.17298069833533863,0.2079550634892431,0.591381119900935
0.1835487265319245,0.1964021896275847,0.6799757517223096
0.20091990966588869,0.20418330815939062,0.7391393107808637
0.18406160603365027,0.19847334340089043,0.67546403832611
0.1828471614237219,0.2040891962498076,0.6509269665657137
0.2039832455883086,0.20793322060136865,0.7405418198350893
0.18472027074030933,0.1968705409216758,0.6843089377902776
0.18695105588290428,0.19617849229163642,0.6980941401023443
0.15658144214385897,0.21346238977311424,0.4992984584176289
0.16647363227525835,0.2292433034870126,0.5080786679636073
0.17442385272004812,0.21519656829541864,0.5781869743816774
0.1805476091794803,0.19888852093531656,0.6563858415033292
0.18618994731130162,0.2077423512486507,0.6555714157114422
0.1941701621299806,0.22023098508182018,0.6546315999831653
0.18329411211218966,0.2080701881958368,0.6406209042630004
0.19178806039882348,0.2132504881854655,0.664889734158589
0.1875578953804323,0.2086412659391281,0.6593033969635006
0.18232911162392612,0.1985267753181186,0.6665554881042239
0.20111585120356093,0.2087108485501484,0.7240440650465338
0.22064380270437142,0.2283113764998689,0.747416993933587
0.1855755826700702,0.20544291050370875,0.6599185259674498
0.17034364740213576,0.19857714615514174,0.6060296954218248
0.16482485337770875,0.21196742599595636,0.5417099011236718
0.19353661984728898,0.20675105857192067,0.6942485365672659
0.1629203856173747,0.20259885988396106,0.5573594327334819
0.20300116045020594,0.2078108373860875,0.7362520760452365
0.21603724056620546,0.2243625516270681,0.7400399013209207
0.1820255954554439,0.1968406194057058,0.6707233286201338
0.18742785360949904,0.2015070405097335,0.6820002579654818
0.20338307911024786,0.20736301376596128,0.7396838825045363
0.19646509657267222,0.2056077632536841,0.7123519766710357
0.17609511540086545,0.20022596760563177,0.6297640456367996
0.17522826131225283,0.19512139641509862,0.6417966640923578
0.1800262544669746,0.1949351256739508,0.6670232161465706
0.20490321852352045,0.20740482000806976,0.746864120696392
0.20965546169709792,0.21430811324690255,0.74498094952271
0.18488205647767608,0.1967247807820725,0.6856383620886864
0.19966752574817107,0.2085213179005803,0.7177564733190982
0.20247737081158057,0.20901519806341773,0.7295037500828868
0.16890774088565463,0.19549615278773055,0.608235707915769
0.1911692382342285,0.19815922727882282,0.7124030516913263
0.18863139862397743,0.2015709316128992,0.6877549134426184
0.17228575584419958,0.19624957410422958,0.6231134839520861
0.1595844347879165,0.20429685718478982,0.5363980449723492
0.20434580046070916,0.21638717658394924,0.7132853383334821
0.21552746516512045,0.22464298774004204,0.7368467933513672
0.20047297454914587,0.21943386519663385,0.6857326895021769
0.1786666416791061,0.2143293384593243,0.6003221145738039
0.18341895331524416,0.20060518883031778,0.6650822647867639
0.1673068537010306,0.20997929153609649,0.5586591555904215
0.15278767160900475,0.2204463344247403,0.46627072242880113
0.19933576571180017,0.20626939305615793,0.7239841233795783
0.20571790854106012,0.2094369217084562,0.7435074354168797
0.21440317707487153,0.21767620134702767,0.7552648202123562
0.18781555773125608,0.20071019015487365,0.6866395653599536
0.18448211626333214,0.1973082195070656,0.6815839532651418
0.17123987804842813,0.21778009157684033,0.556707810941711
0.19043394910192601,0.1997401475224732,0.7030832351123877
0.1825152644532611,0.19920260091565734,0.6652285855914515
0.2056154386042288,0.2111280943099388,0.737066467221474
0.16196527827723628,0.20439971182203648,0.5477761063318937
0.18158874614266918,0.19459219151315035,0.6762282963125812
0.18374598920333213,0.19693405217967078,0.6791410003654946
0.1684573362668384,0.21019607133828636,0.5635563762568853
0.21293912511826066,0.22020036755081945,0.7399584611531421
0.17940503525120755,0.19574155764476464,0.6611014891689694
0.20498255431358403,0.20920992039879713,0.7407992604660211
0.18346542155884668,0.1960595482711535,0.6807392077342841
0.20433184912176525,0.21019628478729033,0.7342272927323262
0.19584948950611103,0.20193984672039886,0.7222422512187543
0.186466223067342,0.1981299257890707,0.6887713833427873
0.18487500996082284,0.20661688765113176,0.6527782481582844
0.1956171337215606,0.2104238993177948,0.692018036894378
0.2318496994718021,0.24442558394651057,0.7439879923191575
0.17608097201258854,0.21088069284368846,0.5978782140385124
0.19483894689859607,0.20132497518310938,0.7194286092267586
0.18538333171274457,0.1959906156217416,0.6907643576875742
0.21239561194503667,0.22520475737239543,0.7211020488190734
0.19368667360692604,0.20299109685815103,0.707847170791601
0.18142403736524612,0.19862367444981902,0.6616735780832085
0.19232852375286114,0.19857721900069975,0.7167414493419793
0.19442203994893087,0.21024006697383354,0.6869387078672574
0.14642852169737586,0.2335657489480747,0.41285386291297965
0.20546938074594667,0.22496763647857196,0.691074428213389
0.18756551171159708,0.20108178269241192,0.6841271738774389
0.17376739303641675,0.2084180579616146,0.5938419839763194
0.1776667871754469,0.1942469881485937,0.6572394681238776
0.1728715447107777,0.1947445190171926,0.6309371135622577
0.1919054186337871,0.22845495702627808,0.6211527229740276
0.1624789071906274,0.1983928061414169,0.5669505330271453
0.1740590031832345,0.19628021146756713,0.63205048667748
0.15903866341765532,0.20239687417685015,0.5387368943375065
0.20982455321457305,0.22372198451192077,0.7143891270375219
0.2042723197482773,0.21621713882750948,0.7135064342487226
0.1977720609535477,0.21682124405768866,0.6815386637770176
0.20613016585840388,0.22265743784036607,0.7012124426327998
0.18966046123103913,0.20774542396815843,0.6722673287496586
0.18867376261043972,0.20949777072060938,0.6619343114413277
0.21432790160785256,0.22184278228058676,0.7407403563845075
0.19472759251288493,0.20429713565616378,0.7084171398098522
0.20706541613254337,0.21402706781870612,0.7338577205832082
0.19540418394998765,0.2036696769198628,0.7139216114493045
0.1755044102425827,0.19803974539435373,0.6337334457417502
0.20398661944584945,0.21449342769524452,0.7179083345371121
0.1959067981420101,0.20190017378963304,0.7226680165913851
0.2049211078438159,0.209390184294863,0.739868052389964
0.1755858772747791,0.21707792213034355,0.5785290187150933
0.18599640335461756,0.19978406631983173,0.6807169653705148
0.1893058979035724,0.20544879969654783,0.6780565187498302
0.19934291779820812,0.20283651897430727,0.7362723367241625
0.18572157080938922,0.20193653185346733,0.6721001374227515
0.17311395900557586,0.2039134351278239,0.6037559954222801
0.18338876558717526,0.20759802045457348,0.6425338993844758
0.1793461839410469,0.20357948003394163,0.6353596340823828
0.1750621264386983,0.2093980348717834,0.5972459412776969
0.20156831289985186,0.20479468888599592,0.7400988459433444
0.2071693297664309,0.2105110727462348,0.7466083741632638
0.17321189686633165,0.20986852112116333,0.5870908900873121
0.18423933605551956,0.20641544353634486,0.6503357198265217
0.19001118024870478,0.19825256543261033,0.7062263226868414
0.18988886754377074,0.2063161487440059,0.6780315956621642
0.18763704844908657,0.20116216160131858,0.6842094325963158
0.16745804830889457,0.220826163028467,0.5319027722894994
0.18596918779519053,0.20656244670449134,0.658247372474767
0.19185591573325392,0.2023544100407814,0.7010270530040094
0.1949172973387726,0.20721708175962728,0.6993501506158518
0.1736171365257726,0.19377920136182347,0.6379277840811994
0.19299697618637895,0.20227002297819038,0.7069607946887785
0.1924760640922924,0.20601931204786542,0.6915665462429575
0.18372252397941136,0.19674777423391052,0.6796647357262128
0.2033245432500182,0.20802955424798503,0.7370325038876215
0.18671266828456878,0.1961184654185616,0.697092280386718
0.1745502106995419,0.20230933835543752,0.6156424202263936
0.19371142968023894,0.2016324412094274,0.7127396207586046
0.1980324155170572,0.21042678857216116,0.7034865499850215
0.17293189852090363,0.1964743145639159,0.6256894128566212
0.18039491763866677,0.19715658908738723,0.6613774271620759
0.18936563835692727,0.20451515463804845,0.6814440651284596
0.1914119980849063,0.2123513344263409,0.6659341155869137
0.1730754635692745,0.195037942202873,0.631033439848616
0.17180215517062664,0.19425896938534776,0.6270091700579862
0.17578192707455242,0.20099219461430806,0.6258050334537637
0.19814541262629104,0.20900183062607308,0.7088235169161712
0.18780243556634224,0.20049810076041577,0.6873004534392503
0.1736867431591788,0.19483484906803378,0.6348286446229597
0.19041592987908212,0.20620587970376544,0.6809501750425503
0.18815628982573088,0.19658044761816884,0.7027977171670752
0.18924203257569608,0.20096912587336302,0.6928528547386769
0.17694084119357306,0.19554818845765762,0.6491537569066246
0.18535189296929705,0.1966139202352171,0.6884145985562476
0.19458988086213416,0.2034920118937788,0.7105432764486544
0.19405156072678628,0.21974467771795625,0.6555406129639116
0.1845145233098308,0.19923730215103644,0.6751472834532711
0.18726140547975825,0.20594270002281312,0.666502893593962
0.16888304524199632,0.19887831491444677,0.5977677621269935
0.17053669032758753,0.19594291239771042,0.6151622881001741
0.18272897877502287,0.1978621330785893,0.6708154648383577
0.1890162477704117,0.2044342511757187,0.6800046810694269
0.2032063429674863,0.2083866713767594,0.7352022178543846
0.17757449356792282,0.19585031989262427,0.6513877211835347
0.18715649920775607,0.1968185950046915,0.6968675861368013
0.18805017348656622,0.2051086109004929,0.6730588875839073
0.18316228272996798,0.19828371494995187,0.6715744798486303
0.1738636337215915,0.19641227011768303,0.6306308340480814
0.19171794798004455,0.20490048255057008,0.6916428219980796
0.20022869009592292,0.2122531722767213,0.7077806587506026
0.213233931150575,0.2182427703181527,0.7479465684595819
0.19487624654630215,0.20964715513240798,0.6910479965960038
0.16098915889502957,0.2150261559939867,0.5161658514610354
0.2003680498588627,0.20413485380153668,0.7366113481289827
0.15851045939935932,0.20041008232711544,0.5414421177785119
0.1874087049768577,0.20584804621037167,0.6675249413658721
0.18847575189510754,0.19870270352189437,0.6968991837589635
0.16956206305305016,0.1960495852652962,0.609856240661043
0.2022085935866655,0.20651457943114748,0.7370355836664416
0.17790771265238237,0.19746924154883533,0.6477348656891966
0.21735710916500076,0.23532989660358095,0.7111595746243748
0.18180130523172472,0.21009260685308248,0.6273486116714865
0.19237823925736408,0.20160456778713887,0.7062252647355293
0.1967385654870576,0.20792702794433404,0.7057214588107433
0.19861652626441786,0.22422282033842011,0.6628073183635391
0.19504455747837113,0.20501795448429247,0.7074724642688979
0.19572943185729774,0.20455020130927562,0.7124384670585482
0.17589990631632113,0.20341376424892,0.61893504002146
0.20681129095220327,0.20955177036458975,0.7483176624056876
0.19538911883921817,0.20225435580614973,0.7188429552467394
0.19523622683086045,0.20055851606741698,0.7241588623543658
0.1695027215555893,0.20171107411611144,0.592445021074052
0.20563109123643308,0.21471149569425496,0.7248381868572551
0.18894053230414992,0.20433647594261206,0.6799595209969825
0.20290213720427183,0.2120290623279326,0.7211376380459924
0.18622989315745106,0.19938999532177987,0.6832333434664076
0.18571838825578918,0.19870819241388332,0.6830034867063026
0.20279082524466613,0.20956549843633276,0.7290838729882099
0.1676847374967966,0.22062950905650147,0.5334043392475595
0.1773140458116398,0.20553073443632122,0.619440426565911
0.14418850227844368,0.2333413646839542,0.40365111606343745
0.18129830428573362,0.19516358461435535,0.6727602618346042
0.17670986236674197,0.2075599368189226,0.6104736025107049
0.18489850514731254,0.2107328898303828,0.640139777212239
0.1887723532374868,0.205558632639161,0.6750986395258269
0.1868888759611273,0.1963117401639209,0.697303563438563
0.18351751426613966,0.1986393695056628,0.6721603808873012
0.17663987260599306,0.19455344172291877,0.650925892055677
0.20684803606754454,0.21702081104195506,0.7227326969910838
0.18506470449544318,0.22733233575823722,0.5941288732416906
0.17282229880773062,0.1965993938612372,0.6247338630882069
0.192164383781438,0.20575525739858602,0.6909392526774626
0.17636047293547674,0.20692876569759197,0.6106472075522906
0.202726909617857,0.2069947427182812,0.737829896606203
0.19026250656113125,0.20347123728438044,0.6893480790363218
0.200005886194495,0.2053066236607346,0.7306431888061097
0.19968104115075722,0.2032504438840995,0.7364364785156905
0.18760434161121314,0.19788306562913693,0.6953820993914895
0.18980163030887898,0.1973817729909798,0.7082803451931087
0.18376099586557537,0.21111646021145627,0.6335886634874376
0.18029053988944818,0.19584531045714534,0.6652727072469687
0.1498804208782844,0.2287287923362086,0.4366762044171077
0.1701510619550029,0.20692311711664188,0.5806555769565086
0.2059977391621635,0.21113073400910062,0.7388679809896332
0.18120679772402493,0.19567175448721058,0.6705454145278839
0.1798642890610933,0.19607463885866017,0.6623206846995935
0.16521608082475614,0.21000037199426302,0.5486470320533704
0.181431636683915,0.20464559443604272,0.642240244878523
0.1695341295809592,0.19470182885010567,0.6139342926921578
0.19157612518087,0.19913570166681047,0.7109530033833515
0.19335748905443162,0.2003743428495064,0.715448330438703
0.19904679494099098,0.2101318135089293,0.7093014258626642
0.16332311070730843,0.19881577703830786,0.5699905329217073
0.18869140147876973,0.20039051938859084,0.6921056041070678
0.1673598575209488,0.23069911915147653,0.5087139385386669
0.202605583063006,0.20693563217466865,0.737454354570487
0.2101332061719821,0.21345479610824228,0.7501972740438171
0.18158976884971625,0.2012155629280343,0.6539741108235249
0.17404080800716176,0.19717945405836643,0.6290757249507591
0.1952800900708003,0.20341319233814442,0.7142117401574111
0.1883542411520842,0.2069649431712054,0.6684911900158614
0.18021321540717739,0.1994932070700243,0.6527200465601374
0.17466223114930765,0.19495297523538324,0.6394476975731833
0.1754662465921743,0.19593687267288992,0.6403401507874223
0.1796357849593172,0.19595940350785965,0.6615440884117496
0.17274112386676524,0.22097069283499732,0.5554633616432483
0.189609225483788,0.20159955104711766,0.6925076209676612
0.19734576268192996,0.20634945161137533,0.7140593858200847
0.1923537166484979,0.20784618212456274,0.6848993577528643
0.1624882488153522,0.20380618555708882,0.5519373639611284
0.18886150804404234,0.19726175625062173,0.7039454108256966
0.19600085906521358,0.20380740522235438,0.7163668018143222
0.17612568929724776,0.19993146560100514,0.630844619270443
0.18986877123872212,0.19847760649344115,0.7047080711513124
0.1935940085269215,0.20049934965265107,0.7161819166779669
0.1890735797672609,0.20729237833967623,0.6709054181402189
0.19071451688082014,0.2003036633957425,0.7025059576809072
0.19783088108555147,0.21379574274446914,0.6914584883116239
0.18151583312528335,0.19856816114427772,0.6623208492610516
0.19335309424521982,0.19886431981263114,0.7208587964914284
0.1619712300064985,0.20138708625280097,0.5560000499036027
0.16688945041569603,0.20052736374875818,0.5829102234752732
0.1698585099137669,0.21908295670707356,0.547091894847962
0.19416580555248947,0.21497524482569424,0.6706158454169069
0.1962377944976658,0.20316988695553626,0.7197808528075321
0.20597649605671542,0.21538162333815322,0.7241866489780764
0.17804350893411416,0.2039115157238368,0.627936624763886
0.18118272735773694,0.19681428742122084,0.6665305099369153
0.1647689128937076,0.2058000596888559,0.5576719125700154
0.19116034642583266,0.19809705533811967,0.7125817503187755
0.20220177931092895,0.2065974412553424,0.7367069910745719
0.2205872024752775,0.22835100187798077,0.747039430842658
0.17398707407322417,0.20303142154271508,0.6106792393567463
0.18628306491232127,0.20523448048624798,0.6640359095091388
0.20212935663122542,0.20718296808692332,0.7342753993532892
0.20030585085314606,0.2041086491471557,0.7364011837870743
0.1932617901878939,0.20165198515473187,0.7104407629707493
0.18865632168401902,0.2035187159479271,0.6812951872175533
0.1929794942009612,0.198900017650623,0.7188510885509884
0.1864494509684173,0.19659327213793684,0.6940697892890226
0.1845229634268782,0.2044756453294855,0.6578923529504562
0.20914427663933555,0.21709442749399396,0.7330647703692826
0.17824602751066032,0.19404390956694226,0.6609124079022813
0.16484475522222425,0.21427972412370333,0.5359571732317733
0.20140454445099346,0.2076153784766735,0.7292549596368383
0.20973987725423607,0.21711938903235511,0.7357236862454123
0.19636811488579503,0.20250731993850424,0.7227793786923007
0.1811857485467438,0.20430649688023994,0.642102676860257
0.18176407955228213,0.19881731366134742,0.6627394623021644
0.20011496333909015,0.20972959945757583,0.715754780094621
0.19362239699312522,0.20301358119484655,0.7074521623027802
0.16912638942739752,0.20453753710069897,0.5824182256030032
0.17473548785625745,0.20944946838683612,0.5955397682169389
0.19750302041737353,0.20618036812321752,0.7154076877446583
0.182382689858351,0.19503869107999663,0.6787509141150523
0.20382367762872788,0.22240936750873821,0.6916240954764836
0.19742301622249006,0.2045858507940341,0.7205924341801502
0.19391630676834443,0.20782106701035438,0.6925010483233349
0.1681100204786861,0.19954175358777804,0.5919062970784694
0.17017763840301142,0.20741793551235888,0.5793984888826101
0.194525195948099,0.20293790836146725,0.7121646079581879
0.16444886993476948,0.20091191201259542,0.5696470099174336
0.21475008313754385,0.21996678092720198,0.748977106648062
0.19097751753020464,0.20169882974561587,0.6989505973237752
0.16384742649378933,0.19967737800355345,0.5701568581883287
0.18827380684431308,0.2007014684319273,0.6889526415757737
0.17771174915016114,0.19950383665178872,0.640146832730177
0.18723860936696873,0.1967843525191279,0.6974061078033571
0.18552875659310608,0.20210313765667884,0.6705920460440081
0.18136053751662373,0.20297622785935504,0.6471720304490298
0.20386694200018687,0.20760403852478598,0.741155822851763
0.1767277484740688,0.2011560134599563,0.629997315488141
0.212651902967924,0.2168820577115398,0.7499555504229691
0.18568392856834656,0.19602186366079463,0.6921877286257228
0.18941075214862957,0.20202771228607283,0.6900575696824347
0.16834015515684167,0.20138985567505457,0.5876172598672755
0.20489462721700397,0.20859282085725667,0.7425693107770032
0.19742042041624142,0.20354932285308444,0.7242491321017309
0.1776252117724093,0.20572239261400765,0.6203758868966183
0.18845080996141506,0.19735843701369307,0.7015195907323136
0.2180626233422549,0.22330462301153475,0.7526159605462968
0.18023789151164202,0.19488952779699095,0.6682652114961554
0.19638740077853423,0.22904904849488394,0.6391094035992206
0.2033673569098978,0.2163135799141971,0.7090047558305513
0.18899014884157317,0.19798709211674417,0.7020162140651921
0.2001451659956799,0.2087572830522567,0.719233186983446
0.20230297749215187,0.2134235864375178,0.7136183026178333
0.16501508940384865,0.20135805927323033,0.5711968511167479
0.19938499200195486,0.2058313206999923,0.7257641426675278
0.2014745221973646,0.20590000556936774,0.735670316173609
0.1924258109309827,0.1984626887551705,0.7176452754133723
0.17647875065455748,0.19892260622086777,0.635818889855714
0.1941921245594445,0.20111503911223735,0.7169634115675181
0.16800954694012699,0.19986243168071596,0.5904538734355513
0.1837801466835878,0.19632301050341175,0.6814287654847414
0.21316511109492528,0.21738754450870387,0.7505724923830325
0.18821357844760192,0.1979531349399927,0.6982136377355166
0.1739710200857465,0.20387089758616764,0.6080859090412802
0.1910797734150297,0.20889810045829918,0.6753521123720914
0.2087316559824579,0.21294560942560195,0.7454093860428473
0.18455555488084566,0.20228863325813043,0.6651661673404359
0.1854026521912188,0.19717204235201713,0.6867233841879082
0.22098519267697267,0.22633691304027084,0.7554454568643437
0.21250289983716747,0.22802623695248636,0.712650009090963
0.20422036289599488,0.2091581885489559,0.7373383942837974
0.17076441733755718,0.21781085865232439,0.554446266291639
0.18513014408884698,0.21752487051927863,0.6212169843671773
0.17937834876967695,0.1950254232314892,0.6633922215162115
0.21368039943077283,0.22115107785279392,0.7401293315862759
0.21455804476055879,0.22725794617111425,0.7241024902894024
0.16350711063065648,0.19720606150040854,0.5755761753318183
0.19528838220640285,0.20802858354443177,0.6984058619779595
0.20371115935187212,0.21004924711025344,0.731786290436881
0.1881189037282352,0.20931112750022945,0.6598736788519941
0.2100716315410103,0.2141370353761279,0.7475196023884766
0.20107717368099762,0.21123333270978992,0.7152146479105175
0.17856220770133946,0.1971183520854125,0.6522082106572844
0.19981862557663493,0.23508674479154892,0.6372908251780801
0.18680502117649705,0.20893673283119066,0.6547676864796578
0.20175330634505503,0.20977087149314144,0.7234241115788884
0.1767920612053568,0.19717439878585982,0.6430452532686995
0.1982868772011409,0.207529331517901,0.7145345485216389
0.19342036567458548,0.19994717697874514,0.717291275834474
0.16569208421564607,0.20525182306964918,0.5636592283830174
0.2070891415906816,0.21073546629498752,0.745432861171969
0.20696195604921497,0.21256237451289517,0.7384277504845658
0.16334040220886575,0.21779809789824175,0.5203920663339306
0.19199485275422679,0.23005112073014758,0.6172317365964423
0.1803092794195971,0.2010237521473711,0.6482282716724289
0.17302146790916928,0.198241315389703,0.620564223291868
0.18246927142345054,0.2074849300291243,0.6384524958263527
0.1854798390788294,0.19989287677180415,0.6777622157766627
0.18476952364534055,0.20021296480259174,0.6731308523312771
0.1766080513812301,0.19719414307889788,0.6420477272013799
0.18689055224531997,0.19767129348681642,0.6925160949303437
0.19127211035950314,0.20025734848128068,0.7054528157437816
0.16420417588518216,0.1969260251858492,0.5799343980939127
0.20848646331880022,0.21275799339745913,0.7449142605078403
0.2000201469503886,0.20678836444628398,0.7254767324655655
0.18421754882904406,0.20487934183022877,0.655105329947136
0.19485015550468418,0.2017818964376536,0.7178550606468299
0.21055660002553708,0.2187257797564503,0.7340543039979822
0.19490554012092992,0.1999025622093155,0.7248808545495337
0.19839896907324062,0.20324850407794046,0.7301356029480716
0.1828451267556908,0.19603735536859324,0.6776521061810533
0.20914470731229023,0.21504837112243114,0.7400414450090679
0.20481332981105227,0.20766600021630885,0.74549194210798
0.19587933273611624,0.20662743913724496,0.7060017456791935
0.2047948140694118,0.21678056776811108,0.7140622227495729
0.18602210282283788,0.20782146730806564,0.6545142067600002
0.17826503849809286,0.2032185158274284,0.6311680703692105
0.1958650067469437,0.2153609708544515,0.6773047417469361
0.18670296780443899,0.2015685911356539,0.6781957795817458
0.19374372032616688,0.19912812836490382,0.7218654717768221
0.19788363743593448,0.20540419824935058,0.7199640450211783
0.17162584458366645,0.20738798329454203,0.5864652457270284
0.17828013885172483,0.2092771653372626,0.6129676816149233
0.18681104420105432,0.19647384170980484,0.6963321071673579
0.1619018634932209,0.2139850468603254,0.5229424445076419
0.17202061384845302,0.1943943946700509,0.6276961537680178
0.1742687977740368,0.21463287439180337,0.5789830571210135
0.20100173903414645,0.2113254492869052,0.7145459268804842
0.18689641254334946,0.20773737118370578,0.658987893046406
0.18903669021559558,0.20857662264713403,0.6665976678067858
0.18897289988736293,0.20286990137107364,0.6850345908788346
0.19408871362049473,0.20076550986869887,0.7176965491469581
0.18569427334552352,0.19547172161491433,0.6941887666638844
0.19756616088907775,0.2028406697983516,0.7274978979105943
0.19069061749506383,0.198111438578121,0.7101589817570555
0.19566613506620933,0.20056500648317377,0.7262789138564403
0.2062738888254461,0.23739863860196952,0.6582762636961035
0.18483627743830405,0.19620999227552827,0.6872039281718128
0.18926114999756535,0.19888150754224831,0.700221713514426
0.17274407042849604,0.19866308672148833,0.6178504142572525
0.18333396333782065,0.1949316471590127,0.6840036765762072
0.1916417742841388,0.19957093378842447,0.7097314804083676
0.18434962768039606,0.19560103390821157,0.6868554066204038
0.17425057634486865,0.19967997327047401,0.6222485625865273
0.1771961979076626,0.1951167836898483,0.6518977788699604
0.15464090569307815,0.20315190662507102,0.5150869978601736
0.17417923301536684,0.19781309090310334,0.6277604401631575
0.19013225215780455,0.21801678763439425,0.6427589988748983
0.20015616792570673,0.2038650174732499,0.7365470044187913
0.18596343389276215,0.2009494760437544,0.6766050679483121
0.18973984332739224,0.20105180847053636,0.6950439510613543
0.18861523387188048,0.2157946421648167,0.6423478937257896
0.20076489153432175,0.20803329314830266,0.7247152090547573
0.1847463613772034,0.19696125831611777,0.6841262212132041
0.20070303386083632,0.21259441488773298,0.7088757902714411
0.21045142322956378,0.2138314504652886,0.7503640034261938
0.18781423163676716,0.2045061581493135,0.6738879302409396
0.18874959463869972,0.19967684542837397,0.694870726453211
0.15492485818866886,0.20277174819900812,0.5174530432399858
0.21548366846354472,0.23085988133928306,0.7168143182935357
0.1766794602212983,0.2042257781564446,0.6202912353417847
0.20862143409096082,0.2119401668722339,0.7484255411886328
0.17115814651708824,0.19553028674418624,0.6196387707220026
0.20978352779858686,0.2122993239936575,0.7526332387349496
0.19466631635813403,0.2042397317597466,0.7083162277568471
0.18372711796996585,0.19717387461099392,0.6782192531023558
0.17344319660240967,0.19657716845656525,0.6279630415456161
0.19155476732286925,0.20271788291272375,0.6982845582686601
0.16416280711047324,0.20793003264600948,0.5490443379327974
0.1880057068474179,0.19752072470536802,0.6986897554840094
0.2055402937958071,0.21081132257574514,0.7378175512367036
0.20959548926498134,0.21266035926795393,0.7504712670210889
0.19727666724135112,0.2084192128280481,0.7066367118604303
0.17454595395740982,0.19986908895836422,0.6231376477798157
0.18768283618312082,0.20462793298788448,0.6728447781920013
0.18813279625373536,0.19769985336390072,0.69869953823121
0.18008670371567057,0.20320094478006895,0.640187494484672
0.19025562444861815,0.19988372139143248,0.7016860776468907
0.19413364094023636,0.2013561116901872,0.7158145820873064
0.18744616146718765,0.19948327602585025,0.6890109497167899
0.1919794637999151,0.20542277536322923,0.6911573633880983
0.1828165264176292,0.2044712527840133,0.6495608776747004
0.19236552584060335,0.2057492498717411,0.691937034664041
0.1728129811146796,0.19589567813033787,0.6269305289776061
0.1812694107566304,0.19467113840700143,0.6743136750049911
0.17701302341131142,0.19918871286865206,0.6376517101903544
0.21372451993565228,0.21671445646549115,0.7554849944296319
0.16565644999205573,0.20131815028901884,0.5744958903408143
0.18292523007639122,0.1998762906854629,0.6650375070526509
0.1873467210307465,0.19714446707283892,0.6966805767873824
0.1964494653871822,0.20780333218464278,0.7047503225648717
0.188818845331743,0.19684050329938854,0.7052351675844054
0.17833095291656706,0.1970906885432182,0.6511264122375143
0.1997259421696482,0.20418900369476917,0.7332713293095117
0.1899482676625445,0.2049042836312106,0.6829933722343511
0.1926161956908532,0.20193141361895645,0.7062605720176319
0.1843790851458198,0.195228469196263,0.6883170559040169
0.1566959579131859,0.20085321666450234,0.5312135881368871
0.20737021404865513,0.2146833882967095,0.733033958971977
0.17934779666648482,0.19709465941413834,0.6562724583759383
0.1630213003302673,0.2105743860531766,0.5367286233080878
0.16648349362383108,0.2055681920382113,0.566641621298002
0.1900091190587025,0.20082231433434714,0.697179093482623
0.18320139519980527,0.2247097758169636,0.5927708072135852
0.1616368784991251,0.20317598574414825,0.5494590223851806
0.20140516709682554,0.20935009698473597,0.7232151753331394
0.17641154101802484,0.21729250066108113,0.5817574956955989
0.20533528135535917,0.21525238393673654,0.7216425598380959
0.18280050481922194,0.20714486616761213,0.6410996674750601
0.176503954567222,0.2097270354126829,0.6031838209046267
0.20015112837210491,0.21413390496530904,0.7012020277518887
0.18518331261602233,0.1966446498637927,0.6874497359051366
0.1820098507976584,0.20646208998074958,0.6393902668037844
0.18982938677716965,0.20191112049501933,0.692529398253817
0.2013148397645187,0.20457273490932987,0.739662789528546
0.18321911372514138,0.1983041401252438,0.6717918932050718
0.18842490620543015,0.19705232915491594,0.7024778991402081
0.17795084744429243,0.19502828926858853,0.6560630148792487
0.1698260356035596,0.21151996259249056,0.5664998902936346
0.16575923795650005,0.19517630215903967,0.5931008871260072
0.21267863714467253,0.22441887242070063,0.7248883990456538
0.1981362717826085,0.20620078084003124,0.7184079089280042
0.17387161336590995,0.20103093182297999,0.6161818593916009
0.18830587891402473,0.1995078367242044,0.6932353193985857
0.19218802119575737,0.20249077958622383,0.7021950406152266
0.19158904150960393,0.20740522413775492,0.6826686362324363
0.2038627488279306,0.2182698588201177,0.7049198165044547
0.19262818838625695,0.21137695218564115,0.6747575216289153
0.18378180123749782,0.19774096399443442,0.6765507689204107
0.19273596204770232,0.1988437642763909,0.7178297120210455
0.2036795269889818,0.2072233574904794,0.7416129573908791
0.19084772820864443,0.2339158228079493,0.6021299735857712
0.18379446667579374,0.19493929418656078,0.6863391356477868
0.198429743764707,0.23483917051225764,0.632048492766072
0.20598809066542284,0.22049986526485113,0.7074294148799564
0.18201999584039685,0.19847217216521287,0.6651813924347053
0.17757740993749543,0.1960799095335948,0.6506398857535036
0.19603502530858674,0.20792049757788575,0.7023599260764702
0.181948293192628,0.19486145345703354,0.6771390177571589
0.19271502168235566,0.2068472075220286,0.689953823365766
0.17874661420928048,0.195086391972867,0.6599466672549195
0.19252407728470658,0.19908501883077778,0.7158955411198067
0.1934739859616685,0.2049734857021501,0.6999636341753616
0.1725532225776299,0.1986348451259132,0.6169774618342733
0.18178697925993398,0.20344068264571963,0.647790685452199
0.19358195022743474,0.2146659146555654,0.6688623597174899
0.17948121825970303,0.1980325428041817,0.6538380835100245
0.19706864961149317,0.22240992192723574,0.6612503989799906
0.19280911184676638,0.1987517548919552,0.7185300674421707
0.19744132710822776,0.21321175761367386,0.6915253115420683
0.1834838586553607,0.20384614347095126,0.6548265097513734
0.17384599567310904,0.21625635713444927,0.57268141068386
0.1989937276338175,0.20594942621571527,0.7234481317649252
0.17590030056024214,0.2035115250201226,0.6186396595858319
0.19559867546647047,0.20912439038350208,0.6962300054979949
0.17801098429080991,0.19513536624784353,0.6560111923956511
0.22255450123730186,0.2284072924743938,0.7554684413442996
0.1955407048280826,0.20329403225772627,0.7159123325547166
0.1928561659430736,0.19999240886710964,0.7143079417479202
0.20990048224007318,0.21255138073972749,0.7522909598779499
0.18269337762117438,0.20085878660435294,0.6606301863335995
0.18283578417398055,0.19923408879586385,0.6667322092158873
0.18257079680792626,0.19581593472360748,0.6770174092065021
0.20080993368207195,0.2105217502634148,0.7163627202100088
0.17906641537457235,0.20216544961957778,0.6384197478720594
0.20795649697415133,0.21963999266966638,0.7191609098790781
0.20769229567250302,0.2151388355519773,0.7329792190606366
0.21035616995381987,0.21474837773800315,0.746716560296708
0.1882439433428693,0.20573267407987955,0.6719591040225021
0.18926337991976733,0.19835663459381608,0.702085817320622
0.19802947745712268,0.20185659997859998,0.7333397940558604
0.18671409770018557,0.1962993631639937,0.696457163673888
0.1908845430447278,0.1975720887188323,0.7130791801529346
0.1722128013937054,0.19374417999622437,0.6307946973998757
0.17180034498827063,0.19531726682908956,0.6236025465933374
0.18018729426064076,0.1972214583179567,0.6601071474218351
0.20662509588928227,0.2115388575812333,0.740408158010102
0.1851354603595805,0.19862943374926506,0.6803395539563659
0.2067335641858194,0.21331573904158888,0.7347491792683053
0.18445130100960902,0.2250816728201825,0.5973445075513634
0.19341117899047744,0.20876312688236168,0.6869564617667844
0.19456554691537845,0.2072205317980682,0.6976410380813728
0.19622066172828,0.20410178894523254,0.7164104855911675
0.21221681637814468,0.21578820052889294,0.751740901404962
0.20971569186418348,0.22355364699447067,0.7144401087231373
0.18918203314137957,0.19845271644925538,0.7013359939417538
0.1608066275137384,0.21327118599776712,0.5195574216711042
0.20438566262123664,0.2195329451999465,0.7032459865220916
0.16829812188247228,0.19443239560910563,0.6084280426205486
0.19488890372898432,0.2082957833985166,0.6955921112036115
0.20776124723489367,0.21149937035202837,0.7459182832190434
0.18312877447172066,0.19600010537454773,0.6792280760120886
0.1745645042449117,0.21627296734273319,0.5759596577204733
0.19148530810799586,0.2109041295036525,0.6708512936231795
0.1996649138144409,0.21134916785343683,0.708140539820948
0.19208618914360917,0.2038412471000077,0.6970433666641543
0.21338671194317885,0.22421171529741887,0.728716212381877
0.20961327962579582,0.22115731307053835,0.7217182982092344
0.20509221726793436,0.21057547408717622,0.7365160541142968
0.18052851603685535,0.1978272892370773,0.6598104666966813
0.17921789849141548,0.20183003220218118,0.6402312732228708
0.18949400115087295,0.1969759085450188,0.7081779806538708
0.18645519157199206,0.20636702482189434,0.6612257539195523
0.17517751841107493,0.19609145961442703,0.6383629284886269
0.20183800579672967,0.214629423162995,0.7074426402451823
0.17812207028300794,0.20059623926058887,0.6387062427255588
0.20710307761628294,0.21717607637068298,0.7233903487055106
0.20393433417135648,0.21571589048447712,0.7135975649528405
0.1717869183881538,0.20526870628601546,0.5933048470547646
0.19747906537996995,0.20293188520233438,0.7267417105642375
0.19443990568111574,0.2087401508362971,0.691960339697137
0.2010428181200739,0.21276625417433873,0.7099002551236853
0.2103672736120616,0.21708276711391106,0.7387379281373873
0.1799879474377921,0.1997528750213165,0.6507438124428522
0.19256853960186635,0.20249599404287696,0.7040560988662252
0.16164284893073416,0.2035219498707941,0.5485543402154441
0.20743909235321173,0.2202808045515336,0.714719980589047
0.17518228782449233,0.20121958075188073,0.622117824501641
0.2117184506816018,0.21426899775126204,0.7547449812097199
0.19947899116442963,0.21941633955701748,0.6812573369249288
0.19112539393142303,0.20037468769513897,0.7043074929011939
0.18628529742797612,0.2093395367440119,0.6510251219034214
0.1885842967355433,0.20374007147782466,0.6802014730353473
0.18888775265864516,0.1984774317224061,0.6997659706363791
0.18686217702065094,0.19586678194303692,0.6987513434537052
0.18880284628016858,0.20339223322774594,0.6824392656367848
0.17576552034699922,0.2031290317531998,0.6191410418369117
0.21141232050377556,0.22527049764316412,0.716526674342674
0.19264493584304374,0.21152701728672524,0.674357997728906
0.19864812001796164,0.20234490758624718,0.7346274328875911
0.17219630999207547,0.19403284879733987,0.6297712513601498
0.19585134780448604,0.20154532962196908,0.7236652324221746
0.1855495670237148,0.2139491753325668,0.6335596611345375
0.18980370211866518,0.20211447088235457,0.6917055543244163
0.1875795529772426,0.20392599216782503,0.6746543268698123
0.1870669427442731,0.21008025458174764,0.6524503838647855
0.1855201160101859,0.1995391351586283,0.6791655977783555
0.1858320501515024,0.1962888716930376,0.6920007689683021
0.1620970619623328,0.21441234410751217,0.5228106731864481
0.16920705794878987,0.19727232644820808,0.6042766367440114
0.18947450665160448,0.2279355314252768,0.6119033122193495
0.18898220367023202,0.19911088511891936,0.6980140919328676
0.21387204378152663,0.21732576029749157,0.7540387460612422
0.18818928057640555,0.19859869211589054,0.6958217050884021
0.18262671366752264,0.19542576177846727,0.6786552216072055
0.1940607147060125,0.2245749422032119,0.6414816955653753
0.19837725128915587,0.2048056269029685,0.7244783921852551
0.2058196465765818,0.21256238457922258,0.7330537191941757
0.1820409859152159,0.1947985724061768,0.6778334373000213
0.15478604961918715,0.20340079433566718,0.515170306789763
0.17542141594538263,0.20769518145370583,0.6038725360286629
0.16981453343565955,0.21205466189612995,0.565017210017047
0.1907355969554944,0.20030644331599715,0.7026014471909642
0.19150241574812354,0.20714466575687934,0.6831091461182085
0.17451121073900266,0.19565612777745306,0.6363777723365076
0.14578723314946052,0.22254609965459804,0.43041524114835883
0.17067372690098392,0.19681158207444313,0.6131434218913987
0.1694627535677385,0.20251198066848852,0.5899046227951256
0.2157869080472242,0.22213950549574418,0.7463188849603358
0.18134462911689955,0.19435117966312085,0.67581081496169
0.19886673737405253,0.20404097992256875,0.7295923467459614
0.19254283075106335,0.20413997085209984,0.698260267972391
0.17793888803591262,0.1970479955126278,0.6492777950015416
0.21414578543543358,0.22883788203906513,0.7173016284402252
0.19724993982400352,0.20398990580071916,0.7218491485939222
0.17930441819848086,0.21419206869657997,0.6036844360546834
0.1849782876331662,0.19677964163130096,0.6859362407320074
0.18053187652932068,0.19595743787768008,0.6661236130817391
0.19115179008652583,0.19944558936367254,0.7077207901005382
0.18943291011275415,0.20300649762066741,0.6868396418192231
0.1940403343544645,0.21341891843955724,0.6749183034364333
0.1879832143857172,0.2079037450314648,0.6636879694727692
0.1806787501232567,0.21511466765569207,0.6074841457692616
0.1988307933168877,0.2089920756824267,0.7121360598525425
0.205510726084587,0.2107706837924181,0.7378195263518952
0.18160029673971834,0.19604212213101968,0.6712858201553576
0.16688001620214984,0.1957423059052973,0.5971116752793233
0.21058094798106577,0.21577928034565572,0.7441907662488816
0.2008647939152282,0.2056213073285136,0.7337021433979947
0.1845584330754338,0.1970761906305551,0.6827736655803393
0.18141704071005368,0.2068688115861289,0.6352675384096688
0.16854867496525897,0.19832803068737873,0.5977403927946289
0.18226040589605647,0.19458179689438557,0.6797162324893337
0.18202448746926936,0.1974163496433532,0.6687616689690651
0.17219402474878906,0.19406650740303147,0.6296502492056509
0.1998850077383389,0.207567035560056,0.7221041016167147
0.1826435522029202,0.1982139093626294,0.6691939664045008
0.16083969928250277,0.20185025748795812,0.5491184438499673
0.21675011739653105,0.22145317294571257,0.7529813873446215
0.2018009400006397,0.20710946063410438,0.7329502937039801
0.17216108732848714,0.1990032261654898,0.6138648587882629
0.18798391066592435,0.20153928725579512,0.6846501867935763
0.2009392728401372,0.20706172480425136,0.7289578650174469
0.1791990449962591,0.20089450622826893,0.6431188558708274
0.20785624844019024,0.21059230348434677,0.7495822298744343
0.16332461211353747,0.20401715924087863,0.5554660820452733
0.19057203818374494,0.2064116278383032,0.6810277098045315
0.18924907323935083,0.20886139777176096,0.6667056465432596
0.18344345694516925,0.20033469130111017,0.6661025910115536
0.19699472174464952,0.22450130374294347,0.6547611051424455
0.189362941071477,0.1987466123660539,0.7012091396798084
0.20108750110412904,0.20984670349966386,0.7199898715796175
0.21836032334514005,0.22755722432089545,0.7398592764856482
0.20318022467572586,0.2073723858599536,0.7386722395101064
0.19801864154484317,0.20358307208211976,0.7270675308659089
0.17380684270422236,0.2008324545146286,0.616468304405473
0.17765762113630199,0.1976220512283618,0.6459685057554
0.18204284066057902,0.19917171746978649,0.6629597933783413
0.17037788143212954,0.20157302379489944,0.5971924177444201
0.2056616030264632,0.21262895973874313,0.7320809132383678
0.1993882266040401,0.2072542434124683,0.7207969503752656
0.18710050503003417,0.20285856165247948,0.675842833120859
0.18886309187408065,0.21783239920806918,0.6374767590997397
0.20590002260658793,0.2126783067386703,0.7330320849232215
0.19438815961256653,0.2224894215072802,0.6489664031412923
0.1909323844461732,0.19858971611581844,0.7096660753771397
0.1870721747084363,0.20397157974332317,0.6720160469459875
0.1784398383305495,0.19492740744415527,0.658911130120818
0.19441876339645175,0.20039299863692514,0.72067769023264
0.18951519722998192,0.2075621714453113,0.6721610024529037
0.18280657128237962,0.19842394742948002,0.6693071728631904
0.1776461439965913,0.1976264942792172,0.6458959081480545
0.18885412922028538,0.19753950840300377,0.7029182685673525
0.15895489097203874,0.20532051976874804,0.5306575840288849
0.1795898205152444,0.212258258694364,0.6105289910148752
0.2047144210580351,0.20819696362091694,0.7431156457196834
0.19295543409424992,0.20237133283386752,0.7064016038853003
0.19257581825769887,0.2033195689970335,0.7012400181695208
0.17373199041594903,0.1973288617872794,0.6270344302159517
0.17736341595340588,0.20084049033006082,0.6341520862854753
0.1899475990811973,0.20203445576320286,0.6926917418740927
0.1913173070890528,0.2092888505596091,0.6752261609311252
0.2003882648664172,0.21798038056002908,0.6899165167068885
0.18229889727569779,0.19667772324136906,0.6726684400008862
0.1718423032911764,0.21055281780613266,0.5786780939847748
0.1900793777912232,0.20820532043614642,0.6727944199398282
0.1921236323586317,0.20397446941764827,0.6967716732608639
0.18694526091532898,0.21937620426546753,0.624248474778109
0.18546275541626653,0.20294158577814433,0.6674962891260461
0.22148934767629722,0.22889488266688227,0.7492056863755705
0.1789056684804513,0.1955904591329364,0.659059082185795
0.17867600916070228,0.195184982771772,0.6592515844887613
0.1875789964395801,0.19697572470473856,0.6984566075124607
0.18052211811083635,0.20898567586184943,0.624550546694494
0.2018765031812474,0.20670123136424773,0.7347634176093102
0.19996211818730755,0.21250460597656298,0.70568878965309
0.17606251583369187,0.19441030603085296,0.6484353551384551
0.1722520425455317,0.19470224023558408,0.6278923262393399
0.17876239819259168,0.19454062937125816,0.6618792105728393
0.19757600724650792,0.20273510891577023,0.7279252618638486
0.18597269423126167,0.19965445341560067,0.6810401266042433
0.20174271152298354,0.24066673946703251,0.6305096909486732
0.19532065456233916,0.2075282048048237,0.7002453218299193
0.17375621097162786,0.196612648757185,0.6294417564378869
0.1731099413525559,0.1947988326269371,0.6319850057229349
0.1892700232564224,0.19849721213144828,0.7016220618967454
0.18785539800264237,0.19931038268011575,0.6916619001424231
0.17000093792582666,0.21907361098664474,0.5477653715816196
0.2083817121850772,0.21197251453995714,0.7471804187859553
0.17913515426063034,0.19411213769919555,0.6652605848931696
0.17608789971958555,0.19511345357686397,0.646228629590188
0.18198187019164075,0.1962785791390596,0.6724211616497088
0.18036867289330277,0.20909849702490393,0.6234797224667554
0.18542388833775958,0.19736108968483254,0.6861731892239704
0.2058227241526282,0.2152483231883367,0.7239207341758819
0.1734664423048977,0.19805355334778368,0.6233992787197793
0.19951204242961484,0.21145448697162553,0.7070648846041155
0.1761475715295966,0.20619302276563603,0.6117935992091206
0.16607650106418828,0.20986756036896448,0.5530940601783154
0.20047428232522177,0.20573329937495888,0.7314046038360329
0.1858028958831699,0.20501556088734782,0.6624028697889476
0.17109679853281773,0.19753036099342514,0.6130541043098102
0.1742294583829659,0.22935483321123507,0.5416474405339912
0.20479131903664588,0.20773817558520916,0.7451269782291616
0.18965228240720147,0.20769727146410952,0.6723838085245797
0.2037784315856947,0.2070520286370653,0.7427042980353884
0.18250902856606066,0.1961574840798245,0.6755236956043815
0.20301731685767938,0.2099385664812316,0.72886711299593
0.20999862471740763,0.21222264717149494,0.753918711550678
0.18765470108503124,0.20068562668735998,0.6859220730315576
0.1935339203256148,0.20418140381283637,0.7029725413054055
0.1756650455303499,0.19395530575277561,0.6479072332804774
0.18084044486619477,0.20214717198806398,0.6472534024563075
0.21294275873713625,0.21673395792968214,0.7518100084251769
0.1609247059357587,0.22385784429142913,0.4955140450265011
0.19165878896441324,0.19935538761460825,0.7105842017084912
0.1692184258136769,0.20920678353578892,0.5698592741534227
0.18563822869589605,0.21602183390931629,0.6278912933997012
0.20211765102580714,0.20734570482099463,0.7336426436088133
0.19059153780066507,0.20166233030179084,0.6971631121700698
0.20523980811469544,0.21164339892846637,0.7334970469226171
0.1818976982970014,0.1979784361258179,0.6662225486677683
0.186236127391317,0.19703939319955718,0.6914156868791209
0.2000186895257268,0.20332201154654225,0.7378379172261246
0.19508639214355156,0.2028167321477533,0.7153571138196586
0.17841664520189332,0.2109142048401633,0.6088572616491671
0.19599650465531765,0.20108870416693533,0.7260303618751133
0.19953665792209047,0.20365508002525215,0.7342643154472195
0.19507800041958134,0.20903605132675596,0.6940333951907741
0.20213873433850962,0.22413241375934126,0.6787895235084839
0.1880095246545887,0.20855084771316995,0.661754800653699
0.2146230237067077,0.2178392991615892,0.7557085628731909
0.16980199742626678,0.21474115987048478,0.5578902409697426
0.2024260021965956,0.21841602165500915,0.6978700602712853
0.2019470172385373,0.21549189096232887,0.7051171000448452
0.20619000194255246,0.2141088095701238,0.7294889091959474
0.2120415153706153,0.2190291126223637,0.7398172481755754
0.1902596965684207,0.19846569642714387,0.7067200987043601
0.19377841179274288,0.20455956233845773,0.7028682020489059
0.18273575269995307,0.19609091577169355,0.6769092396635845
0.18667926291405199,0.196818560100209,0.6944429572315869
0.19463674988570728,0.20113539280781256,0.7191014364334652
0.17746700029044266,0.22179693920657365,0.5747013495606651
0.2169990191669233,0.22297821999481932,0.7489476737719197
0.2031499030299806,0.20672117735510118,0.7408525095951007
0.2046897022487157,0.23136600029124255,0.6685930605793113
0.19458470410717177,0.20159196620584294,0.7172146134014994
0.17957906528764536,0.20490173021704708,0.6323961498538134
0.1802675483252704,0.1961033777348061,0.6642799824765557
0.17750407087114412,0.19419288235794613,0.6565846766521658
0.1967022539355267,0.2018513323010257,0.7267836791720856
0.18449560487562416,0.1997026733013966,0.6734792411749032
0.22557907713628159,0.2331556731849192,0.7530551358148906
0.19497782591165297,0.21622874008250237,0.670483608498743
0.19121478710939052,0.20594188197091146,0.6857021299306986
0.18899217930613543,0.1973406216193275,0.7043262464950226
0.20056841426651417,0.20398163742176398,0.7381469046411782
0.21099319903930872,0.21756892218931584,0.7399641337526219
0.21058569928134283,0.2171045892080416,0.7396697594792008
0.18908405444719906,0.1987013407065479,0.6999653548015329
0.1831838027642302,0.20040909043292973,0.6645596887672238
0.17346993223894647,0.21004930690707838,0.5878140426027071
0.19642999721470086,0.2056474602864363,0.7120437909164823
0.1650252926329101,0.1984228127163888,0.5796979241359658
0.1712106322233053,0.20189279330521687,0.6003712675373303
0.20103062661015614,0.2064957161579318,0.7313983525674939
0.17282261867442553,0.20080853105410293,0.6116404419159561
0.18280695675158312,0.19595751904416003,0.6777334056860271
0.20127358348699187,0.20698644723428714,0.7308381080417594
0.20517975243609127,0.21230206797445542,0.7309384873950583
0.1978674908586606,0.2027394193635003,0.7293475108239437
0.17173249722814551,0.2005984836161393,0.606846547559602
0.17698479294335895,0.1989403111218888,0.6383059935276597
0.17988625524210403,0.19473401574988883,0.666993153414586
0.18759794341050068,0.2082691274382895,0.6606737402847727
0.16624563322159544,0.222409792295917,0.5226641867770382
0.20546085146123577,0.21127881425439352,0.735808992538413
0.19908296646934395,0.20439394890045798,0.729390313516321
0.18500109452400415,0.2001641715198711,0.6744518436987215
0.1815264861342744,0.19439212006840476,0.6766040006559499
0.18137229217772483,0.20698750665214774,0.6346870605987933
0.19611805695257978,0.2009049887974655,0.7272992961856363
0.17438439486553986,0.19548536371362368,0.6362849499451877
0.20055670621285532,0.2101839877992053,0.7163091146442916
0.1715241752768062,0.19771266381049885,0.6146504373300192
0.19996119360869705,0.2047425831342078,0.7324377338269595
0.1920388880398005,0.22985479675861592,0.6179505063318904
0.17185027051401058,0.20458342805047536,0.5956018611827512
0.18353477682209046,0.19807001433429386,0.6741796696026706
0.19044360358002183,0.1994832727723982,0.7040369933185422
0.1871300428428398,0.2009790083255711,0.6823102770051451
0.19315834748325988,0.19961075449695845,0.7171875475549152
0.18656047745565538,0.20721468719903569,0.6590289486791304
0.20162421864683955,0.20684674398364009,0.7330268571151974
0.2016093698332001,0.20717453232959673,0.7317954003728737
0.2167661643474664,0.2200899537170163,0.7577182035391232
0.18864611448328844,0.20089003308965037,0.6901592495702135
0.20245231772259098,0.20581331915780737,0.7407310583514674
0.1690586564646543,0.19599710430462655,0.6074510992754697
0.17892722399268074,0.20939951793249204,0.615699717294695
0.20363015378511518,0.20850505042760414,0.7368174222641083
0.17361814701764988,0.19647613798482708,0.6291763889780667
0.19484662195111216,0.20776426342982854,0.6971681248735707
0.19691805452321662,0.20822537559018764,0.7055722872718878
0.186989605262626,0.19946670889764972,0.6867792927436229
0.1784009610566853,0.2177706516052986,0.5896155432799429
0.20065095283941817,0.22939550851526863,0.656730176691279
0.18043798216795126,0.19580374682818288,0.6661669364397309
0.19119783667397314,0.2059840722476696,0.6854793923299114
0.19770498286615057,0.204751419779801,0.7213868554611209
0.2043914074870183,0.21460411079078223,0.7194242781189529
0.19524010474401382,0.20371484611142557,0.7129578796852739
0.18944536548224633,0.2108176424358336,0.6614501702564539
0.19413268961217178,0.2119730829701113,0.6799575096640682
0.18633358685817347,0.20074350585329534,0.6791431995703361
0.1953429914157098,0.20823059519002884,0.6979905680194183
0.19281397114823237,0.2007320653157542,0.7114656590793509
0.19600931627591103,0.20120406584515788,0.7256777623384435
0.1796014597256985,0.19683756618763978,0.6584183204244306
0.17558649930509077,0.19842332038087573,0.6329220731919317
0.1818483185384741,0.19748419036439335,0.66763986674169
0.2046935139054706,0.21725751648463867,0.7120283634302167
0.17514893006657695,0.21988518799165258,0.5691557999410489
0.1582289077360297,0.21552859059161214,0.502155688203353
0.17575837653748858,0.20289433386287584,0.6198220233320125
0.20301473194711367,0.21273785072177231,0.7192642561160069
0.20856059704943475,0.2123347124810518,0.7467483540336548
0.19385446600228487,0.19997642987209782,0.7193571067064863
0.19560258693885885,0.20126087173748508,0.7234520335814495
0.1758932795167235,0.20390841882256883,0.6174010874277326
0.18490185350159175,0.22244157718959223,0.6064597059865822
0.19061362196291526,0.20185576996057225,0.6966044220107298
0.20377072423846887,0.20662897450094814,0.7441876174909985
0.19617651800293148,0.21078026973335462,0.6935019021839689
0.18780911198532135,0.21338596933701776,0.6458208682299457
0.1884341226398351,0.19715107492146836,0.7021728017205988
0.18407620505764108,0.19955288698222348,0.6718830636090212
0.18418379449743225,0.19643396529054374,0.6830987415998153
0.2000810963490233,0.22402718348874764,0.6699235959307657
0.17749889475293865,0.19953652021512872,0.6389752342853163
0.20200365287726438,0.20805098837677402,0.7306076941196279
0.21805159395358148,0.22586910125479878,0.7440220597681734
0.19028079825064395,0.20436941332535144,0.6864079901590758
0.19292559138484142,0.20143550030420282,0.7095352664699061
0.18661231239329296,0.20975984872122566,0.6512796096399412
0.19639549765175437,0.20346828035574413,0.719500343718423
0.164254597807531,0.20786648591285764,0.5496537708124296
0.21124025813540132,0.21639807257893284,0.7451094929534907
0.2163052441728182,0.23104576236222962,0.7197935269294733
0.2059370547336265,0.2108404483745123,0.7395974346280946
0.1889029649451531,0.2074379061606134,0.669612258993804
0.19505319632586735,0.21931487644341557,0.6613924175056672
0.19221560642349936,0.20752225337885763,0.6853029210504336
0.18166662764098823,0.20204237888089407,0.6516782685409134
0.18162540891548645,0.1945947078999629,0.6764079575234511
0.1906092743554931,0.2004967712862625,0.7013044322531056
0.18129227115310953,0.19571283166357134,0.6708414059370406
0.1819194243020058,0.19886612670601964,0.6633579407770134
0.19992185686751685,0.20478179958939483,0.7321053783496537
0.1821382256905404,0.19762005898069604,0.6686478405688967
0.1908169271454596,0.19825735918341397,0.7102733927530305
0.18971583994828295,0.20060116841943842,0.6964856737830665
0.20644990684381023,0.21148417132853983,0.7397712361213356
0.19482789261097816,0.2075916269525063,0.6976576788625127
0.20149651024427467,0.20504100537733513,0.7388595757491386
0.17741549712515634,0.19624868979301982,0.6492552753322292
0.1877466483849945,0.19837201793683532,0.6943854774359111
0.17754121069100456,0.2087573600762836,0.6109543186616211
0.1898127382077994,0.19850860905640183,0.7043157416315112
0.1929691636762039,0.19990180715979847,0.71519695448234
0.17854248424645838,0.20982221446180438,0.6126257154237498
0.1842728926768341,0.19514971682278115,0.6880506662419074
0.1889910307360902,0.2016041550412913,0.6894254273064111
0.1814958549520208,0.20825237522885576,0.6314254750156653
0.1830165746216687,0.19511418047797688,0.6817370951502046
0.18437098888410292,0.1955595722604461,0.6871102617526067
0.17745201426763893,0.20071339169529512,0.6349950702897045
0.1858680190877262,0.1978178592394904,0.6868339370877332
0.18644287365443163,0.19812112486472813,0.6886841256710572
0.14948777870955376,0.2173069985521516,0.45782132822416965
0.18818115244912012,0.1990132284548881,0.6943314950565846
0.18525039872181365,0.19677919303193883,0.6873206289643714
0.18546039459708136,0.19895780941497201,0.6808498495002412
0.1985639032178252,0.21034764647818807,0.7062779437051152
0.20647416791108542,0.21144913597192327,0.7400085471707127
0.18724543279461472,0.19782672704291812,0.6937658770689745
0.21142602386390902,0.21579302422751856,0.7480595095312794
0.20488915314086636,0.2116763654236866,0.731726250263433
0.2106215772521822,0.21708620507528859,0.7398976696675698
0.1778421655267444,0.20006173424178988,0.6390135825386646
0.1831567079310045,0.19941181633457375,0.6677473300157587
0.20586095170001276,0.21005435699348474,0.7420029459557799
0.1829254489645132,0.20260241656787503,0.6560901454992323
0.18243714662165209,0.19745524515760626,0.6707198206659054
0.2091855571045159,0.22957180884209644,0.6934020248714707
0.15724452445531456,0.19958705560897233,0.5373320635854575
0.18282524595093183,0.19503496903958967,0.6810329788806742
0.18760284275322472,0.2032422690739874,0.677038508673274
0.19007814343804175,0.22378085544699425,0.6259612474813392
0.19059498046378107,0.20798975916754628,0.6759706873381428
0.1902243289477753,0.1992911308206494,0.7036155014543481
0.208380277303095,0.2136641703147834,0.7412580081618705
0.20184636151582058,0.20755592609694198,0.7315925127808616
0.17953554799458077,0.20128264153813955,0.6435505168488961
0.2128650014493389,0.223539938658153,0.7285722740507644
0.17644338680523136,0.1999385412164299,0.6324112701630581
0.19362007081248717,0.20751321963158803,0.6921008264797077
0.19926263426042518,0.2070661701015115,0.7208451008064288
0.18562486100136832,0.2034677820528578,0.6665667637057895
0.17971132457853017,0.20603110330300609,0.6295715671034687
0.18986990560802383,0.2034123163754506,0.6876176826473838
0.19125671413065465,0.20197267845205114,0.6993852594978057
0.19065461688214447,0.1980209980876288,0.7103015247903236
0.17005161217708148,0.19955685445307103,0.6015910227995377
0.1910606182547111,0.19791600381125712,0.712729721388442
0.1898309863602956,0.20252541326291684,0.6904367412832688
0.16983337414695596,0.21005338138531623,0.5704900980724364
0.19061642731774842,0.19853148277229174,0.7082827637923315
0.17518421797221134,0.19405979185868502,0.6450806567048722
0.16430197057730528,0.20077432849966081,0.5693057047255838
0.18385330090655327,0.20571170996511426,0.6506839155109492
0.17754507093663602,0.20718110185267086,0.6156211633015398
0.17305321703470916,0.19402126114562185,0.6342254261627136
0.20347505806073848,0.21251106821034874,0.7221979511618898
0.19192146033267074,0.1987336425609646,0.7141290146137896
0.20440870670852707,0.21154677464845326,0.7299033840866741
0.17391689383579104,0.19852104498154793,0.6242002899355523
0.17835251746662967,0.197158489405406,0.6510118730048978
0.19480607560784105,0.20067698708036924,0.7215878497809396
0.17580672374020653,0.1961575629634441,0.6413554585384599
0.20063147135151235,0.21072992325626203,0.7148081725837016
0.1748099003739805,0.19629621040260786,0.635824298991777
0.1768928673210603,0.2128054554331707,0.5962857815969369
0.19355308651661685,0.20576254349990658,0.6976638414108739
0.20036811361444207,0.2098391437407655,0.7165875295421825
0.16600037607913928,0.19858107096514085,0.5841461903461187
0.17954503959821583,0.19694068740186,0.6577870794869195
0.17755117705051854,0.1985455073506521,0.6424279186798715
0.18827987280863664,0.20210222928973792,0.6842075581976671
0.19287091763359646,0.1997597881010296,0.7152136022558189
0.19085113930133588,0.20071219258385414,0.7017567666821768
0.1859257505095602,0.20585603200936084,0.6602952033165551
0.19120114671619381,0.20534764752808773,0.6876199869632309
0.18361636896901762,0.20199166909898078,0.6614944545239754
0.2176050531436274,0.22064924432098942,0.7595994885883406
0.20527185530374387,0.2128223259073014,0.7295844298373815
0.1723293400700569,0.19874002733310514,0.6155244200757936
0.18967781788266438,0.20862447950338636,0.6695178735264244
0.20148216843432962,0.214344581040453,0.706722641174402
0.1968890876708015,0.2021371798620664,0.7266802068329791
0.2000385460223471,0.21716839541662059,0.690885732864167
0.1996510488263785,0.21601472805543295,0.6927816921259903
0.18317922851867674,0.19878677125524014,0.6699602175623448
0.18881277091752918,0.20656818128663398,0.6719949319053771
0.18846927411779812,0.19810684494700156,0.6989625934169112
0.20851572425553028,0.21082626666369447,0.7518784388872719
0.1704850172491251,0.21853508241514255,0.5513303215098636
0.21172096712000724,0.21424737241446407,0.7548329078554863
0.16841185914694187,0.2095790028263751,0.5649986761557393
0.1909702777692981,0.2128990050761421,0.6621462496683858
0.20585356871584934,0.20913888571922493,0.7452156406967153
0.20319100104713272,0.2071374641027346,0.7395620184437236
0.2071563786224523,0.21427239059525213,0.7334420369599152
0.16326283196682703,0.20876078784912966,0.5425484025701297
0.17745805916370924,0.19941227443261705,0.6391685743837112
0.17000530368887143,0.20626814320738243,0.5817927180748306
0.19522234131209176,0.20331381412798252,0.7142768037427936
0.17139509544481524,0.21224576668550235,0.5719553201958267
0.1733575695278688,0.19449392205383026,0.6342489689406695
0.1929737400550887,0.20070289432624272,0.7123651132937063
0.20047104954044198,0.2066466808502035,0.7281561403326736
0.18631580240495396,0.2019014882613726,0.6751599682538527
0.19735184958280688,0.20552762605664399,0.7169442493448366
0.18903286613837947,0.20308088906289212,0.6846181675683051
0.20331927554832535,0.219314339480743,0.6990845920578195
0.213596079979444,0.21757673504413208,0.7519006108178847
0.18741018835235285,0.1961001316381829,0.7007144115837888
0.19254143476124883,0.20466341541642777,0.696467585431526
0.18119046851960913,0.1995871047253529,0.6573093422049348
0.19900438081105953,0.20577118288892504,0.7241265697125913
0.18406887721864712,0.2008966258892159,0.6673525581887034
0.19048847256550805,0.19960118909777189,0.7038458698594813
0.1894536078081322,0.2011748862984638,0.693195907173216
0.17646850726286262,0.20626956800397497,0.6131224711753189
0.20616186649999435,0.2086869420085436,0.748306841803265
0.17928021825544588,0.19433669791002312,0.6652383190914459
0.16289015020690722,0.1990437952122723,0.5671623678925252
0.1990524355437393,0.20383158356754297,0.7312528948407464
0.17091378287652137,0.19790305523151053,0.6109748166094469
0.17364800530469113,0.19361275475921105,0.6386356387442942
0.17760911346420333,0.20164196976096385,0.6328499647939234
0.17790102769290606,0.20117276269709272,0.6357770603642182
0.19004328095730202,0.20471335932691256,0.684094489083455
0.20510005573986156,0.20881028433023235,0.7427797736943438
0.17229743449780238,0.19392589622992643,0.6306400376399528
0.19424316055781404,0.20471416955608548,0.7046076042054128
0.1568157526195275,0.2206417804964014,0.4841138989143972
0.1839627544634979,0.19817361081194454,0.6759868476667206
0.17666337545016586,0.19377772562938655,0.6536529161892344
0.17076285661541957,0.19920875239392963,0.6062126044372511
0.1868552620671545,0.20444547010464414,0.6693973801283343
0.20008332703842227,0.20365930533581458,0.7369333151311172
0.21125673289023972,0.21877291579958336,0.7370964193664911
0.16392733282456967,0.20092396411551425,0.5670171466409607
0.19846680558116264,0.20557543325118105,0.7222011075601598
0.19636054609657871,0.20250975287524312,0.7227333203391181
0.1913806137606712,0.2020574429035749,0.6997050528256972
0.15362337850027313,0.20510859842820653,0.5052122597217399
0.19047976049526932,0.22770010670335977,0.6169507890406118
0.18483687645214664,0.19820749932278592,0.6802814066715074
0.20414200764831944,0.21296794885166578,0.7237803081612098
0.19956150012344331,0.20856718996797427,0.7170902582827561
0.1717723452947968,0.1980478708720303,0.6148631881707057
0.19588075416635137,0.20305389790471307,0.7184336556533808
0.18705128513960473,0.20973565778451356,0.6534477093085138
0.19777285608651815,0.2030430637776482,0.727790712655635
0.19513515682642538,0.21353955127955343,0.6796640526626514
0.19195569369143503,0.20180352692168543,0.7034351473278474
0.1556346261334015,0.2082570080790995,0.5072320355878718
0.17001322600088628,0.19521866643999852,0.61476306640878
0.20134679292843982,0.2057065304744048,0.7357413135081352
0.18570168422959132,0.20309470133813182,0.6681694959813943
0.19373915657052665,0.20372147129978235,0.7055670453067272
0.2048106190569272,0.2089009891894666,0.7410717376571103
0.18879050389609672,0.20067716234700955,0.6916108553304193
0.18880243380431355,0.19742209290334004,0.7030744723807214
0.18955446105802715,0.19879755338154328,0.7019928499330498
0.19513171281052616,0.20504686879625234,0.707797752106804
0.19350719944194228,0.20419907600413117,0.7027808462710133
0.1858590545440511,0.20355350253883067,0.6674365847285487
0.19573402024305256,0.20692486447492375,0.704284720025579
0.184587241466118,0.20199040838111182,0.6663051109445813
0.21053862338435894,0.22129514098878222,0.7254502862875641
0.184325026491549,0.20522463269032318,0.6545268213209121
0.19377362924904412,0.20270540157300118,0.7092737940546014
0.17898198599125675,0.20792477747976737,0.6203300422135004
0.1913429129574438,0.2057203035533652,0.6870635057213907
0.19311759260714315,0.20631647032612715,0.6936799198867414
0.1994327876190451,0.20686850961945322,0.7223563793925692
0.19359094128049184,0.19909900826330387,0.721203699270044
0.1876952315108139,0.19691136002088694,0.699275204316339
0.15839208749704,0.20646425027883483,0.5249920378499132
0.21079931765692944,0.22281710146859987,0.7216650633954586
0.1883837204047527,0.1977289029805626,0.6998659190374221
0.186223371865472,0.19995188315702753,0.6812807647252423
0.17928107084837458,0.20012414384771424,0.6460043669031352
0.20913587714591533,0.2129739555678687,0.7472081584886715
0.195145515645598,0.20017176845862736,0.7251048275351453
0.1856768654721193,0.20053547889918077,0.6765728748693436
0.16289552507570085,0.19799014273088297,0.5702078069065968
0.19460837089684296,0.20153678572791717,0.7175284173285871
0.2016238220151969,0.20486742918960163,0.7401070175721853
0.17677146755333223,0.19932883149077463,0.6359916255225703
0.2017172754844563,0.2435447366912848,0.6229544417409102
0.18563771333811271,0.19743243139000874,0.6870082710483034
0.17637801862663294,0.1990725567389767,0.6348339555026633
0.16098391723660715,0.2025946440145975,0.547812691576439
0.1917630361641946,0.2135601376209805,0.6638085072589295
0.18331765201498235,0.19489101539150053,0.6840625861955283
0.19061216326693778,0.20180945400740155,0.6967570669993521
0.1896668210002548,0.2003504596861471,0.6971125557637632
0.18241048813210728,0.20046252860516534,0.6605248823978739
0.16252751317084635,0.22603041236980229,0.49784235665925836
0.19820515259620863,0.20219540608012815,0.7329798212006673
0.16992870589995035,0.19432329756116512,0.6171607182726078
0.2017712968767888,0.21105882659207714,0.7190947629502555
0.20247263785107117,0.20761698031658046,0.7343938709568766
0.1740071040582053,0.20719199253202508,0.5985130146332169
0.1436918228039419,0.22984983197704828,0.40762188946606465
0.18508363961453225,0.1970160194672695,0.6856479994865283
0.1947285808848493,0.20108479993337924,0.7197390401104353
0.19895653845909672,0.2116777193336781,0.7036949326928884
0.19203835797896338,0.2037226955413836,0.6972142087630591
0.17467691868414822,0.20961015969292912,0.5948037960888687
0.18621493279837864,0.20180049212432047,0.6749980208891789
0.16556554149998332,0.19678834343165963,0.5872580635860515
0.19410822642513262,0.206043946675692,0.6994052907167194
0.17835385407497684,0.20008521034147408,0.6414959599258866
0.17180344411519488,0.20005043962667388,0.6088636662958581
0.20276174964829158,0.20718770572982742,0.7373108800552711
0.18407064218390726,0.20238141798566034,0.6624651784651828
0.17010973459144565,0.20835046949984956,0.5764793085409025
0.18077257723625634,0.20686224740629572,0.632172273461805
0.18700125852984198,0.20950075306148516,0.653941604160412
0.16911448168616772,0.20028339866809694,0.5947296804342747
0.1981707519000051,0.20814736098264747,0.7118550588414984
0.18975255948199027,0.19981044057606887,0.6994257110843303
0.18047082859158237,0.2032801297222049,0.6418277515361633
0.19851772087407618,0.20652881657505542,0.7191137940796885
0.18356611763221128,0.19478008868569566,0.685727779124993
0.19759780668253618,0.20192457131129604,0.7309551567896744
0.1914512867925506,0.21584400483447647,0.6553403551839433
0.16993097935120072,0.22225904968367216,0.5395999826413872
0.1822924340140582,0.2054600990186604,0.6438838229219537
0.1681100343269919,0.1947226813041067,0.6065550943319974
0.17178941639716128,0.20744263380587302,0.5870992580586548
0.17534582110065272,0.21579580422686356,0.5808538379591391
0.18979071698696304,0.1983954257679273,0.704606552524467
0.17722813113406372,0.1992676586045802,0.6384785771309271
0.17937954388984295,0.19700969027203036,0.656716650390121
0.19612427185229844,0.2015560764623986,0.7249807319977214
0.18202895182169615,0.20032637284073546,0.659069247595585
0.18647258848056253,0.19798625584792862,0.6893033453058774
0.20226609335187007,0.21033103619113,0.7239354500849998
0.17260214337761204,0.21289668524396185,0.5758762436207976
0.18844105845794473,0.2110705020091749,0.6558996029294843
0.1981166872343279,0.20500725732624417,0.7224948480658818
0.2116151237049927,0.2147151160913081,0.7526956026527051
0.17155544935628042,0.23161238169385326,0.5248227597648609
0.17366607955254912,0.19460625512784935,0.6354681635043279
0.18491196214402045,0.19529105506094468,0.690825097452202
0.1914253372803756,0.20992984625087294,0.6736790399558896
0.1904426809750952,0.20359054803102392,0.6898290826040412
0.17804369111384546,0.20878909085782793,0.6132681098795293
0.19015413714872476,0.20138634696627025,0.6959465686727953
0.19386317952702065,0.20977968183786772,0.6857822371863834
0.19725377366646002,0.2048541141096201,0.7188226329087178
0.18424519250638338,0.2007582815929452,0.668690683349129
0.1896729880629656,0.19736711021288345,0.7076811729791856
0.20303630229759048,0.22944633240706747,0.6669808172225837
0.19690261917555588,0.2047574697300242,0.7174469354854266
0.18561628007029565,0.2048519973889784,0.6620207847560492
0.1894488214439587,0.20318002614488448,0.6863313490496351
0.17203183449852227,0.20068214221867836,0.6080851696587293
0.1841596444730989,0.1970061262879097,0.6809922462869741
0.17160842287462652,0.19444489268262535,0.6254133044940237
0.1797448593837347,0.19773360258227018,0.6561598923468372
0.22860400979625778,0.23996376506817096,0.7442957470913095
0.18634074757727936,0.19913595656091262,0.6846616248109609
0.19145460108991724,0.20007770855420587,0.7069983063685168
0.15607222693440834,0.2048973004712018,0.5176848435312437
0.18011046079145937,0.19472375750365606,0.668179694452622
0.19701492123756334,0.20942266995571507,0.7020009880909808
0.194176460201068,0.21421982444967952,0.6730304283062991
0.1878176391889564,0.20181145018952226,0.6829029723513264
0.19461971920101803,0.204351584047402,0.7077005048684701
0.17175327593811957,0.19813204519289476,0.6145057242990887
0.1818787346210221,0.20509201478000116,0.6430222783782502
0.16918859949284154,0.19467604594115911,0.6122407043795534
0.17216047121216377,0.19439548646790766,0.6284120759785797
0.17916424834176414,0.19844723580263876,0.650874514927593
0.19042509205096528,0.1981791964999637,0.7085763517614775
0.16947385917189078,0.19791487842687433,0.6036628479957056
0.20345505120118235,0.2067494515726048,0.7422271257986535
0.184672198977668,0.20952714584075138,0.6427434423223807
0.2089127395529135,0.21559436940643822,0.7370913256706229
0.15199957108021628,0.20892398530433867,0.48821379188049635
0.19287607411298094,0.2009894915065332,0.7108634040617826
0.18530067088960836,0.20903899341673257,0.6472508725674823
0.1891512556410329,0.1976059481006655,0.7041855621175215
0.17527548331437653,0.20510898581935497,0.6107752072096444
0.1839192822787711,0.20269880432730839,0.6606811654523852
0.1768186403521602,0.20906271512404953,0.6066057272666291
0.1735887067486117,0.19929041302758893,0.6201437634207854
0.18680079879247344,0.20605928276217234,0.6638904928654195
0.2045561709834372,0.22100908851658996,0.699320430760636
0.18823513633673933,0.207828078204858,0.6651417726168826
0.18525085902944555,0.19907955140369962,0.6793809714548719
0.15323429003663763,0.21752788866644032,0.47457956158871306
0.18040130988145509,0.20065797737459895,0.6498685553777661
0.20503531612490666,0.20785734012666168,0.7458736652284353
0.1801050070248262,0.20036138739664985,0.6493516975267342
0.1889304634859514,0.20902081688185536,0.6646728567924358
0.17935192172140293,0.19577755467210992,0.6607086391391634
0.17458309035111225,0.204227038589135,0.6100225083405785
0.1878060038874789,0.2020044425452451,0.6821929367054044
0.16920774798859098,0.2061020354900523,0.5783919004251884
0.20522070442136922,0.21268046617616568,0.729830563248804
0.2061367401952689,0.21350119876695015,0.731315519992475
0.20235865461009178,0.2135586120181688,0.7134278181070481
0.20454255381992872,0.20750822156419568,0.7447538832677949
0.18029402894505853,0.2171755848762308,0.5999478671569533
0.19423463935683444,0.2209061450161188,0.6529227122509884
0.18149361144201437,0.20377104710835253,0.645300759396375
0.18449128002608087,0.20776685306179563,0.6473182706679367
0.185565263679918,0.20902737919692657,0.6485526642526611
0.17424306345763196,0.19696582755637468,0.6307848676038571
0.19696924975494867,0.20338779789200226,0.7226060328013802
0.18351347862910555,0.20853936243220678,0.6402315470419112
0.19363896571386202,0.2026972391495422,0.708637997816491
0.186354519412802,0.2073488105441533,0.6576093639262348
0.18719579181681845,0.19745561844425324,0.694818374365743
0.19412933008813946,0.21108487878706275,0.682802723323131
0.18424806474316618,0.21052393274110517,0.6376855257984358
0.21407766930754601,0.22383542768658185,0.7330281493119595
0.17970832847124202,0.19732886747171405,0.6573205944631237
0.18039536477264517,0.19451332668274918,0.6703672545034395
0.1686219324637109,0.19839801042568145,0.597898800543395
0.16911179774121154,0.19745266709268428,0.6032422833027647
0.20119979170930896,0.2076203911429279,0.7282511649119356
0.19651634988669306,0.2018841627767254,0.7257446442132927
0.18796591393743745,0.19657676984139755,0.7018424102133298
0.1765418960325577,0.214966745773737,0.5886580065074309
0.17541366975326989,0.19837833037582422,0.6321944010501345
0.19406765889749342,0.2000224258831948,0.7202575324310047
0.18742593559813597,0.19665903269154614,0.6988030690341313
0.19624782188927334,0.20528487577924023,0.7124140116710092
0.15771053209279245,0.21333068483575873,0.5048993874262288
0.19072989011948874,0.19882490787736368,0.7078081495015288
0.1751491058861437,0.19675677830774554,0.6360599465112154
0.19438838766615749,0.2478545988516276,0.5825527883490764
0.17310302984723633,0.19618635333129503,0.6274800859331704
0.19830351088982587,0.20425344132855927,0.7260759472407952
0.20539409446866216,0.2101890813439821,0.7393062164554307
0.1630994485348935,0.20267507106005012,0.5580333483706219
0.19066726008047458,0.1978736207044527,0.7108944566723097
0.18284666864486687,0.19647983849781372,0.6761338448796878
0.20301782256803452,0.20752183304483024,0.7373577050804992
0.18280746414648996,0.20931046477986076,0.634499876946756
0.19280224369003773,0.19870570547370053,0.7186620200442013
0.20007034758313827,0.2036428098894522,0.7369292717214233
0.17550020801067978,0.20669200326161705,0.6071846323528537
0.1896993248158274,0.19714270967042058,0.7086202936409572
0.2153974345158212,0.2196955855968587,0.7528482380129631
0.18946828172853183,0.20266680895613157,0.6881653806406975
0.18945929613625545,0.20809407886839185,0.6701742639417235
0.176567901574329,0.19376268575989458,0.6532109166321554
0.1872162429363326,0.19694354635276695,0.6967288112632526
0.18426017173503528,0.19589459688484767,0.6853694480096211
0.20582263987309357,0.2154147683062034,0.7233609891202909
0.20699839720694335,0.21898778138560251,0.7169276578518061
0.2077251362001537,0.21282661250679266,0.7410968691479769
0.19031357659608034,0.20574932248594327,0.6819637357769016
0.169889064603831,0.19438988409840274,0.6167453885776358
0.19528327127586959,0.20332948567048992,0.7145214123607808
0.19106058357610792,0.20588198292613474,0.6851526373083209
0.1857989867959598,0.19664119434343974,0.6905927684653034
0.17924876101280923,0.1959748973860335,0.6595169214872129
0.19375424396929092,0.20155918510475762,0.713211079388799
0.190305367111946,0.20225434017414007,0.6937075713240257
0.1944455610027468,0.20197896218567987,0.7151515159779738
0.1920475175890668,0.20487231330279732,0.693346579140361
0.19812405443184,0.2045277214584161,0.7242248306274517
0.21139300727336738,0.2141828159601747,0.7535292061123003
0.18733383831509187,0.199449280119427,0.6885652243661076
0.1845888757387356,0.19917910360869817,0.6757178504184116
0.19979020042647427,0.2106488601779298,0.7110895368716937
0.19695167827469784,0.2163329406884559,0.6792847996566783
0.18884090894971736,0.20120129253673394,0.6900597267503574
0.1543552088498699,0.21328074453859794,0.4892856552785733
0.20867149680087632,0.21493291756798796,0.738237300252927
0.19754518808740446,0.20630333364588688,0.7151856709240632
0.19882287036842253,0.22883234864350088,0.650357658131082
0.18846565793529582,0.19819599488925368,0.6986299496751511
0.1890084660285046,0.20825558089662088,0.6674897519193451
0.17809060290831466,0.19393844876885122,0.6604703900719634
0.18277299190750884,0.2091055145771258,0.6349569124277556
0.18490767835990546,0.1962792589386176,0.6873251870290337
0.2052641030568724,0.21172978561555278,0.7333125219273227
0.2068865620047458,0.21211298226598466,0.7396367743677933
0.19198586062441225,0.2023344920218964,0.7017382909140707
0.1859522414552497,0.19904755611705724,0.6830138691845982
0.18300753122782748,0.1960890593028831,0.6783016436545876
0.17638490475917734,0.21347244441539961,0.5920431796491862
0.2057878433667073,0.21945977053872637,0.7098697086225954
0.19559593049121932,0.21186718112881306,0.6872037930343657
0.18345187167173707,0.197914601637761,0.6742901765074981
0.1977927792169294,0.20896043347240437,0.7072763812793638
0.17784473961926395,0.20318182853569833,0.6292134515208484
0.17330303892991064,0.19945160368416157,0.6182103159479491
0.21297927568156313,0.22207064442629354,0.7339073388227899
0.171885700856659,0.19601251045597523,0.6218261302460831
0.20345067234075254,0.20739229510883186,0.7399053675558548
0.17959152161897746,0.19829264254202175,0.6535367119912919
0.20051885605329217,0.20567006122538548,0.7318462160048889
0.19157180393795664,0.20308757095686103,0.6970973323031605
0.17009013758974567,0.20262817346591752,0.5926625875149838
0.2117602850837215,0.2142367633807665,0.7550538130387187
0.18711563059943154,0.20076821181750953,0.6829548829376649
0.18737671090575886,0.1962766833227161,0.6999135535619658
0.1957186902308038,0.20128721602209657,0.7239341529509125
0.17802529533196973,0.1954558142163561,0.6550088870226932
0.17702429465846709,0.19526203079702137,0.6505324877549352
0.2008238148063061,0.2046562100901549,0.736961828521428
0.16864345577808404,0.19614146723521386,0.6048871635889528
0.176196529078954,0.1993451251749603,0.6330555059633107
0.18561079758275634,0.1986883310023338,0.6825302568028692
0.18433773429524833,0.19581148552631805,0.6860564585073465
0.18502168474688166,0.19830769109336122,0.6808696324506891
0.1806185957686719,0.20177127166422756,0.6473597291196016
0.19953240310013945,0.2070345182820658,0.7222583187621644
0.1515429253839686,0.22663325456872122,0.44804953967237887
0.19977004077952726,0.20410163759813008,0.733801269514652
0.1939457293193035,0.20422852283998458,0.7048267662009515
0.15581730554562973,0.21914629001689764,0.48286149648013893
0.18534475339424922,0.20493428163521749,0.6604300281744103
0.17108886383889393,0.20334247547177134,0.5954922283598533
0.18337822403235413,0.1967291962472147,0.6779787981482311
0.18460701722533335,0.20760649113350843,0.6483757636401153
0.21162616854496635,0.21916429193815123,0.7374657938829638
0.18448803629451815,0.2060251564270312,0.6527748291852425
0.1953060149741179,0.20966764168493188,0.6930302349299546
0.1793898180087692,0.19437763681965153,0.6656620593078839
0.19594774429827122,0.20242344158317094,0.7210021880707171
0.17147633845870747,0.19387191974867587,0.6265803661313213
0.18543080699288836,0.20835174136971682,0.650010439569922
0.1671233574390527,0.19940326122710234,0.5873693174238498
0.16445623275040447,0.19664993428344452,0.5820303635872623
0.20482172329868328,0.20924875520390632,0.7398931627947529
0.18282128850541005,0.19628347800175477,0.6766809405334799
0.2020431883974689,0.20525638928786252,0.7407476518757007
0.19832372439676502,0.20948786577347073,0.7080301469926404
0.2204757611455081,0.23347625012004064,0.7301631795861843
0.19300060255914933,0.20890211524771543,0.6845340095746741
0.1737395290881017,0.19400151023840215,0.6378276588467905
0.19884597408579388,0.20312815873610332,0.7327687850465336
0.21937483715898654,0.22602797805350286,0.7493534146418547
0.17962120368351947,0.1949358265040915,0.6649429507551239
0.19909471014178728,0.20662879556209454,0.72155824040015
0.17107300614488147,0.19536100142105076,0.6197398931424369
0.1751857300468695,0.1944654489877009,0.6437427866931105
0.17462964646548568,0.19599545250217418,0.6358802965803666
0.17102020948711985,0.20149631721988515,0.6006075503357968
0.19640075545399172,0.2015122297604482,0.7265105230984176
0.18903617938987394,0.2007671351644281,0.6925245970960509
0.1720422712180213,0.20694257090197077,0.5897398040726624
0.1819057595247202,0.19989426290876267,0.6598776653481331
0.18371068773397664,0.20352878931452043,0.6569620356132944
0.15866143782896458,0.2035170666308874,0.5339180621448346
0.1750985832942526,0.20342681498236526,0.614956210689811
0.20307317322105087,0.20870612449123224,0.7334388178315364
0.1918887474463673,0.19964616256335502,0.7107011005099626
0.1848778348114316,0.202348859002999,0.6665608863622631
0.1979332952652456,0.2071835150778792,0.7140205880262157
0.20404540100301272,0.20903807731474372,0.7369250759567129
0.17546105102102716,0.2017996247094704,0.621711022513806
0.16729563718443624,0.1969963789694071,0.5954202701494927
0.1680990903765203,0.22152673604499828,0.5331143882900484
0.18517129927002252,0.1960457112676172,0.6894886830016063
0.17738072477379982,0.22224628808627894,0.5731511912781595
0.19086364037663112,0.19937050680387028,0.7065420188513891
0.1891337713674618,0.20137848885233364,0.6909068200898334
0.17928609722261943,0.2048478916122477,0.6311321840077435
0.16491012529732962,0.1995648530026152,0.5758034221377839
0.19405868228100515,0.20485108778063305,0.7032361108830035
0.18225831804196482,0.19624766249186487,0.6739357624065834
0.18487286002707282,0.20587640697800447,0.6551156687006027
0.19870910851953733,0.2039552898989737,0.7291260187132103
0.2121673131108177,0.22771903215127068,0.7121377233111204
0.1717819047600847,0.19664653113313035,0.6192934299849813
0.20962091385272577,0.21912383217047288,0.7284507224597307
0.17142937054595045,0.199935639078805,0.6073422982787418
0.19203913428780733,0.19868264494828144,0.7149045872868321
0.19462377263750022,0.21908788974680996,0.6601176030525256
0.17841439397376496,0.19839851235109934,0.6472548228915862
0.20971629032022943,0.21957653122007526,0.7273832473478251
0.20116139916793102,0.20622529981254115,0.7329915354970354
0.2016739408524465,0.22112659027738327,0.6859145282445919
0.19105042045927942,0.20100914003776585,0.7017114765665814
0.1943055230248316,0.2001345074309925,0.7210426871267511
0.18712638519498553,0.20508208651466184,0.6686414573082766
0.18390496858764327,0.20167373744900863,0.6639682998957658
0.16780593430415366,0.21201750645232154,0.555642485733346
0.20494744786928962,0.21596023237528417,0.717481390740635
0.18926581278935983,0.21644838260580512,0.6434135063184563
0.17421018227055352,0.19718391531346136,0.6299204581321848
0.1924348832110695,0.21021752257974735,0.6775595176992724
0.15452692289847808,0.21527920772479625,0.48554119091752157
0.1897041320586496,0.19892572353006438,0.7022929442181248
0.17756608003186114,0.1991210695523971,0.6406458157271657
0.17037796231012806,0.22139440977738697,0.5437262956692024
0.18983753730282873,0.2088616183147415,0.6695224255712805
0.14886212895625536,0.21045980812636203,0.46974350987195435
0.15998603420570964,0.20216353909255638,0.5440448594212373
0.17527129985381215,0.19616687514378367,0.6385955822663358
0.20719152490197273,0.2112479707132542,0.7441090410063294
0.19062177569587216,0.1988660987895246,0.7071178876229832
0.1952984479150316,0.20026826596754985,0.7255190791863889
0.2001444393931605,0.2061023242120838,0.7284946444303977
0.17015889983479013,0.19729050220458888,0.6090455368712386
0.21011978500887968,0.2225788892975397,0.7193844192242072
0.16493395614847947,0.20494255482480825,0.5608105951774089
0.19060247285196896,0.20030913804013714,0.7019274019530533
0.18403350204945307,0.20546232467565925,0.6523507521928267
0.18476390815294916,0.21269611061829274,0.6335983660500414
0.19422297809933545,0.20069881447164703,0.7186040359979804
0.19116838063557584,0.19826847467758996,0.7120061868894376
0.18650402020716855,0.20635796007469465,0.6614914208192342
0.17198518740232066,0.194961850630209,0.6256874717182197
0.1937377622838128,0.20320569145050246,0.7073510651094383
0.1861994465658477,0.2014955128523504,0.675942826903795
0.20130667350089296,0.2119859145645221,0.7137581466755414
0.22196868414363355,0.2303501643331072,0.7465533382253257
0.18372300978726924,0.20110008814712857,0.6649574896726799
0.21355307428121784,0.22043153750212344,0.7419676700283521
0.1877863334062738,0.19774436420486874,0.6967901915198111
0.18426331667921644,0.1974743224512955,0.679902657786461
0.17776642361356354,0.19926672050977098,0.6411829495999487
0.20115234441283356,0.2072795387524384,0.7292198029896253
0.1872726130790613,0.20073992456422854,0.6838331407021113
0.16289035800138196,0.19608946521010223,0.5757084292132897
0.2052883352446491,0.21710195677596394,0.7152783768084469
0.18357614242398496,0.1990451112198702,0.6710847687006661
0.16435467909247287,0.1985040515019625,0.5760823430414583
0.2127377027677766,0.21520651492605125,0.7561931980716111
0.18777189259661545,0.20933965901439944,0.6581260963415384
0.18928152994441075,0.19779329874754684,0.7041771931928922
0.19519838563834732,0.20183061831361387,0.7194071288664996
0.1749068480016234,0.20877385306156923,0.5982877940408912
0.17451294325270597,0.20350723287244418,0.6118354689179482
0.20852952462612262,0.21339874890859498,0.742879353496236
0.1985839996894731,0.2024587197799198,0.7338977538284815
0.17609523632891466,0.2028072525455311,0.6217491472628955
0.1578039486348279,0.20276104975468523,0.5316797716585943
0.19013472930456404,0.20064940094559425,0.6984059192011312
0.1980619046666707,0.20396896778219553,0.7259040739215576
0.20065119453197008,0.20713049070526146,0.7273250501122058
0.15820202676090928,0.19867604788395904,0.5446153570766968
0.19518493410498855,0.2047577267077577,0.7090571693648713
0.17830252591804174,0.21318092276647804,0.6018480652632623
0.17005041572674875,0.2006407793800249,0.5983350747425404
0.20371355678288644,0.21615862288655735,0.7111146191172636
0.20098238049989775,0.21245119971401988,0.7106685238922389
0.19858671712792697,0.20703548024310636,0.7176872145462828
0.19289623094871955,0.20017251347770548,0.7138653977317163
0.1999100741092025,0.2237902730595437,0.6698685874935951
0.17893158793626635,0.2089720195933007,0.61698014972144
0.1780664807956906,0.1943148796119234,0.6590667737409457
0.21072862422524152,0.2219527161477818,0.7241570502711231
0.18169878569612344,0.20044584524999992,0.6570292616036324
0.16263738286625623,0.20145640393706135,0.5591154248015179
0.19652837823965424,0.2128471520899748,0.6884206661957767
0.1865605658858102,0.2051897516151042,0.6655330727334329
0.18542273957176028,0.2022141507953301,0.6696996181480278
0.15956488112144612,0.2047362324865222,0.5351513984153186
0.18202983211306095,0.19589667666277888,0.6739768859904663
0.20939480506175875,0.21866691464566212,0.7289388306413404
0.19312123525202773,0.1997516625388606,0.7164958400493127
0.17605010276048338,0.20453354045527508,0.6162808431316745
0.1918353764505887,0.2220594978872867,0.6387269078784539
0.17121221061479278,0.19414894712237102,0.6243258715093283
0.17621924638748176,0.19642795688542516,0.6425727192239974
0.18269974687867765,0.19633184871458226,0.6758951629472512
0.20107683251284306,0.21511280635031785,0.7023144510829809
0.1780176290684822,0.21183241137210945,0.6043344747825374
0.21190526195871834,0.21759651191337667,0.7440618442595783
0.1973447412485976,0.20827611411715613,0.7074490604607477
0.18578650095462163,0.2005333696853604,0.6771267104705442
0.18570898309623374,0.19972109966880142,0.6794924688542207
0.18218581450063218,0.20361922769991542,0.6491813960489109
0.18777348640757308,0.19639672412784834,0.7015060308128496
0.1611010132944988,0.20969370599905526,0.5298252170477609
0.19055576155701764,0.20096782781973505,0.6993943412827945
0.1913861019475626,0.2051174819263664,0.6892932802203457
0.196136718445522,0.2128252504710512,0.686651222644278
0.1873417693777429,0.20216190015998842,0.6793652477002459
0.19194440101124627,0.20335725658708467,0.6980050940570234
0.19973564553525183,0.21335993534859551,0.7017983263381106
0.20578750879443036,0.20828503534498405,0.7479534405167341
0.1908579661337697,0.2007506910391158,0.7016561955760534
0.20874910605023653,0.2117363347503256,0.7497490038137745
0.18759150460978927,0.20141457300826213,0.6831258659925524
0.1871198086200076,0.2112578913886848,0.6490636052393728
0.1834109606074825,0.19534607076637134,0.6829467318389957
0.17770898605883378,0.19429255514050806,0.6573025197310185
0.2094707265465931,0.21267774923710253,0.7498232754419839
0.18387060667086225,0.21089224136667117,0.6347820375151022
0.17963234383631024,0.19562216462543508,0.6626669533307845
0.18843450367477355,0.2167036310188304,0.6388194928895508
0.18949149862780895,0.20542509343717685,0.6790382630176011
0.18931194022222267,0.2125071772984244,0.6555634590477221
0.1810460869195364,0.2048486483441889,0.6397215113636061
0.18942234884225834,0.1969256216576434,0.7079949661636468
0.19203750572679226,0.2078918026285179,0.6832280250154896
0.19371991520913684,0.20062487708246934,0.7163613869782409
0.1694468880325322,0.2034107388470137,0.5872201669862123
0.21737527078215166,0.22096913767067725,0.7574599446172453
0.18425808543016836,0.19828288953799572,0.6771037367016044
0.1909091628728629,0.19783587863768348,0.712252822102728
0.1886836702527842,0.1966592395440611,0.7051978364927646
0.17696109576437608,0.21840801835686227,0.5813023565688472
0.17967439995895296,0.1948047630012845,0.6656633952943847
0.17396737775080695,0.19378639254175012,0.6397114685134505
0.17863642767838994,0.2075256375810757,0.6198580049085961
0.19463778299467654,0.22827831885813502,0.6336028043230975
0.1894090160353702,0.1977525713044534,0.7049668943153242
0.20124218901108826,0.20855566585992796,0.7251885887994379
0.1905494822575375,0.19780336572505722,0.7105515204068797
0.17185130894093614,0.20369293853276466,0.59821076674848
0.18817665185123572,0.19824619035802227,0.6969952441542302
0.19703806468228297,0.20250614967745076,0.7260918491437586
0.1788397748008769,0.20493182650012395,0.628695781427581
0.17676212803943323,0.2009160633493102,0.630920822985896
0.18705992933131904,0.19787175443522564,0.6926705113750146
0.1854458122237317,0.20693063863947092,0.6545469202350208
0.1912115021978467,0.1979740524468926,0.7132828795113303
0.18999570927720744,0.20241755568513498,0.6916184162157056
0.18387532120108102,0.19573480622899356,0.6839627748396366
0.1847666039277209,0.20067300729583656,0.6715731514854162
0.17704711491627595,0.21442410106295134,0.5925038943219216
0.17837245570548135,0.1966026073622705,0.6529539838143417
0.1957486148302628,0.22250288339870095,0.6550414655485481
0.18805142622677845,0.19968805184633895,0.6913354351967427
0.20087479657619117,0.21232898744261514,0.7105708852728703
0.17876725567570187,0.1951263095147664,0.6599174452482394
0.17596304610320251,0.1937277089727702,0.6502066574323011
0.18900689986595134,0.22160599492366345,0.6272704847801387
0.15884878493181745,0.2074919113177141,0.5245929069743199
0.16144257893783354,0.196868241531236,0.5660769765150341
0.19346201448422515,0.19908273741193278,0.7206150384971861
0.18176214595470191,0.1998295757923578,0.6593725950337577
0.1585384146317506,0.20455942313049122,0.5305960144525461
0.17736031823822085,0.19936948282084385,0.6388155119641283
0.18688682387822014,0.19849050089961345,0.6896391679088495
0.20874198041638292,0.2143577927485283,0.7405468137219042
0.21651069018128122,0.21993777515259158,0.7570809064780121
0.16421187700444104,0.2067005493873014,0.5525475251177906
0.18841291943818517,0.20016416688029368,0.6914969926708298
0.19632296200437277,0.20100049116313545,0.7279731564716155
0.1795819851238823,0.20127832952964272,0.6437950147275963
0.1965597936432198,0.20678259813020713,0.7087627052201648
0.18058152367363633,0.21145354490921742,0.6175423719176637
0.19046997617451658,0.19828660836939715,0.708418875735817
0.20884495226230593,0.2122891225031895,0.7482481927915049
0.20466201266965822,0.20733855227216233,0.745939483876793
0.18352756516310276,0.2130450613728424,0.626757383168911
0.19202750702596694,0.198407381703411,0.71583781715479
0.1873562937983805,0.2056617983666174,0.6678746120537468
0.20030751883810347,0.20711388955453,0.7257239925404892
0.1944018188265369,0.20175088280341646,0.7157431819876606
0.19015104979761596,0.19723232384915157,0.7105886452202791
0.19236960418155769,0.201830474015782,0.7053920121617769
0.21028018429851342,0.21592429726774973,0.7422980476336266
0.19411781845833803,0.2047680477994111,0.703810091501749
0.18122463859114896,0.20782324491232348,0.6314242598151619
0.19720953037361733,0.21338469064958052,0.6898785940335534
0.1886015518576483,0.20724684062007362,0.6687752220634988
0.20339452489234,0.20616590312518576,0.7440344041720492
0.18719312511177766,0.21270170848617928,0.6450024594921957
0.19277833820465287,0.20642734979966498,0.6916638630647409
0.2074599070069651,0.22472673892928177,0.7006727715499642
0.1853719617474953,0.19977674860783626,0.6776162025403255
0.1905277113631788,0.19803145461850374,0.7096231840234543
0.21346597772982698,0.22105202180077116,0.7394909867739409
0.20033941442376085,0.2145138862075703,0.7008376804021338
0.1972205655644551,0.20634509780864535,0.7134677156274412
0.18224905845519263,0.1962569101310869,0.6738568255602253
0.18430071648982455,0.20131188790227494,0.6671275993150471
0.19439270629333222,0.21342626315200042,0.6765461015006243
0.17981280998550583,0.19689350790461752,0.6593046737142392
0.1808669952592198,0.19655904597552631,0.665789735647751
0.18722514149964103,0.20665587562688195,0.6640272921511393
0.1751382647368495,0.19551442079295334,0.640046213621086
0.18426388561221269,0.21446848848927155,0.6260308288549767
0.18198625735627505,0.20626131117130728,0.6398982756715622
0.21264901456400917,0.21768910836254857,0.7471619310100103
0.18772577735372098,0.20026053493542428,0.6877329944121633
0.18334782457951032,0.19960722359206284,0.6680510964474572
0.14133839428785724,0.23531495331843166,0.3881538040817014
0.18520584961723582,0.20666986249151506,0.6542117364731239
0.2016794560540794,0.20835400671195592,0.727989149082083
0.17264679840357394,0.19680976437486994,0.6231743571927895
0.20013564089712427,0.21965512520194047,0.6835062043696759
0.19190493618334525,0.20057328548491862,0.7074966929931219
0.17999511852128627,0.20213955047749319,0.6430959117808086
0.16057679518496853,0.20471006203118813,0.5401629704363132
0.1995944496744013,0.2082599101639779,0.7183065120724141
0.20196905024696354,0.2123159301383565,0.7157684783611495
0.19653060704328706,0.21048765302647557,0.696148229772205
0.21575768046073224,0.2188365790783164,0.7574496053578479
0.20746359595794395,0.21247049442412166,0.7411080601319823
0.2225185395377512,0.23272888772495634,0.7412854554679824
0.19278835137989928,0.21047581739398494,0.6784073968584095
0.1771518266552583,0.20073145288424682,0.633442466680004
0.17972505436553216,0.19578863623741277,0.6625770364334522
0.17795042481195641,0.1969804153275074,0.6495591178403243
0.20454504339384916,0.2087233255101184,0.7404301508522927
0.18720105593893685,0.19689645536640255,0.6968183133801004
0.19593652793955546,0.21650225257374392,0.6740647092798598
0.21678104655467628,0.23008276752743798,0.7248741326739614
0.181109150803011,0.19893086800929247,0.6590689123061918
0.19143819587267585,0.1987601520226022,0.7116023731788658
0.19685788814827965,0.20242466285355712,0.725494048393318
0.15630100751402998,0.20681946077248528,0.5139797150470667
0.20287522270518293,0.21451218176896175,0.7126645276949153
0.195350644456048,0.20629521011021662,0.7045759539370402
0.17785992790426805,0.19580186805901112,0.6530066805375594
0.20370057313849177,0.21251668583972583,0.7232400248063744
0.2023367521593989,0.21241257739089395,0.7171738793934974
0.16085053629643886,0.19708854908938986,0.5624402676289549
0.19086242276715615,0.20149865186713223,0.6990737727617182
0.19949406931159705,0.2042721618565865,0.7318377010008463
0.16415018686464283,0.19878851968672606,0.5742292716125352
0.18409771949022558,0.19561351022630052,0.6855238134374828
0.18467744471667452,0.20669438286528158,0.6515776715831414
0.20056188813649578,0.21422347788754423,0.7028262710566797
0.1764418572123619,0.19690696045129316,0.6421401098395326
0.18617338764124725,0.19720503682600748,0.690516783105251
0.18442652652285146,0.19814268866834267,0.6784329385368275
0.19147660081617107,0.20511877006122567,0.6897301537735522
0.2051133849816953,0.21553617428955169,0.7196628848636596
0.17509524318319497,0.19576950806549048,0.6389924785495557
0.16911673094619242,0.20724701593513087,0.5747572789346044
0.19021225628692112,0.21323013777546132,0.6575630337704395
0.21261671968798546,0.21604560435042694,0.7526962660356673
0.18999198330344835,0.20161567892676446,0.6943506777282907
0.16328111032820317,0.19616129788223047,0.5774896044795433
0.21218388509860187,0.21651256549405334,0.7490737765197113
0.19432848730911242,0.20416011828420608,0.7069377139966015
0.17971858095498108,0.19966033640969372,0.6496962956568628
0.16648814373204565,0.20282555716670464,0.5743267532912665
0.1815822597566639,0.19457620824152774,0.6762505084554357
0.19714337817280214,0.20647612403580956,0.7126411291374435
0.18606322061760497,0.2003545686063933,0.679112143855866
0.19860891421303903,0.20912820633515186,0.7106115278150296
0.1892081422669668,0.20205494588632594,0.6889618150959982
0.17841844083696182,0.22401125244017786,0.5732678132820846
0.1889972407855851,0.20358891856250588,0.6827348058382174
0.18731915335609062,0.20135648472738324,0.6819703549255302
0.1821113561715783,0.20440527287464405,0.6463206859276984
0.1920280256009824,0.2125115488119276,0.6683308572875584
0.19653837373437838,0.20151323219662218,0.7271898333276533
0.19760210743964546,0.20647218403424888,0.714876476606465
0.194038434157057,0.19958997917091978,0.7216716728734613
0.20680465377966314,0.21219449872979834,0.7389666307010774
0.19692726315529036,0.20486100556534126,0.7172046371139544
0.1792646694555524,0.19934544110458433,0.6484455763788204
0.18998715450738476,0.19890743439547448,0.7037804038488453
0.17199191711942624,0.19981714139261636,0.610517777750243
0.19018142703298224,0.19966256742593133,0.7020916781759067
0.18703266506703575,0.20250438033905777,0.6766898811650336
0.19214054124474553,0.19895941758486874,0.7144197694693875
0.18697779071186332,0.20208918952052665,0.677808600434563
0.1851132506041316,0.19615294296007596,0.6888158218030505
0.19063136621059112,0.20121757892241338,0.6989019893973408
0.19051188612566705,0.20058218249928528,0.7005202773988549
0.17850467397999978,0.2077112983625748,0.6186696390279441
0.1874905857701463,0.20002190849451226,0.68737763180536
0.19115604001113878,0.19993486049928152,0.7060101457976912
0.1896250751019515,0.1998167868891348,0.6987654905061619
0.20016938834301673,0.21230898956118563,0.7073152609006187
0.18596312665031867,0.19902589624359449,0.683142893545415
0.19976183246447957,0.21154097362917462,0.7079566189716411
0.200151630114009,0.20595423641457342,0.7290533699523561
0.18126041505664972,0.20566310259143172,0.6382302581392557
0.1838764527206517,0.20599300247898805,0.6499077692423436
0.18860037256127743,0.19998746604913148,0.6930452957848223
0.16758587012980086,0.19865421537763978,0.5919122828894984
0.17401659541668446,0.19643354797700982,0.6313412179023469
0.188059260802795,0.20437712377689862,0.6755122992801422
0.16326905594098132,0.19675591915386528,0.5756830921686461
0.18363112149110689,0.19969934299227893,0.6691615479990515
0.20163189585100205,0.2058970213461892,0.7364453106684464
0.18855803247770736,0.20162010774892825,0.6872232835538891
0.18900466576054353,0.20072675031675544,0.6925069306467035
0.19395738925877742,0.20760370061003572,0.6934240036943659
0.1926213527811569,0.2151532934562248,0.6628824987528007
0.1683687229503315,0.19549857086970002,0.6054710396283376
0.20349493995932172,0.2061553342907541,0.7445596326061491
0.16579447894256283,0.22464712950523757,0.5154505165393761
0.16968670367848268,0.21033223759477349,0.5690364208888954
0.19859149639434232,0.20938146913410186,0.709668802157341
0.19528923564240042,0.20302000459043146,0.7156399978194466
0.184216298622222,0.21909093939318403,0.6126054276546569
0.16562962467117295,0.22163216987544376,0.5217185967910536
0.20300719143239604,0.2130914491517011,0.7180353413593301
0.20942568413584978,0.21800790731547076,0.7312839524905447
0.19230423618192993,0.19839574282799072,0.7172746458844524
0.1958558961944824,0.20345730221531289,0.7168870058059033
0.16607741795715933,0.20154574390736724,0.5759358431826268
0.20881082095856657,0.21534172495439563,0.7374828124563366
0.17989319739018642,0.19556679168736327,0.6641884149627821
0.19933714132202296,0.21734467767809243,0.6870982207496477
0.1700850168932831,0.19426592467443005,0.6181476092347815
0.19631351640668337,0.2014660957697964,0.726243866729156
0.21409584935036616,0.2231008441204622,0.7355232114754501
0.17508603670069567,0.19775148197307407,0.6325415893354844
0.20750171986210358,0.2172365986510456,0.7250238718527529
0.2126988651415842,0.22002045949863527,0.7394715269313097
0.18768718786471256,0.20004535636955506,0.6882798499474052
0.17299155754704693,0.19714366644918083,0.6238676583543776
0.17850268483912624,0.19785854782256887,0.6494674415298044
0.18394640656458172,0.19518650994448977,0.6862482791596383
0.15944643917703683,0.20358729697419745,0.5375897258997845
0.21272171605798196,0.21853290707097014,0.74460967109698
0.19100080447423834,0.1990111865415629,0.7085069283016949
0.18530116076154612,0.2027615908036456,0.6672918683725056
0.19957088871525186,0.20649211740377457,0.7243418809192655
0.19148087545732514,0.2011080505877282,0.7035067718266591
0.1840126117045959,0.19601777780030497,0.6836758033300558
0.18913585276629286,0.21515680455557712,0.6466718682390206
0.19871968754537397,0.20834153622625254,0.7138263940987213
0.19712551992704608,0.2131332577530487,0.6902982738504196
0.18960366114560231,0.21012454115090948,0.6643853230134611
0.20296837895680803,0.21448194098810064,0.7131993409426235
0.19519628435522707,0.20263817113057134,0.7165297808657621
0.1674583269780096,0.198658954169908,0.5912561428142346
0.1972702077425028,0.20478241705877012,0.7191545536853294
0.1930816927599463,0.1993648941137845,0.717687501583326
0.19199953734150452,0.1981409367672434,0.7166592611213486
0.1897013361153872,0.20808445439517392,0.6713684427866
0.18059290897948987,0.20042502707276133,0.6515798495168973
0.1689497347578124,0.19410493667281878,0.6128114863884827
0.17259886532062918,0.19541601562750224,0.6273736823819214
0.18555436245541407,0.20381868714812337,0.6650732783736418
0.1876432687106164,0.19749018452214218,0.6969625809184664
0.1788439505165676,0.1992009195870769,0.6468039945982575
0.17649221807726365,0.20437859090307378,0.6189112935867748
0.1976076290267943,0.2098141365141361,0.7035161285085733
0.18816668419880977,0.20274685040536755,0.6814738868819041
0.17737322728874477,0.2183861820107279,0.5832476492605552
0.189558349713697,0.2095321557014589,0.6660474104630487
0.18914607380771367,0.20231348996901724,0.6877745711816983
0.1800390106054861,0.1954819408393459,0.6652226289913751
0.17617406635493849,0.20386092412770032,0.6189222721069484
0.20706116468686542,0.21178834005181496,0.7415949558339223
0.19016769845407352,0.2509547352558313,0.5585377710095092
0.21516079568357732,0.22300041336339396,0.7406299979114248
0.17933690731310475,0.20156423302503965,0.6416659611283202
0.16966252700730125,0.19794635390197315,0.6045199855843792
0.16687003029782044,0.19671408200385673,0.5941111541548363
0.18864262645774715,0.19753488423146404,0.7018640125117895
0.19352357462694367,0.20105206990634514,0.7138627057846276
0.17172330981700235,0.1938440196787731,0.6279446227885443
0.19356290350044647,0.19955233071700385,0.7194248395126036
0.20149080086672688,0.20464093759998345,0.7402761277552862
0.18948834083154387,0.2007389784474456,0.6948742188008223
0.20056261268980557,0.2070583659609823,0.7271505886324696
0.22000499816592511,0.22816460345165923,0.745098037092961
0.17068738066173125,0.19917694455102086,0.6059304752052572
0.19974416455999605,0.20411409918631132,0.7336296961206611
0.17436945976875168,0.19827781865719593,0.627248476965419
0.17004034919239303,0.20163953391267017,0.595321497045229
0.20488589557716688,0.2217686923445388,0.6984119080998902
0.18789805139695842,0.22441947570761553,0.6144656160618548
0.1862833301067103,0.20710196122645413,0.6580494424081879
0.18541860202330823,0.20474223153610155,0.6614102083742811
0.17616507203750645,0.2058917800609757,0.6127737202531452
0.17925105411766368,0.2175434346347851,0.5941390708234985
0.17105420984609662,0.20155893091013327,0.6005896603017291
0.18190172094234933,0.2005120299218374,0.6578244756375295
0.19225262819792385,0.1989863012054655,0.7148865391042135
0.16208631162598972,0.21502200577741182,0.5212783278657539
0.1842259804353293,0.2062244283181932,0.6508733302352805
0.20560540324794696,0.20863502305371082,0.7458258971595965
0.1837729732511232,0.1965032455174614,0.6807672458480389
0.1861430648738733,0.19612995516934112,0.694147228842864
0.1869977566233455,0.20433258140341987,0.6704645714472074
0.19710297030731397,0.20164963203716277,0.7294978365257011
0.17142077829533903,0.19749767352892192,0.6147959929135972
0.1693867195718395,0.1985696809767005,0.6012333755315241
0.19920554451116224,0.20531676940898214,0.7267090016108292
0.19693553599642205,0.20244636082339038,0.725799838529107
0.18289958801777176,0.20048651740143744,0.6628854136443735
0.17636161697284275,0.1973702645233474,0.6402262127884778
0.19413941686964725,0.20039657512805192,0.7192708596818246
0.19960182831021675,0.20352331450553968,0.7350599054151349
0.18073833834836212,0.19725948161435852,0.6627734052548868
0.17946629689322713,0.19498800875483038,0.663970557574197
0.19361044358929833,0.2190535870616955,0.6555950327754781
0.17910001322972105,0.1940142106613408,0.6654152435002301
0.1963912765241121,0.2184557480628152,0.6701186753942426
0.18774006059935353,0.20507761648723127,0.6716484371073701
0.19630646746595032,0.20884286992204745,0.7005576370433934
0.19832473105512977,0.21539368547742027,0.6886215384001063
0.19244118122083123,0.20033896678366403,0.7110008777006736
0.16525624805394426,0.1980222831052254,0.5820367599372602
0.1837690731746246,0.19629669358897828,0.6814637105132346
0.155905057689264,0.20120795595725346,0.5263462728668814
0.1936409799867512,0.20397141279264924,0.7042211357959851
0.1839925797073031,0.20263909573266248,0.6612375525208458
0.17896237179036265,0.19617660301720682,0.6573789626638159
0.1916707943379088,0.2019268801529079,0.7015945288246391
0.19597371334263966,0.21464041953785581,0.6800849236920844
0.17970013594975995,0.21462022343450876,0.6043239256497086
0.19270318787114793,0.20372649806884158,0.700464540567162
0.18263344403517506,0.1961059637132216,0.6763355969588641
0.18396169188972628,0.20125813809012855,0.6656212422562252
0.19088606943699452,0.19909393292607053,0.7076361763836855
0.21242763351697402,0.21808002745380997,0.7448074700530598
0.20556870439595742,0.21741556064706033,0.7155362014244167
0.1572451719503739,0.2112074896581758,0.507771633117474
0.1870569151271968,0.20148110041851583,0.680247005016861
0.18686003409586424,0.1981583528042248,0.6906599300968065
0.19572214705925894,0.2033731226714628,0.7165260834130203
0.17945789066561482,0.19603368190032203,0.6603859572021952
0.17213360706708758,0.2057885967993401,0.5934906450923388
0.18637678786317746,0.19784754496342044,0.689302401444465
0.1792497419386841,0.20102889457606452,0.6429411165556557
0.19550527064738973,0.2108895996713276,0.6899594426380454
0.19220539056911903,0.20874611653417816,0.6812361012035193
0.19353088965556509,0.20478764160103755,0.7008767156720745
0.17363796427289002,0.19690774779674147,0.6278979149185924
0.20023469657193577,0.20725351368851952,0.724883713179034
0.18227226689347456,0.19523686460960468,0.6774963691307272
0.19879612119729706,0.2215023940708255,0.6717585235206055
0.19031959459700898,0.19734341723476082,0.7110426917867954
0.16687546446926282,0.22184617464767944,0.5268311011216499
0.1921637877338082,0.19891868091106885,0.7146829401978883
0.1916380865333989,0.19933534394372607,0.7105517954376642
0.19195555512590287,0.20408971469953793,0.6955546747414031
0.17895697949245437,0.19559734834995468,0.6592981989803353
0.1820898571981061,0.1971459049674637,0.6700106564217287
0.1678415315550174,0.20377823356004018,0.5782832125703807
0.18029787427697402,0.19711344601419079,0.661029863318373
0.1855857822358583,0.19708958684296704,0.6879398572380567
0.20381849057298448,0.20933349286473274,0.7348011465722736
0.1617809976406359,0.20314409016986182,0.5502547356763793
0.1877226501040445,0.20337634911112046,0.6771812489799185
0.19570150652365786,0.20657814265375343,0.7053094032695842
0.187543810405796,0.19671236583051574,0.6992128320204413
0.20010321654301266,0.21590620953692363,0.695224175649948
0.22197860001513042,0.2318755709026384,0.7416848585888423
0.18572890791692015,0.20174859993999505,0.6727625765794124
0.17151864171020567,0.19829196893513293,0.6128268449942013
0.19994237521738795,0.21531593632520848,0.6963830814218891
0.188827382382348,0.23478327956277648,0.5913001242715338
0.21398581428381466,0.22210426560420754,0.7383280723479635
0.18474535339150944,0.19562985424863127,0.6887770473940953
0.19762896528087018,0.20188773689793751,0.7312428558030873
0.1906706716330034,0.19921276038545152,0.7061328368766309
0.18103936243330282,0.20198747350310645,0.6487499455320803
0.17083260042366205,0.2004468195106291,0.602816251805156
0.20660992253275237,0.21853279995025393,0.7166426393127371
0.20325865183549496,0.20766968180237974,0.7379924238596235
0.17839422078152326,0.19743264819797457,0.650319093389137
0.19473304516088466,0.24950141395820158,0.5800890779125262
0.16694579943127186,0.20529014698387937,0.5696610438905046
0.18450773469796206,0.20420855771457805,0.6586782464129799
0.18358763979861384,0.1968402079887624,0.6786603263812866
0.21011894692652022,0.21408873610732546,0.7479092540686051
0.21205708524306408,0.2174907264395736,0.7451218168977384
0.21438655790957561,0.23237185118761047,0.7074288777639188
0.15388144528364828,0.21999873678910756,0.4721910989117624
0.1761911862725618,0.19551063522163167,0.6454441014398575
0.19201015892938578,0.21698073221797,0.6544828081173961
0.1958559561543831,0.20739289026649463,0.7032832994755117
0.19628756082661403,0.20168916489524305,0.7253119467403988
0.1914896988068515,0.19792356793967844,0.7148703930497735
0.19697324347160186,0.20282685048607982,0.7246241960538097
0.19684983094339784,0.21248890088985922,0.6910941245797844
0.1781721626677208,0.20499543054664118,0.6252439984927307
0.1763463212340235,0.197043474841578,0.6412103792607461
0.1880999255093001,0.21623573489409523,0.638654501657354
0.19560148501857993,0.2011577467071966,0.7238174388109255
0.18783181161344098,0.20180773185042036,0.6829857823069027
0.1871581064931768,0.21297454962858406,0.6440117222098743
0.20827586183216518,0.21435054206231938,0.7383973014920052
0.1840149453362498,0.20060568763446227,0.6680515737940983
0.19388198560115055,0.2018075716833147,0.7129662400721837
0.1832128123338987,0.20037097942463133,0.664830868803564
0.17554195977775472,0.19554120396866584,0.642023047980578
0.20372468197197863,0.2085530783638979,0.7371009969162342
0.20240834068278643,0.20695319597040812,0.7364386907297581
0.19515882527041134,0.2071787347928378,0.7006453891880293
0.1801660650976276,0.2060533242908474,0.63171058048011
0.17848870545112316,0.21072945837138565,0.6097330028945317
0.19652220980794086,0.20514541759274718,0.7142358407381801
0.18343099840317478,0.19507998470244634,0.683980976350269
0.1475571809519266,0.22045492681676102,0.44252665322837054
0.18852860288026035,0.20030162509354224,0.6915999948356213
0.1979256901957676,0.2029688567352616,0.728809791684995
0.18853768037135063,0.19808333873122239,0.6993908789034056
0.19292473337112567,0.20560800854139039,0.6951321321822631
0.164966236749429,0.215583923111095,0.5332783404733963
0.17322393796193786,0.19997867859284352,0.6161853795064909
0.16893550403029647,0.2079084137230804,0.5720571952836422
0.18622112222162912,0.20023437938926075,0.6803083598187292
0.2029464738454054,0.20975110880147674,0.729180764379962
0.2012444782833519,0.20467636576836554,0.7389445171921654
0.19710621738092268,0.20874136905823037,0.70472958017194
0.19080919189219944,0.2065777732519985,0.6816279877333666
0.18098882428682184,0.2026569395978516,0.6463574578139464
0.1891232019448726,0.2046695355019235,0.6797455302944444
0.19274394402252557,0.19946310155725086,0.7156408524087574
0.1859725021463592,0.19719205702588852,0.6895435049318844
0.18783885264315858,0.1975177919959849,0.6978553741931286
0.19898757112578347,0.20946679731194753,0.7112705833941996
0.19619591972099115,0.20965125485047376,0.6973290945730812
0.1780389838655071,0.19408507820670706,0.6597054500456822
0.19015702562284065,0.22332062410542927,0.6276044865281801
0.19187169763415618,0.20350231008004088,0.6971503054601969
0.16453292442657094,0.19898878586940358,0.5755747688301337
0.19730874066520387,0.20179864277118711,0.7299788474406761
0.1887483229122646,0.2032950766581544,0.682497211408485
0.17625039507008525,0.24186290684117479,0.5219915559560799
0.1827057301013993,0.19485443401852037,0.6810506046210166
0.17508663349100403,0.19855861140673392,0.6299733494548493
0.1655872185334925,0.2004088818623561,0.5767569653568527
0.20377769366327594,0.21474963315615736,0.7160789585677891
0.17094386472483092,0.2164317163286936,0.5588084166978289
0.17028211850134764,0.2247954473684329,0.5350736409897523
0.1811175565982078,0.19865476013812255,0.660027257877149
0.20965139215206025,0.2128395148910777,0.7501022177849029
0.18967625849887793,0.19964283604602878,0.699630706842267
0.16401090967499318,0.2103065555523133,0.5421177165665347
0.1787681224861429,0.20119004209495397,0.6400322856206238
0.1810961277502796,0.1943908369934659,0.6743945845281081
0.20336956640816403,0.20773634940238123,0.7382895042171468
0.17488772201264158,0.19488933011577417,0.640813542426627
0.20680165970663028,0.21315018145357192,0.7356393442282132
0.1764309138162643,0.19504411543775624,0.6482170125076744
0.19837602730329745,0.2044400396755609,0.7257679441794521
0.18671702274136792,0.19572363193058645,0.6985207733619757
0.18173684269952853,0.21413281184112676,0.6152109131097062
0.21001395380326765,0.2136223297540999,0.7490506914116108
0.20436719160017502,0.206910943587424,0.7460561965633867
0.20200118215617832,0.20832698198144736,0.7296279181431948
0.18354455393902913,0.20004988847460345,0.667556252879305
0.19019526534238723,0.21288853846917502,0.6585383428835304
0.19775358784195282,0.21595539166085229,0.6841856862457633
0.18793193579025325,0.20374866836333047,0.6769709804644665
0.17418739181048498,0.19472603516398757,0.6377544312752077
0.17963144247458693,0.19487866848096197,0.6651905182082606
0.1864831955850592,0.19625382683488224,0.6954422127008463
0.19790476080026947,0.21055215226987423,0.7024614054321955
0.19593008815927984,0.20130086179188253,0.7249352380326693
0.1830171901611065,0.20396244648017425,0.6521651041974347
0.18981785419460895,0.21114808010370312,0.6621791404683335
0.1977401309086618,0.2052144053642594,0.7199306045129741
0.17759954213057738,0.19402083553764066,0.6576589662496463
0.18356141227827416,0.19539805857706377,0.6835350015803683
0.18879282780362766,0.1994915879684191,0.695732733480469
0.19632479337822717,0.20287211863175447,0.7212661570505419
0.1878952451234257,0.2012442829612825,0.6852132298831836
0.21169566695333203,0.21842635895792142,0.7402754306978205
0.18346183741663477,0.19606368007026884,0.680706581498431
0.1943572276865129,0.21710388884334317,0.6649223487225395
0.19814858475724323,0.2036104291422322,0.7276080374731392
0.19142642135033694,0.199425419540072,0.7091694813855919
0.19564909245155773,0.20126787650393865,0.723657917902798
0.1744848541566642,0.19434463562854148,0.6405366104089283
0.19303752042711486,0.20005210457998682,0.7150013279161689
0.1989508778717909,0.21294723226759427,0.6994731806826956
0.21442594646732838,0.2201257140182419,0.7469638301943331
0.2077628285956432,0.21269475793581666,0.7417335063953487
0.21921020378484501,0.2355516426120733,0.7183571377743052
0.16449959569552364,0.19721096270238045,0.5805944767295715
0.19447188319534708,0.19994101069055273,0.7225725362514307
0.16520871520610514,0.2012675334674765,0.5724157951422508
0.2045733609436413,0.20820773808001747,0.742399693541824
0.1848446509746267,0.19856731148144646,0.6790878617864865
0.1850976030417085,0.20167428325213893,0.6698801694651648
0.2044759002605579,0.20991276293979805,0.7359052308070512
0.19534793568416467,0.20113385298516767,0.7226428248002743
0.19660241017028024,0.20750509806855577,0.706500281365837
0.18601178063719337,0.19803319309864353,0.6868130463838136
0.17800665178162825,0.19495365488762106,0.6566004205225918
0.1992551256764942,0.20661806205246636,0.7223721111012742
0.18348055123384877,0.19945667614531437,0.6692207742226757
0.1792104702790729,0.19465962821006075,0.6637764156193678
0.2051665479380539,0.22019008726676562,0.7046936120701286
0.18037961361069976,0.1968164892926838,0.6624425325299527
0.164334281361382,0.19899962408818878,0.5745452127623797
0.1685072000221314,0.1989362719330631,0.5957043372261747
0.17714197829384218,0.1963605761709751,0.6474923875917795
0.18791706294265026,0.19676758130996838,0.7009135449268405
0.19010485092140827,0.20167395446538114,0.6947096926462973
0.18002738375944258,0.19395691303646154,0.6703931389906118
0.18293464377418073,0.1988277189041956,0.6685921083178287
0.19460048967837715,0.20955115860478582,0.6900486288939788
0.1924690311132411,0.19929202560977705,0.7148757240904462
0.17523308972905893,0.20812451202075927,0.6017219620751237
0.18237931165416613,0.19839566946705145,0.6672489979734714
0.2044547517605648,0.22293682235467213,0.6928184861038406
0.20588974065995297,0.21100119658249566,0.7388097469817162
0.1961736602369228,0.20644533704544693,0.7080501905680926
0.19754255134138485,0.20698836416248192,0.7128060166008497
0.17329377496334616,0.21363883473173387,0.5771131223317431
0.18114456370861193,0.19417072213160214,0.675408538779223
0.19556922170045243,0.2017144027903761,0.7216600286680056
0.19889986788391442,0.2024898381267645,0.7353448906937186
0.1940497721281131,0.20446371525381796,0.7045248686266511
0.19885010765436345,0.20363131390547728,0.7309784767359382
0.18153365012255468,0.1943131529630237,0.6769158346557452
0.20966981574759763,0.21365985406933638,0.7473084564392802
0.17988435231467437,0.19487729263632356,0.6664930046881459
0.18583145233258044,0.19938402670640076,0.6812554374408162
0.19792963731839536,0.20938485860370795,0.7064963450789642
0.16675132510490537,0.2102472494459241,0.555304887044118
0.19204667640653014,0.20205441102419988,0.7030120039770739
0.17438627407955018,0.19978229140323034,0.6226091071730442
0.1561861009300484,0.20783957166617867,0.5109041559256055
0.16580718781251413,0.19588907437335248,0.591187579924916
0.16723340794624653,0.19544896925304273,0.5998159437436964
0.17235498088060208,0.20088361671026708,0.609083920751356
0.171078561136472,0.22018690822233405,0.5498899190419293
0.1814551731204168,0.19717776688171468,0.6666835475384794
0.17097008008712933,0.19482746455820008,0.62090876335863
0.2001810934222209,0.21046491311677787,0.7135683150135905
0.2023363147614255,0.20619719139085188,0.7387894749384256
0.15591978120669717,0.20572750923536323,0.514854729930742
0.1850953954511666,0.20000150003242295,0.6754719111069958
0.16941331310454036,0.19598066431747105,0.6093117069503424
0.2048505489536263,0.21135592177208962,0.7326529943201948
0.21106673411249835,0.21712504088372828,0.741815561470639
0.19771195342418382,0.21110855069866624,0.6996966865403099
0.18396918250423358,0.20371303283732517,0.6576367777667642
0.1943847010079917,0.21592179264060393,0.6686898031099445
0.18623021412132446,0.19606031741941923,0.6948382819859255
0.20001423550766273,0.20589653491926266,0.7285903843233068
0.18940719385144714,0.19712535708454668,0.7072007169105883
0.1872355208443947,0.20032355309176153,0.6850693227347645
0.20437887085851453,0.21517635424230708,0.7174527675316529
0.18053760808471894,0.19684433031841375,0.663151475450486
0.18485729096919304,0.24362616271390666,0.5535419080895579
0.17151246718691426,0.19874572861198272,0.6113966223855141
0.176961983977399,0.2093742244539467,0.6063878412374736
0.17982817503823695,0.1945314155842177,0.6673892473785602
0.1769382028843521,0.19795220831912516,0.6412568162902781
0.18540919927646196,0.20251322403729966,0.6686437387986167
0.19084714700232142,0.20099610795457803,0.7007456434636569
0.1671152762748584,0.19492335987217838,0.600827301312973
0.18661841699804846,0.20369894166421293,0.670687907761724
0.18518083665520332,0.2249048588763259,0.6010578754527424
0.19118075093809503,0.20143647711986193,0.7008698372643173
0.1779713719311802,0.20458553357376838,0.6255152536727967
0.16712367092945424,0.1983732332571901,0.5904207387576521
0.1974994054623537,0.20252621538751328,0.7282978412455325
0.1868267145299484,0.20688346031452026,0.6613709685730015
0.18681990865215722,0.22016187454024727,0.6214514158633105
0.17667899322627353,0.20483996741653865,0.6184290830737826
0.2078256932808373,0.21198509526030143,0.7445131606400887
0.18819113360741666,0.21566254369785703,0.6407748477687542
0.19826037954300652,0.20407781533373925,0.7264894486475587
0.18733509989619976,0.20465845234343902,0.6710453358932695
0.20391455620568194,0.21091273978180014,0.7297546670955691
0.1830528532778837,0.1958973465047303,0.6791968122685668
0.1955029418551103,0.2073396539234965,0.7017612844516347
0.17939089071159497,0.19714266035334124,0.6563312602137259
0.17472677970511524,0.19450740710897063,0.6412443698621638
0.1715225972902548,0.194941314863676,0.6233804125884578
0.19659096466854334,0.20897672503363546,0.7014702936173828
0.18135290159795706,0.19701156337464126,0.6667268628703465
0.1903626161651215,0.20930648386840436,0.6706080651250662
0.21391132374740282,0.22424148608710598,0.7309589612857449
0.19244717838159237,0.21098488975091598,0.6751534602774745
0.18354929636641518,0.20424102828091759,0.6538808460302526
0.20124088233094942,0.21341914215894794,0.7086565937853404
0.16995116175725788,0.20697156343684214,0.5795538274216171
0.2007350744115448,0.21878882351224885,0.6889523513668235
0.19538474011431506,0.2060840002416456,0.7054635000477617
0.2068362057689117,0.21018689509721797,0.7461749967635714
0.17788955055112152,0.19488752908851897,0.656222340902241
0.17548542136196393,0.19365919621834662,0.6479703717270509
0.16093865734966029,0.20383726070603828,0.544251119571555
0.2248259279336604,0.2317619294980946,0.7543341061763887
0.20773736888681116,0.217135766440761,0.7264458153182475
0.18564421747344984,0.20124769712414486,0.6740162467040515
0.1627048107656397,0.20487463047876955,0.5501159928989787
0.19398510059900553,0.20030591925399652,0.7188259894428095
0.20044440577006722,0.21064877841901714,0.7141954816885151
0.1889160241290263,0.19977985243173702,0.6953455137649212
0.18660266451492913,0.20088487922269538,0.6800047123680983
0.16648359439681443,0.20021569298141978,0.5817905313127689
0.17148712944406475,0.19504667542005613,0.6228618313151343
0.17157372582345815,0.19577824397830157,0.6209766895086277
0.1572478878592477,0.21957034350808188,0.4884443233350416
0.20688989713691436,0.21154666776094272,0.7416325617296275
0.2017360493576037,0.2055883695476536,0.7380575549651052
0.18277393036985332,0.1957167854066635,0.6783982788904563
0.16620876222221656,0.20138989860665693,0.5770337192988452
0.19363327451730522,0.204630532923813,0.701915166153538
0.17868285450779314,0.19878579358534063,0.6473443206722335
0.19122955574769684,0.20380001459577043,0.6929810875029636
0.18335298804176553,0.1954617218662707,0.6822460519047399
0.20201294350182464,0.2070010660575247,0.7343582639307805
0.20389836151863722,0.21138833589611272,0.7280362034463005
0.18532614346967813,0.19633671199456976,0.6892554229665462
0.18424839117769776,0.2016710360595831,0.6656800788093066
0.2137904976534225,0.2162679244048439,0.7573499311290102
0.21152276306116546,0.2209215186199857,0.7311318701326059
0.19206470101925222,0.20707940152308252,0.686039750812283
0.16117419717369774,0.19824855435448901,0.5607818807843952
0.19153280327283212,0.19814500297041404,0.7142890365696735
0.18806008111540937,0.19874372443070182,0.6946638517059103
0.19095065583653906,0.19990913273138788,0.7050736197526821
0.1895422960088168,0.20834533084285914,0.6697644504165258
0.2035593943554091,0.21267428331154767,0.7220402578268438
0.17714605478976603,0.19753824566595213,0.643652849913312
0.1891864824617402,0.20037185147289877,0.6946408961069356
0.20451700755900687,0.21227149435746284,0.7279216082532587
0.17339155635345374,0.1949257429377391,0.6330182688741427
0.21461810058672023,0.21911958095430464,0.7512706069890203
0.16990718388346904,0.2131310078205253,0.5625984933381502
0.18917463687974484,0.19789792836829323,0.7032647487887655
0.1926774584509573,0.19865300574807923,0.7182245137125838
0.19060042379782124,0.2072982606634964,0.678251825885097
0.20856761977672844,0.2167324486340289,0.7316284237829256
0.18499579711989117,0.1965449100464605,0.6868445338420621
0.19474362545319412,0.20317882354303327,0.7123952335639814
0.18804406330049306,0.19946756979614622,0.6920626919031132
0.1855183284773892,0.20037352032463898,0.6763285301262691
0.18632585688471578,0.20189487416530208,0.6752318871310152
0.21042376724844897,0.2196105072584923,0.730492221210629
0.1826996001924663,0.19769453193286282,0.6712355617277829
0.19250394928766887,0.20462349996483745,0.6964202513990659
0.19618874619762305,0.2377761690458973,0.6148166436704792
0.1942718569900377,0.2020035886543868,0.7142044255306581
0.19179645596351008,0.1992428211901088,0.7116766120683169
0.20507600458900746,0.21199107274327247,0.7315213918314811
0.1789623804921186,0.20266021676084103,0.636347787214236
0.19801570650072425,0.20278645363241318,0.7299092412209608
0.19449243948319733,0.20914549818633765,0.6908704262640268
0.21021812724946262,0.2125806032344816,0.7536817791072786
0.16635692849918807,0.21267871362618396,0.5471019008686667
0.20006192218837077,0.2040870997092615,0.7352837215196162
0.17494731658433804,0.20315988888937642,0.6150196146857203
0.16579785155706916,0.2110511658420903,0.5486719350496732
0.17342398102023798,0.19764061476401376,0.6244869313304267
0.18197539704755522,0.1959864023986312,0.6733905793072356
0.15363757971048264,0.21281695091708375,0.486979910499992
0.2105886706521122,0.21808869625588734,0.7363456859941546
0.17325593467634043,0.20193798140386846,0.6103652904692215
0.1932376934884083,0.20602479829649897,0.6952449155284157
0.20233392179386145,0.205593516381882,0.7409471099803902
0.17406915574325776,0.1999181178371711,0.6205998590098241
0.18702542973154285,0.21331112778823866,0.6423735655627527
0.1819263213253845,0.20091402301901168,0.6566307286221672
0.19818399341239906,0.2082994451597673,0.7113988868224819
0.21382016956333671,0.21838972170564816,0.7501276538285908
0.20156107859006978,0.21235971733889653,0.7136997566642991
0.18681588433880617,0.20347911950140998,0.6723829190633888
0.19310609018611058,0.20105531467710908,0.7117747193897171
0.17055784409233435,0.20241758127856888,0.5955897868694595
0.18010758320587478,0.20626820289804804,0.6307689764000267
0.1629397201254637,0.19605470038324913,0.5760622923331515
0.19549370286302176,0.2087311724527116,0.6970386893025459
0.1970133587169213,0.21044359173715638,0.698587956532032
0.16899482328245727,0.19798722032997687,0.6010227482568504
0.18315125152959108,0.19886359778521734,0.6695607090112142
0.19609085876296806,0.2130737972070528,0.6856350272905937
0.1990720529842544,0.2073585755606836,0.7189095149847246
0.1751911991608667,0.20531499626276142,0.609751851738328
0.2010631516021265,0.20685263262551642,0.7302935896185062
0.1867705356864914,0.19930769023777908,0.6862280904631463
0.18677348206064856,0.20940354415852067,0.653157436328344
0.1879015817000267,0.199682109399882,0.6906055936331579
0.17000798153774216,0.19890507256513434,0.6033429916597215
0.20961088329451388,0.21544512677437888,0.7408423930686703
0.18509230134404725,0.20400707200983567,0.66219420735343
0.17596043850231913,0.19369033908843505,0.6503186431245194
0.1789515326030059,0.19410755797864288,0.6643303019514268
0.2019955359744157,0.21554502331006165,0.7051683849632195
0.19836063868075576,0.21610457972585553,0.6865224183076643
0.18438808231139495,0.2098763626367681,0.6403202372245209
0.1767077639948458,0.21521019772200153,0.5887628250707755
0.20026198167308362,0.20793120256749664,0.7226523956850922
0.17513726568706497,0.19865817707323835,0.6299124834963687
0.16385630249224725,0.19787416317882373,0.5753975186207232
0.19636659855581118,0.20327057591454456,0.7200579714859668
0.18644786150751563,0.19822335827794185,0.6883541006110553
0.1843234253377849,0.19989518694118222,0.6719692824685601
0.17882025235743063,0.20681512899887192,0.6228763484615928
0.18537095138360865,0.1984451251048327,0.682158109513127
0.16982445680172828,0.20074015180207147,0.5969132519132219
0.2139191999316477,0.22428486609830142,0.7308526998865981
0.19139532495999145,0.2049234754553431,0.689990859494301
0.19009017616561757,0.19723905808160738,0.7102557552655493
0.20302023646473452,0.20842625119837785,0.7341696911253828
0.18662485445768856,0.19673988229833883,0.6944441201327392
0.16742076354401503,0.215247824426751,0.5455142873417214
0.17732321408961343,0.20512414331657336,0.6207129596300727
0.18714470116234888,0.19906993611631735,0.688927237522268
0.18007192870632344,0.19790650362702408,0.6572392838158461
0.1711513257395335,0.1944888561431866,0.6229216837510704
0.17728817556355614,0.19811511179992242,0.6424960438762753
0.16763533466251088,0.19639320338187008,0.5989786440510309
0.16612882753751856,0.2195222263904616,0.5290071508793902
0.1702461554831992,0.19792768050598403,0.6075257143205078
0.16976809345722677,0.19660446382640376,0.6091829815368721
0.19057461502729695,0.20546646421492956,0.6841730379914843
0.19012947176326273,0.21307825300867653,0.6576432356874855
0.19288984109238883,0.20236342413267536,0.7061050765710808
0.1821874990086113,0.19444013934006618,0.6798364754173619
0.1936677581411898,0.2018409237778608,0.7117870620692641
0.18488635216717317,0.2081573229027097,0.6480019548974382
0.173497820816089,0.1963034135981057,0.6291170313977704
0.17771555965578434,0.1955367474441546,0.6531537489763144
0.18861612448678056,0.20710720581362294,0.6692964831533775
0.19603071386452156,0.20685742805186116,0.7059486103052109
0.17092518389170192,0.19886057356222064,0.6080902902247043
0.18124201006203428,0.19798478732651198,0.6628893655631883
0.1900131022680656,0.1973427590093446,0.7094919670269516
0.18817155861130894,0.20542180260496462,0.672623630301887
0.1943406261352312,0.2068281406499292,0.697877115182008
0.17643948773381685,0.19484891094872728,0.6489104153478603
0.1865409297929519,0.19831343002822815,0.6885107568030895
0.18327484462643318,0.1973866609855754,0.6751968140145632
0.19076814943172943,0.1978941304974772,0.7113305941811345
0.19157336605922998,0.20511591062389475,0.6902115278556921
0.17193216292365446,0.1953724078864484,0.6241012446062606
0.20130647618828704,0.21182800745111907,0.7142892859585726
0.1902531021075686,0.19809518297149992,0.7080086451559344
0.20679485430049216,0.2153067426041313,0.7282394058080167
0.19362501025232776,0.20321373796030984,0.7067682120998114
0.1774663961641085,0.19664239904558561,0.6482142039701175
0.186704886157653,0.1979112577988227,0.6907383019949973
0.19378450207998005,0.20377853320436032,0.7055919964630674
0.19560730401396403,0.20402552064761176,0.713672012951035
0.18033389366457964,0.2004382669326278,0.6502445648683843
0.19271793229873513,0.19997066644093264,0.7136943374686966
0.2024194116148862,0.21174077940536482,0.7198396645319253
0.18917648285406152,0.19713364166933453,0.7060006687621161
0.21133270249925945,0.2269327682436418,0.7109273100923347
0.17365313281407968,0.2043302003955467,0.6051632728530063
0.20316553580670463,0.21261434579738822,0.7203913509799775
0.17711692761316616,0.19360438619740059,0.656580825000301
0.17554948865030956,0.20073760889205683,0.625440789811448
0.18666808075862001,0.1960384236969295,0.6971494576486977
0.16160659995406024,0.19915666033063803,0.5603960207445334
0.18133157296915536,0.2079700348385104,0.6314927680381209
0.16614007680634912,0.2213633113026331,0.5246582015913658
0.17736252342087067,0.19590530319392238,0.6501228978717196
0.19123288262170346,0.1980125942023505,0.7132520190982224
0.21524000765189133,0.21972503058674928,0.7520308779142629
0.1976449591146719,0.20202279195256356,0.7308331782155552
0.1898941533829492,0.21364528714559883,0.6547963460930997
0.19825219049988302,0.2072982584809962,0.7151637046361095
0.1917046164377987,0.20037314065436382,0.7072036500252988
0.19540045697063377,0.20041260481871453,0.7255055494246849
0.17545813862323154,0.2050138235411429,0.6119496551804671
0.185616704679472,0.19693702369302396,0.6886298073178199
0.20836427653098946,0.21190452181412936,0.7473378820575505
0.21387212585988422,0.2268553429147612,0.722363968837435
0.19030558657735422,0.20416707772171588,0.6872096527168485
0.19325109862903064,0.20019895210846286,0.7155436985075762
0.1897609282779363,0.19701361117571337,0.7093973225701939
0.19152552927438704,0.20948671419408124,0.6755823624369285
0.19557336444115095,0.20279134849012107,0.7178480025159579
0.16045212907753892,0.19980561310270692,0.5527979287587018
0.1885708547411114,0.20206765137780847,0.6857646624596221
0.1841884621381232,0.19663630938602347,0.6824195518981859
0.18211916926712185,0.1964439593458375,0.6725539930425016
0.18451938271024398,0.20800959998865376,0.6466979539289609
0.18345943684888955,0.19868937907995823,0.671698897378816
0.21317093233530954,0.22035840321385602,0.7404797364453285
0.19549510615531407,0.20137065304374582,0.7225238829796449
0.1990069228910655,0.20796247672154425,0.71650869541519
0.16542344270428083,0.20240360118000977,0.5702637800482007
0.20925965895891563,0.21200119669659936,0.7512205659236747
0.1957083671112127,0.20268475855012716,0.7188915839233009
0.1865135802616616,0.20170655104004281,0.6767929923830829
0.21365632934670536,0.22304529811591478,0.7337358407871685
0.1838142857071933,0.20393485069053585,0.6561619323724707
0.16248983817012894,0.21196462819461262,0.5307009906711785
0.20989130809323758,0.21772799191755754,0.7343626636384919
0.15886069426069707,0.20049312793796395,0.5429647159496681
0.18175846848421245,0.20154238202702976,0.653750675957287
0.18452044203134862,0.19930869558116243,0.6749351383746789
0.1934659060339224,0.20103488229395738,0.7136368793160163
0.20920753074404716,0.21836208225505876,0.7290987936178595
0.2010368137585822,0.20648830455865935,0.7314545687292209
0.18367744799203672,0.2000306529252385,0.6682848155377401
0.18296859772109264,0.20060366385666922,0.6628423188526524
0.1869090240972834,0.2066931465961838,0.6623781501800948
0.19554265697622664,0.20085677353806386,0.7246091551333479
0.20004484135712164,0.20701255180455946,0.7248103559381219
0.17842705519456753,0.19409354063431494,0.6616760906872867
0.18793867112430734,0.21246625970131566,0.6492262409957282
0.1535284220150142,0.2063710528142868,0.501661548958513
0.19475799373140643,0.19996534063872667,0.7239154208875515
0.18980543934573624,0.2070174219959562,0.6753317570946621
0.1827448026354387,0.1947136947942423,0.6817435351720519
0.1643093273487754,0.1963601062445553,0.5821412991415357
0.16774778222077327,0.1953444860108973,0.6027699303178934
0.17171798405452815,0.19397233275796802,0.6275017798873598
0.19678751830577884,0.20830838158334553,0.7046644844055313
0.18972526538066226,0.20394147096973922,0.6851243384499991
0.19598986224550616,0.20754430115755146,0.7034154223038965
0.18379044458207722,0.21715364055265152,0.6161096090380217
0.1800052507194379,0.2020881656800415,0.6433095687813322
0.2057489775939384,0.21574583831365474,0.7219095339744541
0.18090047885776686,0.19566443590886276,0.6690049637775671
0.19351432782878403,0.20671941041905453,0.6942469869561677
0.18608242586120025,0.19636679406846425,0.693001209836702
0.1994050608926251,0.20849803171290854,0.7165778001125137
0.20558999624253843,0.2083783887911512,0.7466705023738315
0.19644650061869912,0.21102263328387993,0.6939848031452188
0.20090261340904436,0.21158507428140286,0.713200654259514
0.17818723672588896,0.19425563332478626,0.6598894175262651
0.16547099352278766,0.20303160503952722,0.5687340820672091
0.21132310890148648,0.22716201225594979,0.7101676345414621
0.2004940601467202,0.2066491084978634,0.7282589372906788
0.1876460272341477,0.21328589984029417,0.6453592447377691
0.1610509977149004,0.20435218555849727,0.5434294593492921
0.18947418326388724,0.23043709009260457,0.6052592627681483
0.20865656104196728,0.21192067565084674,0.7486601321683422
0.1957228650774673,0.20640021434190545,0.7060208999399337
0.20988553234214788,0.21380935017120822,0.7477948565585145
0.1916216377933835,0.19804294879543588,0.7151056811402483
0.17186745527270253,0.2170254009334998,0.5615354458441698
0.1582732652736482,0.2104176028609011,0.5145637237642302
0.17969563736937158,0.20432548570624678,0.6347501728483909
0.18999715091709,0.20157912974799033,0.6945022090933285
0.1773488845769426,0.1951561021922208,0.6525488219246619
0.1891347306990796,0.1971604767156542,0.705692809313605
0.19311891679322504,0.20992298730425402,0.6817686744605733
0.19058306884934517,0.2011262285383839,0.6989792921141343
0.19062360254312183,0.20085846379176195,0.7001129048209389
0.16539818115563829,0.19635933415075266,0.5876887984710858
0.1825757209223017,0.19779584441948714,0.6702654512858923
0.20688759910362325,0.2128689644040255,0.7370149027730057
0.20944506522330775,0.2196725424957636,0.7258306541719144
0.1841452078410263,0.19573709916916243,0.6853335847441654
0.1911739851461358,0.20261840467369058,0.6967480835390607
0.18835876611899535,0.19743017678551067,0.7007984714986562
0.18115260102223446,0.19641181239876787,0.6677429397981423
0.20032370840937888,0.20376316835614347,0.7377373920032423
0.20158398822704315,0.21419017416801775,0.7077074791868638
0.1883584789640489,0.20408197577152634,0.677955407090648
0.18510815059258917,0.20314896930543877,0.6650693383014472
0.18635179765822865,0.20516997140521323,0.6645796981125086
0.16380157079997662,0.2001644558838139,0.5685403549670832
0.16082722731165747,0.20259773506907894,0.547030929412262
0.19622593640672942,0.20384099615307763,0.7173529327580344
0.18666278515819268,0.2060114283543744,0.663374776097905
0.18743802784260638,0.20195994747514176,0.6805212100756907
0.1956698295487999,0.20588376255348306,0.7075343278271341
0.18814353396885988,0.20381392150435015,0.6777924341439618
0.18510720991888058,0.19819018304867447,0.6817048546027074
0.20508130885534614,0.21009152957609137,0.7381606920005715
0.1777371095219197,0.21383225211995782,0.5973706410306169
0.19337708511337268,0.20662418029203156,0.693902741250957
0.1863046008232995,0.2062561150684311,0.6608511984145377
0.18040699158221843,0.20906832012265855,0.6237529985686486
0.1795127427584446,0.19495986827611733,0.6643046279402414
0.19893472995216896,0.20850237852319717,0.7143071029072171
0.18150816630278485,0.2043481582745495,0.6435495549027588
0.1792408861883124,0.23170468860387888,0.5577827836244693
0.18003280989388862,0.1975335975928982,0.6582819909040303
0.18617424629112655,0.19808944265839795,0.6874381817811304
0.18397465845655087,0.2194151405331204,0.6105989683803411
0.19874410430895323,0.2023682754077506,0.7350169091931512
0.18021063514744018,0.1950552659849339,0.6675576508531571
0.18207856490427346,0.19817197183079138,0.6664845875230447
0.1887379525248396,0.2096439535801581,0.6617789359319284
0.18890156567617056,0.20676513109059555,0.6717842846302257
0.21369024360994768,0.22050960836172684,0.7423270343006009
0.20760547472281646,0.2175806837056334,0.7243541661815995
0.18901428342464235,0.21975229646985814,0.6325953614947089
0.1939062211373171,0.20264878329636746,0.7101262529015967
0.1802948296306972,0.20384596153822038,0.6391827860973709
0.17643922156042258,0.19571059265340693,0.6460520089698963
0.192978960933272,0.20087154993831152,0.711792988988144
0.1927464766624432,0.19909994345321305,0.7169589010756677
0.19865417125988907,0.20287366599207088,0.7327425692879186
0.19513105381919166,0.2071982755422842,0.7004452785108913
0.21370173271884924,0.21686228241092875,0.7548649350127817
0.19666982109963826,0.2060602552123857,0.7117812260713068
0.17781684929820643,0.19455241751622715,0.6569789824767689
0.19386693809311004,0.20513628124335595,0.7013237113450386
0.1949506300853527,0.20543281278883424,0.7055865522045323
0.19819351716185687,0.2055478573236265,0.7209684357279987
0.20664128148314848,0.21572521034633937,0.7261148626610043
0.1916438071228234,0.2015869793868483,0.7026436308220427
0.1911275891259714,0.2086692095451063,0.676322057449808
0.18256333267561378,0.19450222024256786,0.6815517710301261
0.1838403690677694,0.20398406388929868,0.6561314963329883
0.1680209662279257,0.2082114455582511,0.5668322695300969
0.19035655438105006,0.21538093425030083,0.6516665686756533
0.16985727564268893,0.21004541371759455,0.5706255305523438
0.21096364856462765,0.21706010426075883,0.7415625690995644
0.1969715702925546,0.2163717326515727,0.6792549493016519
0.2013607601629397,0.2082994859591531,0.7266497056676419
0.1926006560179567,0.19845210129191546,0.7185646062179839
0.2139902796000846,0.21847567409465013,0.7506111619961825
0.19400156095561624,0.2063003782857091,0.6980188895057956
0.1596917789795514,0.20101767821933517,0.5456822501942544
0.19628060226369923,0.2113243385045348,0.6922089679725186
0.17169718679385748,0.20713828551510663,0.587516626833247
0.19252306769749672,0.20082315735411435,0.7096943877153757
0.19351909315254068,0.2026324101721734,0.7082731386879073
0.19003232009229315,0.19873282773826081,0.7046260131553173
0.19776946055205952,0.20236214382483325,0.7302228458301484
0.18607726130678298,0.19774669413898532,0.6881392475322077
0.21515439825476723,0.2236904289359625,0.7383167846758755
0.20456319617514102,0.21048658027410505,0.7343137789300482
0.18532609513973627,0.2132569708095167,0.6345682142348862
0.19189145166873273,0.19878782961196761,0.7137833938108978
0.17077599441901534,0.19381511051532072,0.62315055878715
0.20765717311533657,0.210598559814811,0.7486146783433456
0.2046307459453623,0.20961595868909366,0.7376859420074668
0.18575311543070427,0.20067217957560068,0.6764919567715216
0.19166114626421293,0.21315463056910852,0.664593332483499
0.1942627767396544,0.19975269865493056,0.7222068973839793
0.19519289157484554,0.20196721196563977,0.7188933795825576
0.2013501271619179,0.20919400911899658,0.7234916898400513
0.19542782264308411,0.20713501919581373,0.7020919167009847
0.19212499895617996,0.2175933781758109,0.6531678498108796
0.1902079873814205,0.1989284029521451,0.7048163324125686
0.18822997882343906,0.2033000531328087,0.6799308543866358
0.18510493632489597,0.19671614366539775,0.6868014683873698
0.1885251911881718,0.19810637909610562,0.6992464948388678
0.198463504954684,0.20986585278978828,0.7074209690672841
0.1738767269873961,0.1977149112471884,0.6265421571189547
0.1973102488336756,0.20213752274119604,0.7287625119571799
0.17991778934890945,0.19929330071387666,0.6518924062351252
0.201806293216851,0.21132829958015747,0.7183434188343073
0.18833106328881222,0.20160697130481395,0.6861422618152747
0.1823052271149605,0.19908019683820274,0.6645825612805082
0.1932324910389494,0.20013543389723534,0.7156778200131008
0.16510914432786278,0.19750338503502296,0.5828211213061014
0.17309153392825766,0.19609813742704674,0.6277037382573339
0.17900759638424804,0.19401044593163191,0.6649518058925008
0.19370411500823886,0.2059738966487627,0.6976811981825568
0.20653508661464356,0.21224539500671102,0.7375193539991481
0.19225212775449557,0.19985905829135348,0.711762223692264
0.19295574826773368,0.19967895741366146,0.7159279581552594
0.21171570342931412,0.22460776048624498,0.719991611506307
0.18347792309276104,0.19856942387153387,0.6721977658509785
0.16769791637193224,0.19457788212799848,0.60488846463293
0.2082205212920924,0.21047609731339645,0.7517267913634103
0.20307438956084528,0.20611868823448365,0.7426516774000891
0.18275821820119165,0.2051925527345282,0.6469933554213839
0.19173238388589336,0.22681351249440945,0.6248850975727772
0.1768415554114865,0.20033432290964684,0.633149395317015
0.19914144009972481,0.20689170656203726,0.7208671752872036
0.21127112824128583,0.21660472611839154,0.7445411332028758
0.18955850912850672,0.2018219912913953,0.691493073849464
0.18649758859824883,0.1973759763328814,0.6915613092043226
0.17787422715213624,0.20648296373426925,0.6192967440970212
0.17831147070439157,0.19626730931162095,0.6537587495055871
0.18950046092200662,0.20042641535183245,0.6960183400831911
0.19604308350896996,0.2063497967340676,0.707745225924222
0.19278994381764847,0.19910028850947775,0.7171759764218084
0.1903244171644322,0.19813385695096428,0.7082303818431235
0.18743427487333036,0.2049930923396041,0.6704336878125061
0.20209429890641809,0.21372425107013274,0.7116380015130288
0.21068124831266813,0.21471858655655726,0.748334137670678
0.19205943382614044,0.1986339607224497,0.7151820026618682
0.18722635527531437,0.20919489699818616,0.6559737223250918
0.1971982457017523,0.21174550109900558,0.6951658709996722
0.18616946166639392,0.19843458963002086,0.6862183751344986
0.1924798392442353,0.20448879127473055,0.6967611200401382
0.17623986929805813,0.20214840342094686,0.624491052918091
0.19486493001968141,0.2021132322697233,0.716751339795293
0.2098122188068937,0.22398748757150624,0.7134872601125762
0.21664455027611085,0.23177168159207695,0.7190030685863029
0.17395592913223915,0.1955292105983929,0.6339509516398465
0.17260578045427674,0.21480007595897938,0.5707902099517456
0.19471009544262355,0.2133294645122661,0.6783408741660388
0.19772193136981653,0.20219281161844488,0.7305993234249121
0.18706913471501865,0.19590271699600192,0.6996796002467695
0.2148703933205413,0.22482151598448893,0.7333390338490386
0.19583406052619004,0.20452889163895624,0.7130242547034528
0.19135574942013622,0.20829387125917934,0.678636143087704
0.1760551884205221,0.19977186637051395,0.6309956987973943
0.16961708270464942,0.19732983465388151,0.6061783962595366
0.17702706411576113,0.19636197784918588,0.6469025496031782
0.20255739775079895,0.20994144052077146,0.726666433136649
0.19381309754871717,0.199898766242056,0.719429640574044
0.18913881909507652,0.20350023589847313,0.6837280481802158
0.18292841294957263,0.21337565825464988,0.6229783380020381
0.19654342027073093,0.2090476412120602,0.7010048973577064
0.22300434290628146,0.23741733580581295,0.7286929672557029
0.17970359218502063,0.19765363324097168,0.6562165848319673
0.18815600113020747,0.1968838071664747,0.7017133766282261
0.1957874772538657,0.20102142545578325,0.7252335263433558
0.21109055579655403,0.21595040250995232,0.7459608962253728
0.16565949001582458,0.2085379222676547,0.554620899441866
0.19077125569995984,0.20181535917945312,0.6975249865635192
0.1833911128369663,0.1993742949248734,0.6690487000203795
0.19849130687876965,0.20286446125277907,0.731972993011044
0.1903978504346902,0.20340643886183554,0.6902330684332756
0.19544712289005153,0.20019703675715544,0.7265198588652584
0.1986255323302461,0.21210950214048302,0.7007019055271243
0.1988735010204143,0.20318986287166338,0.7326817338050186
0.17801977176451278,0.20584168164156594,0.6219331806054462
0.16409997550395283,0.19761996451217537,0.5773706911931114
0.1782855021907564,0.19570508102886236,0.6555041980327379
0.21116115493893398,0.21748311483178484,0.7410283555281345
0.1816342659721379,0.209065178074557,0.6296326685508306
0.1793061141380372,0.1939051777153737,0.6668523020454922
0.1629556139783016,0.1960308864703797,0.5762133509270705
0.16682545811248572,0.20232829617927733,0.577405436207351
0.18747615186843297,0.1967882094419512,0.698599536315136
0.16647044822203166,0.20659627845785858,0.5637586944519393
0.20496802224936306,0.22130829132438093,0.7002359528510383
0.1958644220746522,0.2297621468715736,0.6348496654506962
0.172536192277085,0.1949171933975255,0.6286576886379517
0.17900376364075465,0.19905223990974652,0.648089987328186
0.18491172865491806,0.19918924944725014,0.6773042673201386
0.21029837393598133,0.21754889860009974,0.7368383612488114
0.21506228112612416,0.21954176922212393,0.7518490978321326
0.21135720500273802,0.21560618967951167,0.7483885562032696
0.1860607040815198,0.1983767947182543,0.6858700599269222
0.1982376071481598,0.2114530609867877,0.7010426165333317
0.20831158997532506,0.21184235787572833,0.747308477694505
0.20626126828579497,0.21987952278039785,0.7106676706855467
0.21063510416575906,0.21614850157632282,0.7431701029351722
0.1893676968119164,0.19827796521954588,0.7028904934423736
0.1778551842695965,0.19828060552357135,0.6448194160593143
0.17700707729099552,0.19934843998431112,0.637110966611984
0.20175929621332594,0.2133542682723627,0.7113018991473554
0.1991813284959176,0.2128234710029633,0.7009627640827285
0.16942688527099534,0.21340583943059238,0.5596233242241595
0.18525320306588725,0.20214983444282714,0.6690740234276081
0.1854805695515815,0.19723460667474316,0.6869005994216858
0.17196793087706935,0.19875896568214158,0.6136474420586508
0.18613077882805013,0.19985858272207319,0.6811355157929643
0.1960860938669255,0.20063928845471485,0.7281031297112966
0.15481515664735473,0.2069536082535317,0.506466920446003
0.19932759899178426,0.2039057310527768,0.7323364489109622
0.1891641106878536,0.19790769642938177,0.7031768506158663
0.1762745392405743,0.19552817170862868,0.645812509456415
0.1989462146617871,0.20368062924571417,0.7312733430438437
0.16800553681199126,0.1948290145450097,0.6056876953752155
0.1921602231717023,0.20551071044380814,0.6917411888884133
0.1844090472742188,0.2037055936584906,0.6598201102889377
0.19483705343766994,0.20705098445449654,0.6995236164622086
0.18939148943493048,0.19796416127549535,0.7041248705665837
0.18829579345036643,0.20434341733861072,0.6767812501696643
0.18750748977768283,0.19962151676613873,0.6888410227780009
0.16503196805535775,0.1954004910366072,0.5886984594824132
0.18429788944623818,0.21698475021818026,0.6189277786167016
0.16231402417807134,0.1969938159716503,0.5701398474063502
0.20557404180823113,0.21656642466336465,0.7183663952067301
0.1898310834527505,0.2018933286498643,0.6925988312137547
0.18126412520049,0.19474606561085836,0.6740270967156894
0.18014367740852802,0.19661708741418038,0.6619143794678234
0.1817042474606831,0.19611470068492085,0.6715674398742805
0.1848229698461195,0.2038961719720971,0.6612334529976848
0.17855206900296325,0.20558106666925197,0.6253108376452953
0.19330498993969472,0.21535414956690704,0.6654387214172168
0.2160910204784329,0.22773473861482946,0.7293178962887372
0.1928322081393721,0.20174321338313295,0.7079901511636861
0.18855810129348133,0.20178308530784597,0.6866685633342021
0.19462477343668547,0.19983066276249145,0.7237366450041708
0.17883636362712918,0.20906862912486032,0.6162395772451605
0.2064089325979231,0.209867568989502,0.7452744287791649
0.20738921350833767,0.21366114722983257,0.7366300122831229
0.19795385636881718,0.20680492817175763,0.7154271306626557
0.17190587572133653,0.21160930860646504,0.5760893815311681
0.20585744179568938,0.20850028644877125,0.7475166794746047
0.19550392067583566,0.20168328021782694,0.7214476109208703
0.19731652395164664,0.20431854468808233,0.7210139646234444
0.1977723633331525,0.20247994003946831,0.7298123621744853
0.1902125510285087,0.20474920355093554,0.6848014478045478
0.1926360595713008,0.20709238559713594,0.6887556930691587
0.1708014478424275,0.19483265309184508,0.6200267045867364
0.19313110261921734,0.2002381789052447,0.7148042566195573
0.1502971622836309,0.22023949488366565,0.4554004373130697
0.17569185260078612,0.19840686795073917,0.633505553003302
0.18930670305963965,0.19728785105399196,0.7061088775381078
0.17886166441762905,0.20159767210797516,0.6392021448968472
0.17418587386017742,0.20161136505574262,0.6159666337552043
0.19200640731420332,0.20531192473862006,0.691661760489508
0.2077342589003717,0.21303020729055544,0.7404314200625797
0.17515197597417276,0.19638856988256262,0.6372671080043597
0.16944830083178714,0.1980646542621817,0.6030773197608055
0.19303885020615225,0.20083761786195733,0.7122114458879303
0.16632148165372138,0.20963844752932215,0.5548671201519534
0.18619154415017916,0.20021318510770494,0.680232643404153
0.20289584127768387,0.21001228441848604,0.7280328467501085
0.20798791797930566,0.21326255110632422,0.7408141615099558
0.1905454298974431,0.19809157553181445,0.7094972591344293
0.18529747043440875,0.1977840477282131,0.6840666473786052
0.217291507094841,0.22273597882850046,0.7510753672340024
0.20050564897328071,0.21429013360904214,0.7023452103859719
0.20872910330434932,0.21130862012542073,0.7511719266830514
0.1852880213933385,0.21191761319481162,0.6383991370692296
0.1883730611825776,0.19699352755861788,0.702424403976435
0.1645893948278649,0.19515642933471494,0.5871668959024217
0.211701382930528,0.2181989891269609,0.7410730158627852
0.20280050261286406,0.2073510081371659,0.7369170952464535
0.17986575752648976,0.20241656874294653,0.6415767164367324
0.19075348185022828,0.19850422740350196,0.709070449991561
0.18821527047010933,0.19724333072666927,0.7007348231289082
0.20918370427018493,0.21242207824389536,0.7493745734255359
0.19617617790631714,0.20085312557578622,0.7277764659488046
0.191325842419728,0.19986440832535032,0.7071086022963629
0.2091499918648939,0.2170170314526684,0.7333525428837352
0.19550046600018822,0.20949931887269188,0.6945152222122768
0.18554982402263434,0.21217650547466352,0.6388540697255505
0.1863730016772609,0.22850049014782622,0.596817107871566
0.19739496789638578,0.20447985460889564,0.7208287984080636
0.19622070158125723,0.20095447063895447,0.7276309957988699
0.1736891661117686,0.20683510870153324,0.5980085628995138
0.19745483807556408,0.20458916856546408,0.7207362887756287
0.20635923060859857,0.2138561114011002,0.731142213258228
0.1819843046200702,0.19505502030782854,0.6766516668567542
0.17886569924433807,0.19919877151485474,0.6469201504825958
0.20484648737935107,0.21514082582038316,0.7197447847886824
0.20332463218101293,0.20624117127120378,0.7434239790046263
0.18421564215448277,0.19606158033528204,0.6845586061530392
0.21396406851151603,0.2190710578399117,0.7484515304223086
0.18842520919832373,0.20197714960715873,0.6853508402686038
0.177355049556985,0.2048242824831824,0.6217771057855008
0.15939973553752448,0.19836903862759556,0.5514960212258933
0.19306891336222465,0.19969804067129454,0.7164262247205413
0.17686491239702906,0.19802756922414766,0.6406426786637497
0.19503996095803322,0.213769962493312,0.6784861599186132
0.18343886487551483,0.20837609880674815,0.6403750988699932
0.1788591330942318,0.1943767512739061,0.6629349047646644
0.1985056788559711,0.2060665584871834,0.720668506070128
0.20268494160198713,0.21466630724418007,0.711266446803457
0.18787581717842017,0.21885718982715396,0.6299807526876766
0.20496152998368466,0.2172009651067936,0.7134477045601203
0.1903624546635978,0.19853082194846172,0.7070058607828444
0.1979415916062103,0.2111081939411043,0.7007856438177077
0.19111470375688872,0.20081218364562328,0.7027198310134224
0.20311284281003866,0.2086146639621706,0.733950528222712
0.19129389710113276,0.20965473215099986,0.6739361217917491
0.19299255537361618,0.20213725777736338,0.7074032612587929
0.17155793179695678,0.19589985871826449,0.6205105638783366
0.19109561110634726,0.19767637367336552,0.7137707379208069
0.16845454514893266,0.19454395002972016,0.6088832118954948
0.18447972606603708,0.2033716606237883,0.6612510595308924
0.19162940170746148,0.1987100504979603,0.7127440275544353
0.19060866871206042,0.197773250038743,0.7109589829995498
0.1885250549594013,0.20482875986409976,0.6762968982056534
0.19317857791371187,0.2045818306445151,0.6998596965460799
0.21362336056191816,0.2246035965425821,0.7284983993161355
0.19903647079848172,0.20329590074638695,0.7331012098684948
0.18248604012290084,0.19585362622459815,0.6764543637857919
0.17508571799395126,0.2051167633394294,0.6098268905840624
0.1652798929791104,0.1960904851239485,0.5878913140851385
0.1949709195843054,0.20111499735300378,0.7208359470569348
0.20852353355571704,0.21804057204981664,0.7270368632104786
0.16099286482675393,0.2005074593766289,0.5535597786328105
0.1825387893567186,0.20451806485868826,0.648054192417165
0.2028082363820342,0.20711603355384878,0.7377904730987672
0.203858045816531,0.20754125483215238,0.741337166632064
0.1957818469954815,0.20249401779437715,0.7199316235777193
0.19437343177739674,0.20087565728755802,0.7187203951284298
0.20001047108039166,0.2047043749089563,0.7328151689337851
0.1792716547173061,0.19406886841699267,0.6661122712352925
0.21516241970103975,0.2198062241701927,0.751400103998679
0.18650007091486065,0.20196700440581866,0.6758533222614262
0.1992093451601542,0.20838391455801458,0.7160310116864321
0.1729328036209033,0.19499687045470532,0.6304347517693041
0.19969077849494196,0.20669586185798527,0.7242079118051726
0.18188105874599753,0.19948551704275827,0.6611059324057585
0.14876843810601073,0.22402835028075552,0.44087472849857046
0.18748875788788433,0.19923781142517924,0.6900736205864024
0.17645281962808562,0.19843870464175917,0.6372386871622174
0.1925724217604396,0.19898247694776167,0.7165074229017099
0.20069818130266484,0.20665435108626412,0.7292282040544048
0.1639418210452672,0.2135364290170741,0.5335942984986255
0.16001482645657222,0.19818309026658687,0.5551171207825314
0.1741394194250429,0.2072850971006,0.5988825109062005
0.21334654683075455,0.2165903168222878,0.754172897603637
0.207842245273599,0.2139119765340652,0.7378840952762775
0.18239692086278586,0.20506861103351365,0.6456225562533737
0.1767897293442979,0.19372127774796793,0.6544956280396403
0.1773345869144189,0.1984343864899232,0.6416961755813685
0.1952834503913994,0.20068083913857834,0.7239527750383544
0.18188957409496562,0.19816775511794557,0.6655450782922151
0.19678622836854248,0.20323855562688092,0.7222361323902664
0.18121751357912302,0.2074816515713277,0.6324294827295285
0.17348570948764042,0.195907802603489,0.6303256319891019
0.1942640458445229,0.2004337314654857,0.7197593179038574
0.2186738229620728,0.2219929487729734,0.7598161288202503
0.18473070979630776,0.20124521685334681,0.6694852772301659
0.19311362579295738,0.2022114598993583,0.707742409179904
0.18851575781419078,0.20037918173514344,0.6912682076787683
0.202210880037198,0.21364220177566207,0.7124569901082987
0.1949763626407034,0.202495198630763,0.7159496305147387
0.19550874468484802,0.2015886490695228,0.7218102078488842
0.20200049610302867,0.20533766592431751,0.7402465369361527
0.18514912566858607,0.19789020809794824,0.6829500406694823
0.17431818143591588,0.1975547371343104,0.6292847402155504
0.1997738075286207,0.20529979015400757,0.7295370707211462
0.19233849826138133,0.20530730859497548,0.6932948429136673
0.1816736923656589,0.19587419692417266,0.6722360292133465
0.1897941687908125,0.2066203798611179,0.6765749287886155
0.1848417417664147,0.19769697009989423,0.6820627635227823
0.1660353149155295,0.2031605241723379,0.5711508935520296
0.20130339494247523,0.2107767954812567,0.7178370588518123
0.16274800188471408,0.20436847283217058,0.5516897999101058
0.20242377949660734,0.21232305592454867,0.717886142100238
0.16100640889669454,0.20846901560583592,0.5324839692560385
0.20268946932226783,0.20548232954123477,0.7430783448054455
0.19808785339306229,0.2081514081516428,0.7114429573552397
0.19920126988158998,0.2042917526419679,0.7303342790497916
0.18731756083139414,0.1964072601166564,0.6991470720065752
0.18375438445788828,0.2034441115093024,0.6574502622149987
0.2044892368986094,0.20785721067242605,0.743246945337286
0.18978896557621452,0.1991593370638222,0.7018951139178478
0.1669089516883273,0.19471452768744626,0.6004120651746558
0.1899289716992784,0.2030321393484133,0.6891961644513496
0.19231240752113604,0.20887238595398766,0.6813366298812038
0.1667921777977666,0.19921000723669025,0.5862766605846292
0.20695117120602086,0.21763755748571256,0.7211584848645638
0.19509449898025355,0.20304783321848185,0.7145828481908998
0.19070251202330613,0.2063705814269019,0.6817953947236617
0.1931467918193664,0.19943593115516822,0.7177582845289454
0.16793795154820199,0.1943270991300475,0.6069042973222978
0.21021232180400828,0.21756744408852985,0.7363800336727616
0.18717100221831584,0.20535339390530424,0.6679753356380868
0.18654821952833878,0.21011807904141497,0.6498642104063053
0.18117057952756271,0.19594790010133428,0.6694155918982952
0.19074062474684672,0.21019777135427495,0.669562878046111
0.15365094091760428,0.21326932499648726,0.4860096074262508
0.18157701748900051,0.19457961396969087,0.6762117305335795
0.1916600603600306,0.20522766186848937,0.6902581214943961
0.16917911826006243,0.20876247512310736,0.5708838151577884
0.18655631183634067,0.204585270474861,0.6674787071394781
0.18079244497501298,0.19531243878669127,0.6696575281508658
0.17741542968826218,0.2073274390039875,0.6145613446072211
0.17760272820016643,0.19555161357047376,0.6525271045855134
0.18040151501938334,0.19482560584475492,0.6693243141935494
0.18397143332634083,0.20655819013962837,0.6485893066538748
0.2031080750784123,0.20606337804360014,0.7430144867663809
0.17908085986906622,0.20999354975798581,0.6146896417429479
0.18393389384501618,0.21082573012829345,0.6352824855083562
0.2022313263220864,0.20900109461345703,0.7283757369961862
0.18311982535310845,0.20234612178389016,0.6578817729715778
0.1827081253781674,0.2127367341657167,0.6238138697512909
0.17680640460281472,0.211541058944988,0.5994410977955403
0.20344178156032114,0.2081603911025806,0.7371324618846706
0.18413657073455758,0.20228235493721858,0.6631155286687705
0.1949893900405987,0.20723056003032117,0.6996525513388778
0.2091402591324365,0.21348759670158626,0.7454309364627086
0.20135068498037578,0.20730911307210473,0.7300725121897276
0.1818620935878219,0.19719995334446958,0.6686720323786525
0.19004347603316601,0.19717073321565964,0.7102650264022223
0.16940991591683927,0.19621786378765146,0.6085578224726044
0.20065873654680377,0.2072826611720354,0.7268274909967686
0.18719212941511737,0.20275776179212623,0.6766307154039861
0.21013267414930162,0.21459041685017247,0.7462247219600053
0.1850450650096884,0.19791228398322297,0.6823480700224558
0.19900316090411144,0.20522326376655536,0.7260539481216166
0.1944546424193514,0.20174053311613677,0.7160417402892092
0.1956908670458465,0.20370709568233109,0.7151978018136521
0.18805779014118001,0.1994877325540947,0.6920615537285891
0.18420727559924926,0.19633005461413508,0.6835798821684167
0.1775869438096143,0.21603658577009124,0.5905802637771449
0.19201244411937096,0.20236589989273146,0.7017607422725263
0.15608010474005535,0.21898303431744473,0.4844215675004223
0.16941935886809006,0.20897792022022024,0.5714448624153515
0.1916809212922834,0.2068558216579495,0.6849259554636207
0.18517105794893834,0.19706166853204576,0.6859327790932467
0.22251650886019936,0.22745763330201635,0.7584555697505803
0.20424009645637856,0.21661273233995879,0.712054618351378
0.1984106047272606,0.20737434503152613,0.7156652126119961
0.18612478679271777,0.22226218228787759,0.6124514093738481
0.18960379458488544,0.20470026063603963,0.6819912888782453
0.16106179205126078,0.19869939919517748,0.5589437738670138
0.19267273754603248,0.20872878918316312,0.6835316685559589
0.20483059624818306,0.21171991974043652,0.7312991448230362
0.17693144128256033,0.2303474546842733,0.5510433855522278
0.18764476169980682,0.2103969450451497,0.6542146401900903
0.1753050245286244,0.19529122107476451,0.6416316301317668
0.1728124664616563,0.19414850344268905,0.6325697303039447
0.19156397526633745,0.20750708990449068,0.6822127153896049
0.18534232805606848,0.21118868965563428,0.6408597367442291
0.19141915456854877,0.2012359686233035,0.702752870354272
0.20057610866539932,0.21329356008514794,0.7059571259689629
0.184367287106531,0.19586800923560396,0.6860093571733018
0.18700455565410512,0.19740474554647083,0.6940286834282463
0.19547247448019206,0.20528451212240245,0.70863833309282
0.17452174304164905,0.208175885490236,0.5981564231054487
0.19755938355840363,0.21228990675549284,0.6950843109482202
0.19518788436293016,0.20336172147466602,0.7139390997976829
0.16315243028294962,0.19727022618129997,0.5735910201621485
0.17837678273828034,0.21131398147262734,0.6075167475603582
0.18689762521799785,0.19890927521644927,0.6882415365951562
0.1941794261666241,0.20024781843078263,0.7200049783137136
0.17382289703890924,0.19553025537873917,0.6332671984653534
0.17313221514679772,0.19424076539520016,0.6339154136685687
0.17073338221492979,0.19601329653632316,0.6159448585803297
0.18183913920647699,0.20244463907139543,0.6512355170836692
0.18000930846321012,0.21268142150832897,0.6112866255133561
0.19662064458781037,0.20200870673692028,0.7258134906965034
0.18342483779437424,0.20101550066218468,0.6637539759612893
0.20041594052164163,0.2052394091838448,0.7328804010876165
0.2009411199137978,0.21006093162146272,0.7185587474485691
0.1676089490827744,0.20499542021526734,0.5737150076780851
0.20686185335915389,0.21110730679844872,0.7430432216584297
0.1746481847768457,0.1941177344812872,0.6421267232997803
0.16437118806928397,0.20960709645900602,0.5456455912104682
0.2094921726312933,0.21276007642863354,0.7496339318377336
0.19800075698702435,0.22567280071266255,0.6558200922736189
0.1917766143048764,0.1980617569902207,0.7158202394007676
0.16856168833288984,0.19497185705282824,0.6080964202990854
0.17437616944392936,0.2135814824481611,0.5823359217207279
0.1861645990564345,0.19637343981462316,0.6933962107348841
0.20330068932435183,0.20706621950145704,0.7403462027434808
0.1708690320688354,0.1948380470455496,0.6203564134502868
0.19627953302899226,0.20107599499523277,0.7274838203956686
0.19247973373115296,0.19961598271531403,0.713769167143059
0.15685044326693473,0.21459783835727314,0.4979101564343104
0.19374452957540683,0.20178148204195304,0.7123772118272006
0.1635013078096359,0.1984306587742715,0.5719948142628072
0.18095144562815496,0.21321134035477385,0.6141861188539869
0.19189579367421913,0.19810507382871842,0.7162653178530004
0.192585528883777,0.20018666601369028,0.7122628680674763
0.18041997767318074,0.20541169888041577,0.6349199114949493
0.19176809609717552,0.20582178391050465,0.6887905322928259
0.18382997636014953,0.20915347497208525,0.6398649430902891
0.18887468305906133,0.1985665609481439,0.6993860516893816
0.19023825671640454,0.19805116580575377,0.7080910437757714
0.19376444214528382,0.2075031110177678,0.6928302975321357
0.18861688528949913,0.20292927198428432,0.6830797939305384
0.1687174720961378,0.22181377566545396,0.5352123498190255
0.19414836254638396,0.20132941696334267,0.7159826155590069
0.18164130828873182,0.1981049203578624,0.6645029717128237
0.17641586151792718,0.20243486529615543,0.6244767240711475
0.17717885099269381,0.20172983238411768,0.6304414646542219
0.18170652566706827,0.19814663918424605,0.664692200732213
0.1944486145930457,0.2103880416509,0.6865818677695162
0.1772088336347301,0.1981109405781317,0.6421090792033318
0.1778850501770819,0.21208128695215953,0.6030001609992575
0.18638572684961574,0.1969770050287439,0.692394154483736
0.20070254833871992,0.211745699513915,0.7117148007476601
0.19236414602902696,0.20157718895783397,0.706251271609938
0.1865307748001473,0.1976378338627799,0.6908129487744777
0.17843278881527336,0.19695108089846514,0.6521050213554541
0.19046568513830556,0.2014169077076781,0.6973877552631642
0.1716046561909243,0.19560209924606659,0.6216940240398247
0.16252104495561376,0.21532040061277102,0.5225749377922155
0.20394318363684802,0.20872712948624972,0.7375331803573205
0.17145960547014105,0.19408961677551184,0.6257913611660318
0.21996899147736554,0.22735325408155688,0.7475986748638915
0.19563151563409842,0.20423389830913846,0.713062409520595
0.1983069490316723,0.21054058094553707,0.7044102774183783
0.17644200695362644,0.2033231709649464,0.6218770165424259
0.18486240009991406,0.20474351015222353,0.6586894988742062
0.17163989423032297,0.19441207213139192,0.6256807661003354
0.17544058130236764,0.21111639968747883,0.5941773423952882
0.1909815637030385,0.20859171224421627,0.6758732750512122
0.17433727674370378,0.20051219899535996,0.6200983150485575
0.21496876726625735,0.23193106662685867,0.7112836139871969
0.18819429657610598,0.20727150771771646,0.6667307923687857
0.1891504775620704,0.20827653953124894,0.6681044244121063
0.19620578040479492,0.20292688994993302,0.7204850004889319
0.18105466724950517,0.2100891911179595,0.6238049018710412
0.19585016585050377,0.2011284794899252,0.7251591928720844
0.19454311223257553,0.21221737510895625,0.6811087553899132
0.2037346194372816,0.2078653409643287,0.7395875556938742
0.18370771726425758,0.20585531637197835,0.6495227794974658
0.21085701554624517,0.22908448090859512,0.7021733419402916
0.1784851262911878,0.19835632594985195,0.6477490731688141
0.19123412368919554,0.20188907145295895,0.6995629960193447
0.1436530043326352,0.2306233253103884,0.40608643642871195
0.19249619812463456,0.20619924493033875,0.6910607173793226
0.16937142932534444,0.20327662460850213,0.5872363807459231
0.1960677657358467,0.2022394659438372,0.7222515400451579
0.18280949883121808,0.20011748279076988,0.6636576523904972
0.17200973480382037,0.19951431387522894,0.6115337412839565
0.19415859584274386,0.20032712305063732,0.7196159643659658
0.19514393357622709,0.20239003034517225,0.71714962109886
0.17001174527988375,0.20297898889797802,0.5912520597893236
0.17716016197087386,0.2005230152580091,0.6341424788933048
0.19668810364126,0.2290286238706853,0.6404793477870409
0.17656604398118947,0.19645144885501964,0.6442611888018942
0.20228160406168744,0.20898840747609626,0.7286605314656276
0.1798030073458916,0.21170516854675217,0.6131310266864194
0.18155956160893524,0.21045824208998615,0.6251100470215083
0.17795350784228142,0.1972429611492433,0.6487101344289077
0.18433158275084188,0.2198344219483112,0.6110580024743657
0.19278660282875026,0.20353567314114585,0.7015310909637549
0.19783769012875868,0.20359104664895852,0.7261502534719395
0.192357313409101,0.2057009199363035,0.6920596828306981
0.17592962664335798,0.1953183500186157,0.6447403770887666
0.20219085301599218,0.2184635649745449,0.6966418085950637
0.17394812285553718,0.19361213276761202,0.6401877872204895
0.16963193362790324,0.20988144178606827,0.5699976739717837
0.1953209161003968,0.207756787919857,0.699476140131965
0.1633132747869618,0.22120946990112653,0.5122442309436805
0.18208720761243816,0.19697303468442157,0.6705852292120106
0.18538620228144254,0.20165576871813964,0.6713728208324946
0.1820195374228882,0.19543073299802516,0.6755310968629599
0.21181557262241263,0.21499154141562815,0.7526601816840127
0.15876264974621343,0.2118051284787746,0.5135033817517441
0.154418059844721,0.22463192608410112,0.4648406914590911
0.17270803354233846,0.19653479166657423,0.6243578172688907
0.2164293802774212,0.22882677365975018,0.7273160286955335
0.19001024809361636,0.22362494069109248,0.6260940647359254
0.1919083820308096,0.20156244403161921,0.7040417807622353
0.16504841246594332,0.20330564370560839,0.5658889264900894
0.18881406010234236,0.20547572311504828,0.6755740191488157
0.21281022972118188,0.2162036815310215,0.7530409684435526
0.2041453739717327,0.2071497476496513,0.7441253282742881
0.2192460984688646,0.2258324216515552,0.7494322437457644
0.17735315762507572,0.1943783931449739,0.6551816565851095
0.2088315256378869,0.21594576711080526,0.7355158091910543
0.199693448326588,0.2078358492784498,0.7202484501412215
0.17393401243839257,0.19763438842086217,0.6270872869273907
0.18027039782421395,0.19977861069577935,0.6520737999454219
0.18666824270841345,0.19950963715247147,0.6850207571876206
0.19273674996910917,0.20161934830697245,0.7079516483298395
0.18083673301961084,0.20345269400161073,0.6430818410228326
0.17617937299730138,0.19851015463767327,0.6356318306618005
0.1919902540261346,0.20722219006582496,0.6852077665091311
0.18732731371764913,0.2060431708643871,0.6664977690914824
0.1842035327154568,0.19961719734890426,0.672304463231627
0.19829171488766625,0.20856284855061274,0.7110169232833418
0.1861754841066265,0.20776377464778062,0.655434203279581
0.20187367831547012,0.2109088290711183,0.7200916101253325
0.18989121250442165,0.21798255004717135,0.6417541792870541
0.17334758416963292,0.2089158328527606,0.5904175977728104
0.1923450248635271,0.19892468425604592,0.7155724559567864
0.16671749440466965,0.20632742851246907,0.5656906367037673
0.16402453224817162,0.20536761893916425,0.5552215721113704
0.1972680357531908,0.20204825417576913,0.7288755666509099
0.18880795368291045,0.20411969706556463,0.6800321364298536
0.18588917815958378,0.19570041054820156,0.6943734955840264
0.2076306300629156,0.21006734918099548,0.7503813928127401
0.16793543861980756,0.19599788498513207,0.6017179146027717
0.18167539082894582,0.20305863112026057,0.6484599551494151
0.19243294827610036,0.19956785481934666,0.7137068662938423
0.2099322590131324,0.2145500287075209,0.7454310772018372
0.19983591969242592,0.20533695382886197,0.7297075217026285
0.18278719814356068,0.1971405577016992,0.6735661078147398
0.19535470216130696,0.21264947765733508,0.6835413082722573
0.1901824567042078,0.2066709155748708,0.6782882647724268
0.2168581454730213,0.22309488584316312,0.747924565112279
0.18691210047594772,0.19698101707294555,0.6950522568641563
0.17725704648217738,0.22608169462277952,0.562880805960463
0.1733547176676113,0.2112440311970866,0.5839441567583215
0.17800152783528314,0.2052082958222472,0.6237639044873649
0.19306321804079862,0.19951180184470496,0.7170664427769315
0.186271724716136,0.19955727833521655,0.6828702308077514
0.1905658081644866,0.22328269572970144,0.6295418805524046
0.1841770703607215,0.19614685817324345,0.684064336336256
0.15373643869604547,0.23107309462656542,0.4489334375501083
0.1846202941328607,0.2006026587096442,0.6710793117040013
0.18173566954232578,0.1973408418477146,0.6675540060986692
0.17528609902020814,0.20645196986875966,0.6068534928480063
0.16384142072814079,0.21305683266972636,0.5343241955756189
0.202719123784946,0.20935560518228646,0.7294723427728294
0.20649420294585297,0.212032757519883,0.7380661590989214
0.1984455164822413,0.2113531189784988,0.7023578227740412
0.2001841519383118,0.20595338068929286,0.7292143077995107
0.16648421691067022,0.19825404007918376,0.5875502807617226
0.18466475799761695,0.20597502986230326,0.6537916663376232
0.16943087410376287,0.20006208651238672,0.5969690518866421
0.1753808257616809,0.20998529671637722,0.5970933571174281
0.1846730500216283,0.2057930014306601,0.6544102524643192
0.20351602343438252,0.2081314834406042,0.7375915498060263
0.20033213815939122,0.21997202863220539,0.6834147918449555
0.17760609246346284,0.19724126572504677,0.6469543378480699
0.16446099304740694,0.20631482825577607,0.5547880102224424
0.1988412703261611,0.20294729788234986,0.7333986304781726
0.19613447553943142,0.22265547930440166,0.6563255303483677
0.19710361779671093,0.2026948295571793,0.7257393694653355
0.18634380275577925,0.19599479338997444,0.6956501261974519
0.17534645825746925,0.2008397363220086,0.624111844363806
0.18410444744737808,0.21034505142691698,0.6375450553157976
0.21208282783177138,0.21727197876276108,0.745990480478614
0.2113503389885125,0.21438094062247684,0.7526337860073539
0.17382778417464645,0.19430318548227252,0.637291580512683
0.2087334564024278,0.21339381408920718,0.7438521921543183
0.17619452799591054,0.22527496248836548,0.5601799978212312
0.19335175031318486,0.1988676082203248,0.720840118690249
0.18792497692758015,0.19935281607948738,0.6918636999468607
0.19414183472254073,0.20099010326377653,0.7171588669386922
0.1951487643685577,0.2351528950263274,0.6172527212659109
0.17457950159698313,0.20249559523051944,0.6152207975445726
0.18834001206647066,0.20941825907017023,0.6605919306210868
0.18673707173440274,0.19770391446590588,0.6916255153763439
0.181083579897742,0.19652731014519878,0.6669993081414207
0.19666222394127555,0.20158842404964078,0.7275329654105547
0.20352769322542558,0.2073505470022739,0.7404257931556937
0.20525726934476474,0.21050097419631955,0.7375608114761841
0.17770290012149226,0.19903406672475357,0.6416132786860755
0.20045130465702857,0.21603066549027797,0.6964349450832911
0.2126765177315013,0.21841870562363572,0.7447920601260886
0.18067079298709599,0.20485410097974496,0.6378724778373664
0.20073296892775905,0.21215800787519365,0.7104750390399162
0.18055608196585604,0.19891091724553797,0.6563545318364608
0.15024127680261193,0.2154390184259828,0.4652884028853449
0.177160289834355,0.1968896659479103,0.6458454242489137
0.1847054472229684,0.20383522386708913,0.6608546092642121
0.18408373782373,0.21243942326784826,0.6311622191455223
0.19822213002648092,0.20250738300145654,0.7319344501400961
0.1926016676781858,0.20309383726354913,0.7021467002621828
0.18949498037173176,0.19727265722850343,0.7071176630938414
0.19522319318025716,0.2029121178369305,0.7156950246656298
0.1814319153731282,0.19428464177205496,0.676491534144686
0.19459065672139514,0.20143087144575347,0.7178177589344058
0.21156231553106147,0.21443793007113246,0.7534222862413786
0.1726938986315329,0.19392284575690788,0.6326944004593245
0.19024465494534248,0.19837492024097209,0.7069676689723833
0.1786166769967384,0.1944941236707636,0.6612882413581737
0.2034041678841795,0.2080164083351637,0.7374618623210196
0.1870389610000135,0.19809429105827975,0.6917865238211047
0.181790200863942,0.19563403192420736,0.6736568252859003
0.19111001529129934,0.20238121173018508,0.6972485938043864
0.18332505207670238,0.209490492468676,0.6364253122209723
0.19706182313818954,0.20131399117138868,0.7305096992140425
0.1812734031748552,0.20551867312959407,0.6387419750033031
0.1645881641334372,0.19615509749643845,0.584171227747562
0.19208058385983476,0.2042501519591037,0.6956204560782067
0.17488207228769065,0.19733116071990423,0.6328553069474453
0.19317652066716012,0.20645626159897865,0.6934956564566044
0.21054811819641422,0.21357197464130576,0.751728397258371
0.17250396249993868,0.19891418919046258,0.6158633680106136
0.1674970659580582,0.1973714692008413,0.595309273593619
0.19043114993539967,0.19770449843325194,0.7103083189723747
0.2058402518231247,0.22004779596090765,0.7082109190987323
0.18773610842859956,0.2044604072158841,0.6736566277263051
0.1806245973634498,0.21172514521246819,0.6169536321836822
0.1950187135816615,0.2065392810944681,0.7021362368126577
0.20668271382440412,0.21080030244173767,0.7432755646435047
0.20807639994326582,0.21860162499485436,0.7231254568532451
0.19172775059261465,0.20129351573867724,0.7040850276399768
0.1893521865413024,0.2069878402605738,0.6732385166484856
0.1965340797464252,0.21659666073985115,0.6765297269398978
0.19760415561913203,0.20463748040603766,0.7212958023440221
0.1751428086433297,0.20295806209380074,0.6165944203068549
0.17598722296252572,0.19887511893906706,0.6334991709099955
0.18182528533979053,0.19694693059068455,0.669344198177749
0.21832827120678272,0.2304258435759821,0.7305095148812034
0.1886682106866213,0.20279212103891997,0.6837948633123079
0.18909086622855964,0.19856225307099537,0.7004899676416751
0.18861782901172738,0.21136851433216428,0.6558111526198757
0.20253514045725132,0.22159829384336174,0.688340771093986
0.1935713721794173,0.20123246836841369,0.7134602747930754
0.19218548406556854,0.2038190426364015,0.6976064759523829
0.17971554508243076,0.19940468454527147,0.6505140306920977
0.20739369827769388,0.21281600211726714,0.739576426170086
0.19177285801240504,0.20553826053696106,0.6897638310357823
0.1970507113840716,0.20829415571332816,0.7059761752819177
0.18131818264204141,0.194571768475759,0.6749087170804119
0.19212201203582419,0.20109876644010763,0.7067274183312894
0.20204526482366197,0.2088909271615105,0.7278691654525687
0.1699687583247319,0.20278052588188755,0.5916187355910569
0.19480689455744357,0.19980340926883317,0.7247468653680857
0.19508568945268137,0.227137861410052,0.6387560777054168
0.18215284401561327,0.1954728347376652,0.676067568125102
0.18033835060606146,0.2021683033202182,0.6447022033895001
0.18194842365770486,0.20177768518547193,0.6539297124774688
0.2091072516442326,0.218869336613306,0.7269508561874986
0.2030558738537149,0.2106706046800811,0.7265174659091217
0.19351254399077814,0.23328014260022845,0.6151939997598304
0.18410372984359813,0.19657065189429715,0.6822164374553246
0.18552566463952014,0.2025337850304484,0.6691509005233156
0.1720690813876694,0.19504480252294504,0.6258514957008876
0.2037821751421517,0.2083023005922686,0.7382644104501048
0.1790016812072511,0.20193494774046866,0.6388279129031541
0.19084230960390536,0.1992505823166433,0.7068602157462346
0.1642920553244074,0.1976131649773698,0.5783625566520119
0.17662399446324992,0.19825583325059412,0.6386898805807039
0.21285191062182263,0.23070955772033333,0.7058741398968486
0.1914156235755087,0.2000095689609486,0.7070442894815685
0.19478432262809744,0.22846209569624526,0.6337345465857815
0.14867943022408903,0.21198722557257643,0.46549705982309253
0.18587012758028343,0.2006850261202215,0.6770317158535271
0.17620416868315383,0.20084521734376798,0.628365317094616
0.1899238290913196,0.20524313726741641,0.6817466881195124
0.19515979339300923,0.20041932366995788,0.7242804273307112
0.1877379965287737,0.19968703356237213,0.6897693559344269
0.18310332934779178,0.2025347029190976,0.6571877679696199
0.19464341841010918,0.20571821796472836,0.7031142882781009
0.18550585943789272,0.20509689984923943,0.6606918950871467
0.17686988856985925,0.19803969062198204,0.6406285940530394
0.1697743538067617,0.19427994179102956,0.6165039617707566
0.17949690160720844,0.1999637024527078,0.6476020398643847
0.16663502632698876,0.2124823484054891,0.5489163085886513
0.1793240324635665,0.19994903822965351,0.6467849688530637
0.1923040180305739,0.2009127791860892,0.7082875395336065
0.17669635283568175,0.21086877666482048,0.6008303118155219
0.18171938294322107,0.1985542979143668,0.6633922525314937
0.18730872566200624,0.20081157061648455,0.683768994189295
0.1555698040875682,0.20163471537808803,0.5235695841840172
0.18719139402982352,0.21273251840697216,0.644900906815604
0.18731049451898946,0.2091721993882077,0.6564471517754213
0.18508630208139637,0.2037148951002122,0.6631145062561292
0.172238289694625,0.1953407738984118,0.6257694553733866
0.20458629110240445,0.21007230828320833,0.7358718165461362
0.20453242845438058,0.20981067002366843,0.7365327437205553
0.19949245089300024,0.21292851379074493,0.7020781211102316
0.19986954902420495,0.20676242169099546,0.7248393968231985
0.19043980987115633,0.1977622675924718,0.7101446174785996
0.19961020112650973,0.20313408559647722,0.7365095852190368
0.17880801751343142,0.20230050800349936,0.6367162336102651
0.18199897863600858,0.21956850836191097,0.6011744563042571
0.1852150593546913,0.19829443087668203,0.6818903524263908
0.1859270570317506,0.24815382375886758,0.5477532240802048
0.191498253061544,0.20398710731219175,0.6936627266594267
0.1948780017962282,0.205247383160241,0.7058701532049197
0.18131564794187263,0.2034352492376824,0.645491125229978
0.1752899367505056,0.2089774337439655,0.5995381152206513
0.17775780803515528,0.20011297347125587,0.6384284128060611
0.2054863567873319,0.21015993162976448,0.7398477701317958
0.19038570789490308,0.20858980761254273,0.6730228552474178
0.1904194960213017,0.20454801546990622,0.6864867190166443
0.22379236742105263,0.22926083217576745,0.7580552062543819
0.2040557777147461,0.2193398740009788,0.7023610203863737
0.1777353375732269,0.1989828596114787,0.6419414105447817
0.18321694755236903,0.19846240684910213,0.6712452482432025
0.2069085059676654,0.21007220691914327,0.7469265366839292
0.1717032173746002,0.2013054039773774,0.6045700461587069
0.17583532599342688,0.19395642948393,0.648781411001654
0.18406028064986468,0.2122785936971682,0.6315299075379783
0.16260571616456632,0.21010553439981386,0.5359483579822639
0.19438200890565455,0.20323297920828576,0.7104260807872276
0.18924359603966487,0.2117631091403312,0.6575441615158327
0.18284020175420146,0.19804312684934014,0.6707640091708847
0.19346362309964976,0.2007454152645654,0.71465454347028
0.17868456420781387,0.20789731907375156,0.618981354743507
0.18724698026050687,0.20928619881158278,0.6557861007551112
0.20440393418367117,0.21178612330692778,0.729055954057498
0.16633322001097656,0.19638434975607205,0.5923752078792094
0.15829776666688045,0.20050144262565472,0.540134600772311
0.18219265821708114,0.19848845186090552,0.6659967216113792
0.18822230425210879,0.20095296398179455,0.687834115572593
0.18499904563565978,0.20432599399807985,0.6607042158176333
0.1813072767031622,0.1947277221698228,0.6743121895538255
0.18939042200341713,0.20644469180948952,0.6751949918482226
0.16239991065028042,0.21629262359789128,0.5196659450543382
0.14390011555541882,0.2327950871837525,0.40335952399760266
0.183016730189626,0.19592501077564406,0.6789165388483503
0.18376800641862576,0.19744399056157183,0.6774984948296561
0.20634793546721383,0.21415884603775454,0.7300559297917159
0.1691828741172725,0.20529910458069545,0.5805328491845718
0.1639332358274532,0.20433266108308645,0.5575870016253802
0.20297243541475807,0.21608887106575667,0.7079144551049461
0.18685260687500754,0.20020618400990486,0.6835583403769236
0.18728334074768832,0.19652055122594234,0.698569894554447
0.18438449211881391,0.19789007944014117,0.6790865540051655
0.1887806758766375,0.2044517141423632,0.6787943865317859
0.20858678075841952,0.21175553788461018,0.7489144432427388
0.17790751589234854,0.2141362072520901,0.5973184896366941
0.18343077853739476,0.20015728247536577,0.6666296468819048
0.1905700738328659,0.20146704512172986,0.6977323449993077
0.19251156605123176,0.19973898429702616,0.7134889894068295
0.1761267286626809,0.1935363616822966,0.6516952554359097
0.1865691984648537,0.21193209239669092,0.6444007461089272
0.18399220032303432,0.2009248150828323,0.6668773106387846
0.19462735946536977,0.20150993213483567,0.7177182679442109
0.2023584306652207,0.20553285658803766,0.7412850343952656
0.18286118644898836,0.2021711035674217,0.657171989985605
0.1881264014790688,0.19729772684031935,0.7000911956317662
0.19204944171400495,0.1990938960960184,0.7134796420152317
0.17220357377955317,0.22157983941168896,0.551510345453868
0.1850930881689964,0.19964894864433755,0.6766531408570376
0.18346416571776733,0.198057728195732,0.6738649732762277
0.18889339145891526,0.19831149559234032,0.700379930291242
0.1629234480763902,0.20877811432369284,0.5408778043723105
0.17152294298668505,0.19743477751087,0.6155093065100674
0.195878849194501,0.20941341564022406,0.6966069902852997
0.18031884237731535,0.20002707548207102,0.651506012689748
0.1929381823791466,0.19909184851265346,0.71795095302489
0.19611821141997432,0.2066807042774634,0.7069755830898199
0.17151714672397017,0.1957684178070512,0.6207188477343527
0.18981231466725945,0.2021040664540013,0.6917837781313549
0.176436186630543,0.19553793600399805,0.6466069409056145
0.21021969448624267,0.21381015055482627,0.7493549491007834
0.16039216632353095,0.20033658123497627,0.551033493948123
0.20297273048622314,0.20901815750746694,0.7318633572815718
0.20265791654284077,0.2060099534498754,0.741022042801365
0.1790113168633302,0.1966510172810434,0.6560419500853836
0.1856387612267673,0.20019962760260862,0.6775175501125654
0.21231755994430046,0.219055652086863,0.7409877736454663
0.167522370641236,0.21096431619376038,0.5570722706170719
0.16562149497395642,0.22371224682068436,0.516831316198046
0.17477177897510476,0.1936057748904516,0.6444631057400259
0.1759862650300223,0.19726477655023855,0.6386657934237776
0.17307002512600433,0.1936953762226839,0.6353792616325317
0.1606746540135558,0.19854462346398008,0.5574296200150409
0.198540889696251,0.204039046915175,0.7280022718298808
0.18839691236632927,0.20005578256218512,0.6917916122884883
0.18934891270435109,0.2010786001690625,0.693007175239879
0.19733600968702644,0.2063934640908296,0.7138598614837282
0.1668801886457174,0.19501664419236583,0.5993344267088605
0.20763549598216008,0.22347155198403112,0.705394018087029
0.190851989266582,0.19829930572645513,0.7102999617198907
0.18640427605661408,0.20013870425948485,0.6815487117362493
0.19105045652367952,0.20018795379937457,0.7045901306581026
0.17752535354660912,0.21400456424069553,0.5959001575460727
0.19680516392956243,0.20403483253554874,0.7195103017715603
0.19614783230765254,0.20619917546905797,0.7087702071320034
0.19415539715424635,0.19975896130478948,0.7216467096777502
0.19421705028187042,0.20579659166431055,0.7007747267122534
0.1801022310851338,0.2035029856520146,0.6393136231799842
0.20130445895132323,0.21963870241767602,0.6888788600817494
0.18168389116632674,0.19537979019603788,0.6739893160607824
0.20296494192076783,0.20854902545503914,0.7334723410335253
0.19686274987619556,0.20278894808118003,0.7242147625195225
0.1872697343972668,0.19643211544160183,0.6988151305537221
0.2183162221860248,0.223724096701006,0.7523383697508879
0.198883741727439,0.20912477238284424,0.7119373760985039
0.18197092883932547,0.1956669007431808,0.6744673132659348
0.19350808648524676,0.1994016045996229,0.7196937395433486
0.18714053955558288,0.20394531999025564,0.6724377865701225
0.20520477574790924,0.21331784507350282,0.7275752091646642
0.21250473490962657,0.21993774095129243,0.7388669821138838
0.2030548460034607,0.20779183529162554,0.7365777668244559
0.19325822560933414,0.20058523384824165,0.7142012543042933
0.18295091753693668,0.2029671359435766,0.6550366733947316
0.19589901166183077,0.20474377591734264,0.7125931472550934
0.18844151254704175,0.2117512172220836,0.6537932313363988
0.19978751000762102,0.2274338729378452,0.6585980710470338
0.2101234074045115,0.21711266997362383,0.7375129577834598
0.19292481180791132,0.19952798326626447,0.7163146214793451
0.18336527198779956,0.21158195492470358,0.6303244151197145
0.17861953154740823,0.1969813879511517,0.652952712361352
0.17984288529741516,0.19843077431915507,0.654348529067253
0.16924468822682637,0.19764540917395707,0.6033263748710372
0.1880380981166357,0.19633037402242934,0.7030908936223278
0.16959710018799584,0.1994259346485527,0.5997068555740315
0.16814361787356044,0.19626567514445706,0.6019576158011503
0.21060033193035602,0.21313306934680365,0.7535214146849827
0.20097939897419098,0.20579335113355884,0.7336456602828054
0.2005425043975923,0.2051820629541158,0.7337020703961712
0.18436996466747918,0.20098724393284684,0.668549715087264
0.18620235007842958,0.20222285451250827,0.6735259988628285
0.21717500171140058,0.22109043020631503,0.7561385698847203
0.1813804613840839,0.19873748109075481,0.6610754079351951
0.16214726946525976,0.19731719529629735,0.5683603463796254
0.19323131925527465,0.20825394590823343,0.6877724147344088
0.16441116832015457,0.19683152250271085,0.5812644583825685
0.18177251175979164,0.19879556884186042,0.6628543710881964
0.20153812940671129,0.21141419395009015,0.7167831382337831
0.18333754405993502,0.1992923189903755,0.6690551082722579
0.1887047986069776,0.19923031705457503,0.6962032719597705
0.1964504489784452,0.21063209860896287,0.6952902712626414
0.1900503798046523,0.20711745030991405,0.6761882187864522
0.17798403457029494,0.19866285801865943,0.6442272896238814
0.1846630815522909,0.2033702944212264,0.6621570860952429
0.1959500828165876,0.2036785158980565,0.7165708281654868
0.20157495484655893,0.2051962454341471,0.7386828863552639
0.19148489198496094,0.20026662576532425,0.706482627568486
0.19008078426187675,0.2178917983721301,0.6428914961848976
0.1739857428203333,0.19571357350766064,0.6335061007686329
0.2143360027386541,0.2210953876285625,0.743281008714377
0.1662120179825078,0.20686740945042262,0.5617705480589918
0.17459883258907943,0.1952608859830305,0.638114653438108
0.17467289645667056,0.22079743497832957,0.5646483006874908
0.1884647550383854,0.20405364084440025,0.6785703723070091
0.16253020419850522,0.2131347111006259,0.5279769007000322
0.1659753342706835,0.203001925310158,0.5713016469843314
0.19651910411030724,0.20758349695952708,0.7058321410727285
0.18697563686482513,0.1987983207605385,0.6890180779233966
0.18791360940882756,0.2012343215273432,0.6853384072959355
0.19275818310240897,0.20440330057308911,0.6984142756117702
0.1810212373055862,0.20687898380747996,0.6333230901187796
0.1666048647103493,0.19699821579426163,0.5919082273929198
0.1764157051804304,0.1937853300736519,0.652349200697409
0.1796502547310592,0.19631633236633794,0.6604150208405691
0.1882998267287096,0.19929179507535397,0.6939564505222969
0.20878638276420586,0.21388364810660648,0.7423960838982026
0.16072307186438453,0.20058451316821246,0.5520020968494755
0.17768540178689216,0.20041266334819904,0.6371124441625238
0.19560458626243432,0.21455882642134164,0.6786231482106551
0.18758473195515532,0.1962516810343412,0.7010626927118141
0.1985845733160989,0.20479768077949548,0.7255188279015674
0.180189797023651,0.21569504988763602,0.6035826834759165
0.19685184257722388,0.20581009698562183,0.7135307972158584
0.18639750837896146,0.19583324052403508,0.6964982452109354
0.20715863250528985,0.2200193978649192,0.7142944396283517
0.18468684618566833,0.20111275800791495,0.6697081155854251
0.18118957839970845,0.1972455589455911,0.6651078944489506
0.2011156643673151,0.21802507521287112,0.6931113965665266
0.18742584230633874,0.2038208454472575,0.6742482203170935
0.1908527030640643,0.19947933062239184,0.7061017430958502
0.20257128185185364,0.2128799776485298,0.7167009482862341
0.17639462435719838,0.19439167518906358,0.6502059526688482
0.18874727875446543,0.20962826106628243,0.661872965261086
0.1768111496324463,0.19702089396211322,0.6436431541967921
0.18639681509113654,0.19599073170346779,0.6959350266496463
0.18006394757635844,0.19663945237027344,0.6614336340372181
0.18783598804072685,0.19672449928750332,0.7006549186295613
0.19859069236067092,0.2099168866792214,0.7078548787155728
0.16949875835815664,0.20730740907955256,0.5764326460338904
0.17027084233857803,0.1997606499172818,0.6020747448928534
0.1832974416403086,0.19983612300040568,0.6670337656622671
0.1810866669098494,0.2004508515699124,0.6539591420200553
0.19322988595303014,0.20327735578873157,0.7046032520311342
0.18264714623017983,0.2104652966495931,0.6302566187480594
0.1832328600745226,0.20606364236642283,0.6465617056191196
0.20239608052476304,0.21641370818158276,0.7041886662599697
0.17626061956751618,0.19572537292578393,0.6450907088852106
0.17994295138585223,0.19682252743077014,0.6602036518993387
0.2071736128539317,0.2113007656420008,0.7438383499292438
0.18381271007194164,0.20721076036291597,0.6457807009519075
0.17080350741370315,0.21079858951978395,0.5730755015434553
0.19193961891929961,0.2033821491323809,0.6978961503003467
0.18864093062617732,0.19930929093982977,0.6956069632901969
0.193602791761138,0.2026325323937162,0.7086857676047641
0.17875305633090663,0.20250251230564054,0.6358096739885252
0.18813354170905666,0.19914638515738436,0.6936281650299123
0.19578052748168612,0.20098635777938037,0.7253254852337151
0.1886526329820044,0.19997036535300852,0.6933659031789052
0.2074536575660521,0.21266892615518693,0.740369834054442
0.18592672841007016,0.2060908271804602,0.659547687151782
0.1942994060802415,0.24694326128521038,0.5843423518796935
0.20785455799796818,0.2156535780570622,0.7319820956376604
0.19768899918631805,0.2044785819025097,0.7222712413798551
0.19952671762764052,0.20865550126975732,0.7166200589857779
0.19074053496443905,0.1975934307525142,0.7122733505281185
0.16251514804630707,0.19942741596107286,0.5641909739645296
0.18749098858581423,0.19757266066092624,0.6959008808499874
0.1875066256637594,0.20728038750675715,0.6633846420191432
0.18011757404133572,0.20818319947050204,0.6250147676290871
0.19202322371162797,0.20050083162505655,0.7083423173885696
0.17276375610329922,0.19783002555316714,0.6205516870355267
0.19415383908457612,0.20248897325333984,0.7119095759561241
0.18027276068087714,0.19462805384983403,0.6693421534255772
0.19084320102525443,0.19764108065333974,0.7126210834289651
0.20687780799204475,0.21267904475860366,0.7376270105505938
0.19942381736730933,0.2031582598876268,0.7355045148051588
0.19093988781004362,0.2003337118800539,0.7035255648556484
0.2046173455777005,0.21097880991068266,0.7328572269563819
0.16362573562019495,0.20671328913605314,0.549677943276349
0.19705629481643805,0.2069201860388875,0.7106909075985514
0.18427271287664518,0.20277278498168147,0.6621831075051584
0.18891022922255424,0.20591184374305985,0.6746101957879057
0.18685293276146586,0.19683768800634305,0.6952577737910426
0.18826212658518013,0.20116821563926002,0.6872960827624742
0.19623861834428072,0.20323313053827144,0.7195609198016171
0.1835983081833685,0.20239458894528783,0.6600883397109166
0.19841987758368562,0.204746694714125,0.7248951090073275
0.21172957767622774,0.21701820241409608,0.74523508109992
0.1994108146145133,0.20884005515952367,0.7154317906130842
0.1682217545627984,0.21066548397990512,0.5611823651855341
0.2070760031674869,0.22422846239137986,0.7005176840276341
0.18603977542654654,0.19898146378988274,0.68368064459612
0.18440500800608012,0.19653837327350318,0.6838614046074446
0.2023513353780519,0.20767367452602178,0.7336092825716438
0.22238912461446747,0.2405159430913653,0.7167471827386581
0.18112386559246552,0.20590365647824832,0.636821452494786
0.16834356722273747,0.1964307897064684,0.6024695385055536
0.17851447196542036,0.19664259763028977,0.65354340063714
0.20317579974409594,0.21264371606221755,0.7203401190528393
0.16671741221388497,0.19862062838368008,0.5876399302715891
0.19191194911311793,0.1997564296244177,0.710424937910339
0.19257675833996268,0.2235198001696626,0.6378708205346456
0.17444534486740193,0.19461992546038745,0.6394275641253973
0.17856749067567998,0.2036344280192173,0.6313642144222629
0.19475404296101692,0.20865586645579437,0.6937453780705675
0.19064662569171542,0.20587682952618447,0.683159081162299
0.20409238896330797,0.2159800040931328,0.7134567369341364
0.18178286613702171,0.1970377506789791,0.6688203944823093
0.19098486912145798,0.20397142305866145,0.6911991248936437
0.1593533643062257,0.21439826097942685,0.5100478138519929
0.20410559606661904,0.2180580659982461,0.7067181640868931
0.19891354797769362,0.2129854086114509,0.6991725346282124
0.1972011704593254,0.20435895308084065,0.7203069317011784
0.17674045858883342,0.195523452094845,0.6482110316227122
0.158370401641634,0.22210201964670515,0.48793073477682647
0.1797515425448103,0.19798961888144706,0.6553451806102187
0.1940146227889085,0.20540512390261584,0.7011247823456777
0.18032075204291248,0.19842314880702164,0.6567819975967482
0.19488412452099108,0.2043266223250902,0.7090809943036978
0.21779500399101384,0.23163260616272202,0.7244014854848965
0.187298526019377,0.20281078416852927,0.6769784288457082
0.16263183382304586,0.20855415638060412,0.5400603650281448
0.1975944756405787,0.20688983500561883,0.7133964587316252
0.1887520803549029,0.1974718621834682,0.7026422844283018
0.2006781110950791,0.22376229341194404,0.6733847280412089
0.19505714434278665,0.20319546568885616,0.7138798292128524
0.17704794934337587,0.19364036966705125,0.6561025965909093
0.16192549574842893,0.20111754635163723,0.5565178065206531
0.20425574287878168,0.20909725034989943,0.737722483775626
0.19590910706795756,0.20910305831406759,0.6977856194183718
0.18128401498499874,0.19487194457690646,0.6736937698755674
0.18341665038157165,0.1951181397252191,0.6837736899780799
0.1790312604208134,0.1970912939462616,0.6546776259736503
0.21553398121917167,0.21895363430012516,0.7560229897452634
0.16308947017129594,0.20801048888563553,0.5436719598956026
0.20701655001894637,0.21008666548896626,0.7473894149992727
0.21903993710594977,0.22945077191501334,0.736715486703879
0.17535232482626617,0.2003415894329137,0.6256929735911955
0.16555076082284076,0.19882135930350572,0.5811788090959064
0.19534387989425728,0.21000779323598917,0.6920880299472125
0.1875183216865123,0.2029804850356846,0.67749528562973
0.1980393493103481,0.20944951005830137,0.7068020797429442
0.20575146009389178,0.21126843582570679,0.7372206808137888
0.18222038594004092,0.1954728866773934,0.6764129193950883
0.20073906330485713,0.21374323928170694,0.7052342979895975
0.18219222151078893,0.20130696126709982,0.6566698969510175
0.19875203414544554,0.20255243706816597,0.734387777794968
0.17290309105085133,0.2039401547080123,0.6026429234930004
0.1688509487465362,0.1999793905062513,0.5943159864907226
0.1828905797043655,0.20341554835937226,0.6532960768052452
0.1907779568047667,0.19852572949477926,0.7091169349334581
0.17321095262402644,0.2002771094680317,0.6152023711111799
0.18958253820834767,0.20520175488805012,0.6802209770793545
0.1814865433217128,0.19518797384615882,0.6736405974752647
0.18630566035352414,0.21441518275269156,0.6357089950609531
0.19847069733507328,0.21181162810273407,0.7009563104017178
0.20077321928948044,0.21385133813607166,0.7050375302938008
0.17865147269531353,0.19921320657207278,0.6457979112382244
0.18312894225951729,0.19605618771932762,0.6790346369995909
0.19908782849984985,0.21060308398000208,0.7079090471154096
0.17691860068197932,0.2087724710451832,0.6079278558450897
0.1967682892335158,0.20146611583429308,0.728501111096188
0.19308882916096018,0.20046713762434168,0.7137769853785034
0.1839561529811053,0.19721662589475233,0.6792335705641422
0.1743076141862589,0.19456927995057996,0.6388861294950193
0.16903739504372964,0.2099569139048733,0.566961062771492
0.18368269454940592,0.1971061643274556,0.6782268581276673
0.18693571394251926,0.20115100768230695,0.68076076535889
0.1902483867362383,0.20763715227017782,0.6754493846734464
0.1790032382586432,0.20045861836112655,0.6435404938601523
0.19045790150805547,0.20323324417471345,0.6911167613272369
0.1734833796196864,0.20849508594413335,0.5922603837904075
0.19245663843974642,0.20439814024982986,0.696956627225795
0.18543351198955224,0.2018142372654191,0.6710800676140344
0.17204871706934816,0.1958815484448168,0.6230740875715068
0.19310117310452718,0.20215405648388554,0.7078817788449094
0.19601116938132862,0.20166239337792338,0.7240376697686904
0.17889963017295357,0.21467897381334405,0.600429692220475
0.1985102504161167,0.2049777162121478,0.7245190021651504
